sum_conso,mean_conso,min_conso,max_conso,first_conso,last_conso,median_conso,airTemperature,dewTemperature,precipDepth6HR,seaLvlPressure,windDirection,windSpeed,month,day_of_week
2287.2015,95.3000625,89.3438,178.6877,89.3438,107.2126,89.3438,23.291666666666668,19.625,0.0,1018.6636363636364,150.41666666666666,2.5208333333333335,1,4
2287.2018,95.300075,71.4751,125.0814,89.3438,89.3438,89.3438,18.3625,14.15,0.0,1018.8333333333334,157.5,4.133333333333334,1,5
2519.4959,104.97899583333331,89.3438,196.5565,107.2126,89.3438,107.2126,13.641666666666666,11.825,7.333333333333333,1016.7478260869566,314.1666666666667,4.829166666666667,1,6
2448.0209,102.00087083333334,71.4751,125.0814,107.2126,107.2126,107.2126,12.920833333333334,3.504166666666667,10.0,1016.5,283.3333333333333,4.541666666666667,1,0
2501.6272,104.23446666666666,89.3438,125.0814,107.2126,89.3438,107.2126,14.6875,7.991666666666667,,1023.5041666666666,115.41666666666669,6.2625,1,1
2519.496,104.979,89.3438,142.9502,89.3438,107.2126,107.2126,15.454166666666666,13.170833333333334,1.3333333333333333,1021.2,281.6666666666667,5.570833333333333,1,2
2501.6271,104.2344625,89.3438,196.5565,107.2126,89.3438,107.2126,16.933333333333334,14.325,-1.0,1016.3086956521738,229.0909090909091,3.3666666666666667,1,3
2376.5456,99.02273333333332,89.3438,125.0814,89.3438,89.3438,89.3438,17.5625,16.304166666666667,27.666666666666668,1013.3130434782609,73.75,2.1083333333333334,1,4
2894.7402,120.614175,71.4751,214.4252,107.2126,89.3438,107.2126,17.662499999999998,16.4375,40.0,1011.675,107.08333333333331,1.9875,1,5
3877.5228,161.56345000000002,89.3438,393.1129,125.0814,214.4252,125.0814,18.075,14.629166666666668,20.0,1013.6583333333332,260.4166666666667,4.5375,1,6
6575.707,298.89577272727274,89.3438,679.0133,268.0315,107.2126,223.3596,10.5875,3.475,,1021.3708333333334,257.39130434782606,3.579166666666666,1,0
5432.1057,258.6717,89.3438,643.2757,142.9502,232.294,232.294,11.183333333333332,0.5166666666666666,,1022.175,330.0,3.2083333333333335,1,1
6254.0693,297.8128238095238,89.3438,732.6196,107.2126,268.0315,214.4252,11.695833333333333,1.3375,,1022.9666666666668,266.25,3.3041666666666667,1,2
6146.8569,292.7074714285714,89.3438,661.1445,357.3754,142.9502,250.1628,14.2375,7.520833333333333,,1020.3333333333334,100.0,3.2875,1,3
4002.6044,166.77518333333333,89.3438,375.2442,89.3438,107.2126,125.0814,18.829166666666666,15.1125,125.0,1009.5739130434785,202.91666666666663,4.908333333333333,1,4
3305.7222,137.738425,89.3438,250.1628,142.9502,160.8189,125.0814,18.576190476190476,12.50952380952381,0.0,1011.1666666666666,203.75,3.295833333333333,1,5
3806.0478,158.58532499999998,89.3438,268.0315,107.2126,125.0814,151.88455,15.929166666666667,11.4375,103.0,1008.8625,240.41666666666663,5.816666666666666,1,6
4324.242,180.17675,89.3438,303.7691,285.9003,214.4252,178.6877,10.904166666666669,0.8125,,1022.2041666666668,332.60869565217394,4.0,1,0
6897.3452,299.8845739130435,89.3438,661.1445,232.294,125.0814,321.6379,8.645833333333334,-2.504166666666667,,1027.9125,264.1666666666667,4.7875000000000005,1,1
6432.7571,292.39805,89.3438,661.1445,142.9502,107.2126,214.4252,10.408333333333331,1.5708333333333335,,1025.6791666666666,190.41666666666663,1.9375,1,2
6843.7388,325.8923238095238,107.2126,679.0133,232.294,285.9003,250.1628,13.958333333333334,8.845833333333333,,1021.7916666666666,77.91666666666667,1.9708333333333332,1,3
4199.1606,174.965025,89.3438,357.3754,142.9502,268.0315,160.8189,16.808333333333334,12.8125,6.5,1010.1416666666668,191.25,5.616666666666667,1,4
3698.8353,154.11813750000002,89.3438,250.1628,160.8189,125.0814,142.9502,9.025,3.2458333333333336,5.0,1011.2583333333332,282.9166666666667,8.05,1,5
4306.3736,179.43223333333333,89.3438,428.8505,142.9502,178.6877,142.9502,6.483333333333333,-1.945833333333333,,1021.6375,262.60869565217394,3.6375,1,6
7737.1773,351.6898772727273,89.3438,732.6196,178.6877,357.3754,357.3754,11.525,6.370833333333334,,1024.5916666666667,73.47826086956522,1.5666666666666669,1,0
8291.1092,345.46288333333337,89.3438,714.7508,321.6379,160.8189,312.70349999999996,16.849999999999998,13.291666666666666,0.0,1022.3166666666666,100.43478260869566,2.2333333333333334,1,1
7522.7521,313.44800416666664,89.3438,714.7508,125.0814,268.0315,259.09715,18.4875,17.583333333333332,98.75,1015.4260869565215,121.66666666666669,2.5749999999999997,1,2
7308.3268,348.0155619047619,89.3438,661.1445,178.6877,268.0315,268.0315,17.754166666666666,16.8875,67.5,1010.7761904761904,153.91304347826087,1.825,1,3
4074.0792,169.7533,89.3438,285.9003,268.0315,125.0814,151.88455,14.35,5.995833333333334,8.0,1016.7782608695652,285.4166666666667,4.933333333333334,1,4
3162.7719,131.7821625,89.3438,303.7691,303.7691,125.0814,116.147,14.108333333333334,6.0625,,1021.125,119.0909090909091,1.5041666666666669,1,5
3305.7219,137.7384125,89.3438,446.7192,89.3438,446.7192,107.2126,16.695833333333333,11.7375,,1020.0833333333334,64.58333333333333,1.1416666666666668,1,6
6093.2505,276.96593181818184,89.3438,553.9319,232.294,285.9003,294.8347,21.233333333333334,15.904166666666669,,1017.0833333333334,98.69565217391305,1.7791666666666668,2,0
7665.702,333.2913913043478,89.3438,625.4069,268.0315,125.0814,285.9003,21.475,18.575,,1018.2409090909092,99.58333333333331,3.3874999999999997,2,1
7147.5078,310.7612086956522,89.3438,732.6196,160.8189,196.5565,250.1628,23.4,19.166666666666668,,1017.9416666666666,145.41666666666666,5.075,2,2
7379.8019,320.860952173913,89.3438,696.882,446.7192,125.0814,303.7691,22.11666666666667,18.6875,-1.0,1016.6625,196.66666666666663,5.2749999999999995,2,3
4770.9612,198.79005,89.3438,410.9817,321.6379,178.6877,169.75330000000002,11.654166666666669,2.408333333333333,30.0,1023.3875,257.5,6.741666666666667,2,4
4449.3234999999995,185.38847916666663,89.3438,375.2442,375.2442,107.2126,169.75335,13.3125,10.316666666666666,39.5,1020.5260869565216,258.75,3.7625,2,5
4485.0611,186.87754583333333,89.3438,357.3754,250.1628,214.4252,169.75330000000002,9.95,3.2708333333333335,30.0,1016.375,291.6666666666667,6.220833333333334,2,6
6700.7887,291.3386391304348,107.2126,661.1445,285.9003,142.9502,178.6877,11.645833333333334,4.1875,,1015.9291666666668,233.33333333333337,4.566666666666667,2,0
7844.3898,341.0604260869565,107.2126,732.6196,268.0315,375.2442,357.3754,12.683333333333332,0.9291666666666668,-1.0,1015.55,274.5833333333333,7.308333333333334,2,1
6825.8701,296.77696086956524,89.3438,696.882,214.4252,375.2442,250.1628,9.933333333333334,-3.1374999999999997,,1022.2833333333332,284.5833333333333,5.304166666666666,2,2
6575.7074,298.8957909090909,89.3438,732.6196,268.0315,250.1628,259.09715,10.6375,-0.1791666666666667,,1025.4875,243.04347826086956,2.3625000000000003,2,3
4413.5859,183.8994125,89.3438,464.588,268.0315,196.5565,142.95015,14.725,7.933333333333334,,1024.0375,197.91666666666663,3.4499999999999997,2,4
3502.2786,145.928275,89.3438,232.294,232.294,196.5565,151.88455,15.558333333333335,7.645833333333333,,1023.2708333333334,238.2608695652174,3.8125,2,5
3859.6542,160.818925,89.3438,321.6379,232.294,142.9502,134.0158,14.354166666666666,6.5249999999999995,,1024.3041666666666,157.08333333333334,4.129166666666666,2,6
5753.7436,273.98779047619047,89.3438,661.1445,107.2126,232.294,214.4252,17.804166666666667,12.779166666666669,-1.0,1018.8565217391304,120.43478260869566,4.220833333333333,2,0
8201.765300000001,341.74022083333335,89.3438,732.6196,357.3754,268.0315,312.70349999999996,19.458333333333332,12.345833333333331,61.5,1012.5541666666668,239.16666666666663,4.008333333333334,2,1
6450.6259,293.2102681818182,89.3438,625.4069,285.9003,339.5066,259.09715,16.2,8.654166666666667,,1019.325,271.6666666666667,2.8333333333333335,2,2
5181.9431,246.7591952380953,89.3438,732.6196,339.5066,303.7691,214.4252,16.045833333333334,8.195833333333335,,1025.6833333333334,162.5,5.05,2,3
4663.7488,194.32286666666667,89.3438,482.4568,142.9502,125.0814,169.75330000000002,16.575,9.5125,,1027.8333333333333,176.25,3.9291666666666663,2,4
3538.0163,147.41734583333334,71.4751,285.9003,71.4751,178.6877,125.0814,17.304166666666667,10.620833333333334,,1025.2875,142.08333333333334,2.5875,2,5
3859.6539,160.8189125,89.3438,375.2442,107.2126,285.9003,116.147,18.383333333333333,11.608333333333334,,1021.2125,96.52173913043478,1.675,2,6
5950.3002,270.4681909090909,89.3438,589.6694,250.1628,196.5565,223.35965,20.0375,13.683333333333332,,1016.3375,108.69565217391305,2.65,2,0
6629.3134,301.3324272727273,89.3438,696.882,178.6877,303.7691,303.7691,20.845833333333335,17.587500000000002,3.75,1012.775,144.58333333333334,3.9416666666666664,2,1
6325.5444,275.0236695652174,89.3438,732.6196,125.0814,196.5565,196.5565,20.925,17.554166666666667,60.0,1010.9791666666666,201.66666666666663,6.566666666666666,2,2
6933.0824999999995,301.4383695652174,89.3438,679.0133,196.5565,89.3438,232.294,14.325,4.154166666666667,,1019.0708333333332,283.3333333333333,6.645833333333333,2,3
3609.4913,150.39547083333335,89.3438,303.7691,89.3438,142.9502,125.0814,12.5,2.0875,,1022.8291666666668,295.2173913043478,3.454166666666667,2,4
4074.0793,169.75330416666665,89.3438,357.3754,214.4252,250.1628,142.9502,12.245833333333332,1.1,,1023.8125,253.75,3.204166666666667,2,5
3734.5727,155.60719583333335,89.3438,321.6379,89.3438,178.6877,134.0158,14.808333333333335,5.1875,,1024.0458333333331,162.6086956521739,2.466666666666667,2,6
6414.8881,278.9081782608696,89.3438,661.1445,160.8189,357.3754,250.1628,17.912499999999998,9.316666666666666,,1021.6333333333332,79.5,1.2666666666666668,2,0
6325.5443000000005,263.56434583333333,89.3438,643.2757,428.8505,357.3754,214.4252,19.520833333333332,11.745833333333332,,1019.9833333333332,132.91666666666666,2.2083333333333335,3,1
6414.8883,291.5858318181818,89.3438,679.0133,232.294,125.0814,205.49085,20.25,13.070833333333333,,1018.025,251.25,3.95,3,2
6539.9699,297.2713590909091,89.3438,625.4069,357.3754,285.9003,268.03155000000004,19.741666666666667,7.870833333333334,,1016.8666666666668,230.83333333333337,2.8791666666666664,3,3
3341.4596,139.22748333333334,71.4751,268.0315,142.9502,89.3438,107.2126,19.358333333333334,11.333333333333334,20.0,1015.5041666666666,199.58333333333337,4.179166666666666,3,4
2573.1023,107.21259583333334,71.4751,250.1628,107.2126,89.3438,89.3438,16.804166666666667,10.291666666666666,,1019.1625,233.4782608695652,3.029166666666667,3,5
2590.9708,107.95711666666666,89.3438,214.4252,89.3438,160.8189,98.2782,17.1375,6.925,,1021.3416666666668,195.2173913043478,4.591666666666667,3,6
2590.9709000000003,107.95712083333336,71.4751,232.294,232.294,89.3438,89.3438,18.333333333333332,9.6,,1024.3083333333334,121.25,4.004166666666666,3,0
2287.2016,95.30006666666668,89.3438,107.2126,107.2126,89.3438,89.3438,20.154166666666665,11.904166666666669,,1024.0,107.5,3.904166666666667,3,1
2537.3645,105.72352083333334,89.3438,178.6877,89.3438,89.3438,89.3438,21.1625,14.908333333333331,,1022.975,113.75,4.933333333333334,3,2
2412.2829,100.5117875,89.3438,214.4252,89.3438,89.3438,89.3438,22.858333333333334,15.933333333333332,,1023.0083333333332,134.16666666666666,4.833333333333333,3,3
2394.4144,99.76726666666669,71.4751,196.5565,89.3438,89.3438,89.3438,22.083333333333332,16.483333333333334,,1022.8625,112.91666666666669,3.375,3,4
2680.3146,111.679775,89.3438,285.9003,89.3438,107.2126,89.3438,22.583333333333332,16.808333333333334,,1020.275,115.0,3.8791666666666664,3,5
2894.7401,120.61417083333332,89.3438,250.1628,89.3438,250.1628,107.2126,23.891666666666666,18.141666666666666,-1.0,1016.4166666666666,196.25,4.1000000000000005,3,6
6629.3135,288.2310217391304,89.3438,679.0133,160.8189,268.0315,232.294,24.945833333333336,18.816666666666663,0.0,1015.1541666666668,215.41666666666663,5.3625,3,0
7969.4712,332.0613,89.3438,732.6196,446.7192,357.3754,312.70349999999996,25.195833333333336,17.208333333333332,,1015.4416666666666,260.4347826086956,3.8375,3,1
6057.5125,275.3414772727273,89.3438,589.6694,232.294,446.7192,232.294,24.566666666666663,17.545833333333334,,1016.5318181818184,271.3636363636364,3.266666666666667,3,2
6718.6575,292.11554347826086,89.3438,607.5382,250.1628,107.2126,250.1628,23.15416666666667,16.95,,1015.7708333333334,183.33333333333337,3.2416666666666667,3,3
4199.1607,174.96502916666668,71.4751,428.8505,178.6877,89.3438,142.9502,23.254166666666663,14.841666666666669,,1014.1375,214.0909090909091,2.2708333333333335,3,4
3698.835,154.118125,89.3438,410.9817,89.3438,142.9502,125.0814,21.258333333333333,17.6125,15.0,1012.0875,220.0,3.2583333333333333,3,5
3859.6539,160.8189125,89.3438,410.9817,89.3438,321.6379,107.2126,21.958333333333332,16.445833333333333,5.333333333333333,1011.7916666666666,245.41666666666663,3.654166666666667,3,6
7737.1771,322.3823791666667,89.3438,714.7508,357.3754,428.8505,294.8347,14.275,-0.8083333333333332,,1020.9208333333332,273.75,5.816666666666666,3,0
6790.1323999999995,295.2231478260869,89.3438,714.7508,321.6379,107.2126,268.0315,15.670833333333334,5.55,,1026.5208333333333,111.7391304347826,2.4666666666666663,3,1
8040.9462,335.039425,89.3438,714.7508,125.0814,428.8505,312.70345,18.933333333333337,10.5125,,1023.8,76.95652173913044,2.5208333333333335,3,2
7076.0326000000005,307.65359130434786,89.3438,732.6196,393.1129,285.9003,250.1628,20.683333333333337,16.0625,110.0,1018.0333333333332,90.83333333333331,2.9333333333333336,3,3
3502.2785,145.92827083333333,71.4751,375.2442,107.2126,89.3438,107.2126,20.4875,17.129166666666666,313.3333333333333,1015.5375,161.66666666666666,2.9250000000000003,3,4
2590.971,107.957125,89.3438,178.6877,89.3438,125.0814,98.2782,23.554166666666664,19.8875,100.0,1018.8136363636364,91.7391304347826,2.5208333333333335,3,5
2644.5771,110.1907125,89.3438,250.1628,89.3438,89.3438,89.3438,25.47083333333333,21.208333333333332,20.0,1018.6916666666666,157.5,4.291666666666667,3,6
5986.0376,272.0926181818182,71.4751,696.882,142.9502,339.5066,205.49085,24.09583333333333,20.720833333333335,16.666666666666668,1016.8695652173913,258.69565217391306,3.8625,3,0
6843.7385,311.07902272727273,89.3438,696.882,428.8505,232.294,259.09715,22.28333333333333,19.2125,70.0,1018.025,218.2608695652174,2.2833333333333337,3,1
6539.9698,284.34651304347824,89.3438,661.1445,214.4252,428.8505,268.0315,22.129166666666663,16.616666666666667,2.3333333333333335,1019.1916666666666,93.75,4.825,3,2
6825.8701,284.41125416666665,89.3438,661.1445,357.3754,357.3754,232.294,25.008333333333336,18.05,0.0,1015.2,163.75,3.4791666666666665,3,3
3931.1289,163.79703750000002,89.3438,303.7691,232.294,303.7691,142.9502,25.975,19.95,,1013.45,184.58333333333337,3.625,4,4
3502.2784,145.92826666666667,89.3438,357.3754,107.2126,89.3438,116.147,23.5625,20.329166666666666,50.0,1012.1,209.58333333333337,5.2749999999999995,4,5
4163.423,173.47595833333332,89.3438,375.2442,339.5066,321.6379,125.0814,19.354166666666668,7.4375,,1017.6708333333332,208.63636363636363,4.5125,4,6
6504.2321,295.64691363636365,89.3438,679.0133,285.9003,357.3754,268.03155000000004,20.695833333333333,10.266666666666667,,1018.9583333333334,186.95652173913044,1.804166666666667,4,0
5557.1871,241.6168304347826,89.3438,571.8006,303.7691,410.9817,214.4252,21.641666666666666,9.895833333333334,,1019.575,192.17391304347825,3.8833333333333337,4,1
7433.4079,309.72532916666665,89.3438,661.1445,303.7691,303.7691,276.96590000000003,20.725,12.158333333333331,,1020.5833333333334,89.58333333333333,4.875,4,2
6879.4763,299.10766521739134,89.3438,625.4069,285.9003,321.6379,303.7691,21.4375,14.470833333333331,8.333333333333334,1014.1666666666666,224.16666666666663,4.05,4,3
4520.7987,188.3666125,89.3438,321.6379,303.7691,107.2126,196.5565,21.95,12.5,,1014.2458333333334,241.25,3.7916666666666665,4,4
4002.6042,166.775175,71.4751,375.2442,142.9502,268.0315,134.0158,19.475,3.379166666666667,,1018.775,234.58333333333337,3.904166666666667,4,5
3448.6722,143.694675,89.3438,375.2442,125.0814,178.6877,107.2126,19.766666666666666,9.4,,1023.1708333333332,157.5,4.045833333333333,4,6
4949.649,215.20213043478265,89.3438,679.0133,232.294,393.1129,125.0814,21.133333333333333,13.508333333333333,,1022.7125,91.66666666666669,3.8,4,0
7201.1141,300.04642083333334,89.3438,732.6196,321.6379,446.7192,285.9003,22.066666666666663,14.225,,1019.6875,130.5,1.804166666666667,4,1
5056.8616,229.85734545454545,89.3438,732.6196,250.1628,107.2126,142.95015,22.8875,17.179166666666667,-1.0,1017.8086956521738,65.65217391304348,1.7583333333333335,4,2
8809.3034,383.01319130434786,89.3438,732.6196,89.3438,89.3438,446.7192,22.875,18.433333333333337,30.0,1015.5304347826088,161.7391304347826,3.033333333333333,4,3
4413.5859,183.8994125,89.3438,410.9817,89.3438,125.0814,134.0158,22.458333333333332,18.8125,0.6666666666666666,1014.5909090909092,90.41666666666669,4.320833333333334,4,4
3520.1473,146.67280416666668,89.3438,321.6379,107.2126,142.9502,107.2126,21.9625,16.379166666666666,-0.5,1018.2208333333332,59.166666666666664,7.0,4,5
4181.2917,174.2204875,71.4751,321.6379,125.0814,285.9003,125.0814,20.720833333333335,12.2375,,1022.3083333333334,71.25,5.970833333333332,4,6
6522.101000000001,296.4591363636364,89.3438,661.1445,125.0814,375.2442,241.2284,20.883333333333333,13.25,-1.0,1022.8166666666666,134.58333333333334,5.7,4,0
8040.9463,335.03942916666665,89.3438,696.882,232.294,410.9817,303.7691,20.995833333333337,12.870833333333335,,1021.0125,177.08333333333334,3.745833333333333,4,1
7897.996,329.08316666666667,89.3438,732.6196,321.6379,357.3754,294.8347,21.354166666666668,12.504166666666668,,1019.3666666666668,83.75,3.7541666666666664,4,2
6325.5446,275.0236782608696,71.4751,553.9319,428.8505,125.0814,250.1628,22.95,14.775,,1018.2153846153846,109.58333333333331,5.041666666666667,4,3
4842.4362,201.768175,89.3438,661.1445,196.5565,89.3438,125.0814,23.4375,16.650000000000002,,1016.3166666666666,149.58333333333334,3.2541666666666664,4,4
4413.5856,183.8994,89.3438,428.8505,89.3438,268.0315,160.8189,24.21666666666667,16.991666666666667,1.0,1013.1652173913044,282.60869565217394,4.258333333333334,4,5
3162.7718999999997,150.6081857142857,89.3438,375.2442,196.5565,196.5565,107.2126,23.583333333333332,16.383333333333333,,1015.4,86.52173913043478,2.9,4,6
6665.051,289.7848260869565,89.3438,714.7508,196.5565,178.6877,232.294,23.2625,16.425,,1016.4333333333334,89.58333333333333,3.891666666666667,4,0
6450.6257,293.21025909090906,89.3438,714.7508,125.0814,375.2442,259.09715,23.325,14.841666666666669,,1014.6916666666666,68.18181818181819,2.325,4,1
5825.2184,242.71743333333333,89.3438,679.0133,214.4252,446.7192,214.4252,24.0,16.270833333333332,,1013.6166666666668,140.8695652173913,2.9499999999999997,4,2
6968.8199,290.36749583333335,89.3438,714.7508,196.5565,357.3754,223.3596,24.566666666666663,18.058333333333337,150.0,1015.15,134.0,2.3125,4,3
4306.3731,179.4322125,89.3438,375.2442,107.2126,107.2126,107.2126,25.65833333333333,19.3875,8.0,1014.925,76.19047619047619,1.741666666666667,4,4
3823.9162,159.32984166666668,89.3438,321.6379,89.3438,214.4252,125.0814,25.7375,19.15833333333333,-1.0,1014.9083333333332,127.08333333333331,3.8333333333333335,4,5
3252.1156,141.3963304347826,71.4751,357.3754,250.1628,268.0315,89.3438,25.370833333333337,18.97083333333333,,1016.65,114.78260869565216,3.625,5,6
7040.2947,293.3456125,89.3438,661.1445,196.5565,214.4252,241.22835,25.8375,20.033333333333335,,1016.1363636363636,123.47826086956522,3.4416666666666664,5,0
5557.1872,241.61683478260872,89.3438,571.8006,339.5066,142.9502,196.5565,26.008333333333336,20.333333333333332,235.0,1013.2791666666668,216.66666666666663,3.625,5,1
3305.722,137.73841666666667,71.4751,303.7691,303.7691,71.4751,89.3438,21.225,19.395833333333332,56.666666666666664,1008.2583333333332,209.58333333333337,3.858333333333333,5,2
3287.8533,136.9938875,71.4751,410.9817,107.2126,89.3438,89.3438,21.53333333333333,10.6125,30.0,1007.7208333333332,282.9166666666667,5.8500000000000005,5,3
2573.1023,107.21259583333334,71.4751,303.7691,71.4751,89.3438,89.3438,19.741666666666667,6.366666666666667,,1011.6,271.25,4.216666666666667,5,4
2251.4645,93.81102083333332,71.4751,196.5565,71.4751,89.3438,89.3438,20.458333333333332,8.720833333333333,,1015.05,184.7826086956522,2.529166666666667,5,5
2072.7766,86.36569166666668,71.4751,107.2126,89.3438,89.3438,89.3438,22.054166666666664,11.65,,1017.9291666666668,169.56521739130434,2.1083333333333334,5,6
2054.9077,85.62115416666667,71.4751,89.3438,89.3438,89.3438,89.3438,23.0125,14.208333333333334,,1019.9041666666668,131.9047619047619,2.7875,5,0
2054.9078,85.62115833333333,71.4751,107.2126,89.3438,89.3438,89.3438,24.579166666666666,15.654166666666669,,1020.525,146.95652173913044,3.220833333333333,5,1
2037.039,84.876625,71.4751,89.3438,89.3438,71.4751,89.3438,25.05,17.724999999999998,,1020.6583333333332,91.30434782608695,2.3666666666666667,5,2
2019.1702,84.13209166666667,53.6063,89.3438,89.3438,89.3438,89.3438,24.625,18.325,,1019.4833333333332,69.16666666666667,1.3041666666666667,5,3
1983.4327,82.64302916666666,35.7375,107.2126,71.4751,89.3438,89.3438,26.275,17.454166666666666,,1016.4958333333334,220.9090909090909,2.766666666666667,5,4
2930.478,122.10325,53.6063,250.1628,89.3438,89.3438,89.3438,26.320833333333336,17.554166666666667,,1014.8166666666666,239.0909090909091,3.0208333333333335,5,5
2001.3015,83.3875625,53.6063,89.3438,89.3438,89.3438,89.3438,24.129166666666663,15.245833333333332,,1016.975,120.45454545454544,2.3291666666666666,5,6
1965.5641,81.89850416666667,53.6063,107.2126,89.3438,71.4751,89.3438,25.441666666666663,19.720833333333335,5.0,1018.6666666666666,71.66666666666667,3.3041666666666667,5,0
2072.7767,86.36569583333333,71.4751,125.0814,89.3438,89.3438,89.3438,24.725,21.5625,38.333333333333336,1017.4227272727272,135.83333333333334,4.2875,5,1
2054.9079,85.62116250000001,53.6063,107.2126,71.4751,89.3438,89.3438,25.9125,20.6625,380.0,1014.9043478260868,218.2608695652174,3.5999999999999996,5,2
2037.039,84.876625,71.4751,89.3438,89.3438,71.4751,89.3438,25.1625,21.304166666666667,10.0,1015.5869565217392,152.5,2.858333333333333,5,3
2054.9077,85.62115416666667,71.4751,89.3438,89.3438,89.3438,89.3438,25.333333333333332,20.5875,5.0,1017.2625,140.41666666666666,2.275,5,4
2037.039,84.876625,71.4751,89.3438,71.4751,89.3438,89.3438,26.4625,19.9625,2.0,1015.5791666666668,217.91666666666663,3.1958333333333333,5,5
1983.4327,82.64302916666666,53.6063,89.3438,89.3438,71.4751,89.3438,26.320833333333336,17.804166666666667,,1012.5125,276.6666666666667,4.745833333333334,5,6
2054.9077,85.62115416666667,71.4751,89.3438,89.3438,89.3438,89.3438,25.354166666666668,16.025000000000002,,1013.8791666666666,129.0909090909091,2.2083333333333335,5,0
2001.3016,83.38756666666667,71.4751,89.3438,89.3438,71.4751,89.3438,25.125,16.933333333333334,,1018.8583333333332,88.33333333333333,4.291666666666667,5,1
2054.9076,85.62115,53.6063,107.2126,89.3438,89.3438,89.3438,25.329166666666666,15.045833333333334,,1022.0916666666668,86.66666666666667,3.6666666666666665,5,2
2037.0389,84.87662083333333,53.6063,89.3438,71.4751,89.3438,89.3438,24.854166666666668,15.4,,1019.9333333333334,69.58333333333333,3.9916666666666663,5,3
2054.9076,85.62115,53.6063,89.3438,89.3438,89.3438,89.3438,25.625,18.183333333333337,-0.6666666666666666,1016.5208333333334,61.666666666666664,4.033333333333333,5,4
1983.4327,82.64302916666666,53.6063,89.3438,89.3438,89.3438,89.3438,26.445833333333336,19.258333333333333,,1016.1625,174.34782608695653,3.1374999999999997,5,5
2037.0389,84.87662083333333,53.6063,107.2126,89.3438,89.3438,89.3438,26.191666666666663,19.916666666666668,-1.0,1017.275,64.73684210526316,1.95,5,6
2072.7766,86.36569166666668,71.4751,107.2126,89.3438,107.2126,89.3438,25.958333333333332,20.004166666666663,45.0,1015.2791666666668,204.16666666666663,2.766666666666667,5,0
2072.7764,86.36568333333334,53.6063,107.2126,89.3438,89.3438,89.3438,26.09583333333333,20.1,8.0,1013.8708333333334,185.0,2.2125,5,1
2037.0389,84.87662083333333,53.6063,107.2126,89.3438,71.4751,89.3438,26.6,21.045833333333334,150.0,1015.5458333333332,71.9047619047619,1.3916666666666666,6,2
2001.3015,83.3875625,53.6063,89.3438,89.3438,71.4751,89.3438,27.620833333333337,21.34583333333333,3.0,1017.1125,128.0952380952381,2.8000000000000003,6,3
1983.4326,82.64302500000001,53.6063,89.3438,71.4751,89.3438,89.3438,28.104166666666668,21.7375,,1017.15,92.6086956521739,2.725,6,4
1965.5641,81.89850416666667,53.6063,89.3438,89.3438,89.3438,89.3438,28.475,21.854166666666668,,1015.7166666666668,126.8181818181818,3.4958333333333336,6,5
2001.3014,83.38755833333333,53.6063,107.2126,53.6063,89.3438,89.3438,26.795833333333334,22.416666666666668,300.0,1013.35,131.30434782608697,3.095833333333333,6,6
2126.3828,88.59928333333333,71.4751,107.2126,71.4751,107.2126,89.3438,25.895833333333332,23.2875,42.666666666666664,1010.6636363636364,150.0,5.041666666666667,6,0
2197.8579,91.5774125,71.4751,125.0814,125.0814,89.3438,89.3438,26.8125,23.679166666666664,62.25,1008.5304347826088,203.04347826086956,5.6625000000000005,6,1
2037.039,84.876625,71.4751,89.3438,89.3438,89.3438,89.3438,27.416666666666668,23.229166666666668,71.0,1011.425,113.75,2.716666666666667,6,2
2037.0389,84.87662083333333,53.6063,89.3438,89.3438,89.3438,89.3438,25.420833333333334,22.8125,15.0,1014.9458333333332,134.16666666666666,2.154166666666667,6,3
2019.1703,84.13209583333334,71.4751,89.3438,89.3438,89.3438,89.3438,27.133333333333336,22.816666666666663,,1017.2208333333332,130.43478260869566,2.4458333333333333,6,4
2019.1703,84.13209583333334,71.4751,89.3438,89.3438,89.3438,89.3438,27.058333333333337,21.704166666666666,-1.0,1019.875,91.66666666666669,3.033333333333333,6,5
1983.4328,82.64303333333334,53.6063,89.3438,71.4751,71.4751,89.3438,26.9625,22.058333333333337,1.0,1018.8458333333332,57.916666666666664,0.9208333333333334,6,6
1947.6951,81.15396249999999,53.6063,89.3438,71.4751,53.6063,89.3438,29.00833333333333,22.433333333333337,-1.0,1014.75,205.65217391304347,2.4916666666666667,6,0
1965.5639,81.89849583333334,35.7375,107.2126,89.3438,89.3438,89.3438,28.5625,22.85,110.0,1014.8166666666666,171.5,2.470833333333333,6,1
2019.1703,84.13209583333334,53.6063,107.2126,89.3438,89.3438,89.3438,28.045833333333334,23.233333333333334,44.5,1016.7583333333332,170.8695652173913,2.5958333333333337,6,2
2019.1703,84.13209583333334,71.4751,89.3438,89.3438,89.3438,89.3438,27.7875,22.791666666666668,5.0,1015.3791666666666,233.75,4.041666666666667,6,3
1983.4327,82.64302916666666,53.6063,89.3438,71.4751,53.6063,89.3438,28.05,21.104166666666668,-1.0,1013.3217391304348,252.5,4.433333333333333,6,4
2072.7766,86.36569166666668,71.4751,107.2126,89.3438,89.3438,89.3438,27.020833333333332,22.058333333333337,250.0,1015.6416666666668,170.0,2.9625,6,5
2090.6453,87.11022083333334,71.4751,107.2126,71.4751,89.3438,89.3438,26.229166666666668,20.775,4.5,1020.2608695652174,94.16666666666669,5.529166666666666,6,6
2054.9078,85.62115833333333,71.4751,107.2126,89.3438,89.3438,89.3438,26.008333333333336,17.154166666666665,1.5,1021.9,45.0,4.779166666666667,6,0
2054.9078,85.62115833333333,71.4751,107.2126,89.3438,71.4751,89.3438,25.445833333333336,18.23333333333333,,1019.9333333333334,124.16666666666669,3.8833333333333337,6,1
2019.1702,84.13209166666667,53.6063,89.3438,89.3438,89.3438,89.3438,27.454166666666666,19.65,,1019.6916666666666,62.5,2.629166666666667,6,2
1965.564,81.8985,53.6063,89.3438,89.3438,89.3438,89.3438,28.55,22.629166666666663,,1019.3,99.1304347826087,2.475,6,3
1911.9577,79.66490416666666,35.7375,107.2126,89.3438,53.6063,89.3438,29.316666666666663,22.65416666666667,,1018.4375,141.5,2.2083333333333335,6,4
1947.6953,81.15397083333333,53.6063,89.3438,89.3438,89.3438,89.3438,29.704166666666666,22.5125,,1018.4,138.1818181818182,2.4291666666666667,6,5
1929.8264,80.40943333333333,53.6063,89.3438,89.3438,71.4751,89.3438,27.058333333333337,22.7,75.0,1018.9416666666666,111.66666666666669,2.4333333333333336,6,6
1947.6952,81.15396666666668,53.6063,107.2126,89.3438,89.3438,89.3438,27.495833333333337,21.791666666666668,,1017.1875,116.8181818181818,1.5666666666666669,6,0
1965.5642,81.89850833333334,71.4751,89.3438,89.3438,71.4751,89.3438,27.804166666666664,22.4,80.0,1015.4583333333334,126.5,2.154166666666667,6,1
2072.7766,86.36569166666668,53.6063,125.0814,89.3438,89.3438,89.3438,26.6,22.7375,80.0,1015.575,156.95652173913044,2.6041666666666665,6,2
2054.9077,85.62115416666667,53.6063,107.2126,71.4751,71.4751,89.3438,26.891666666666666,22.833333333333332,90.0,1016.2375,160.8695652173913,2.558333333333333,6,3
2019.1702,84.13209166666667,53.6063,89.3438,89.3438,89.3438,89.3438,26.59583333333333,22.8875,90.0,1017.3166666666666,171.30434782608697,2.5833333333333335,7,4
2054.9076,85.62115,53.6063,89.3438,89.3438,89.3438,89.3438,26.079166666666666,23.1,60.0,1018.6791666666668,130.45454545454547,1.4208333333333334,7,5
2019.1702,84.13209166666667,53.6063,107.2126,89.3438,89.3438,89.3438,28.15,23.241666666666664,0.0,1019.7625,134.34782608695653,2.0166666666666666,7,6
1929.8263,80.40942916666667,53.6063,89.3438,71.4751,53.6063,89.3438,29.47083333333333,23.575,,1020.2125,129.54545454545453,2.0208333333333335,7,0
1965.564,81.8985,53.6063,89.3438,71.4751,89.3438,89.3438,30.25,23.7,-1.0,1020.1416666666668,201.9047619047619,2.3625000000000003,7,1
1911.9578,79.66490833333334,53.6063,89.3438,53.6063,71.4751,89.3438,30.0375,23.870833333333337,3.0,1019.8416666666668,178.1818181818182,2.3541666666666665,7,2
1947.6952,81.15396666666668,53.6063,89.3438,89.3438,89.3438,89.3438,30.15833333333333,22.9625,-1.0,1018.9666666666668,187.08333333333337,3.0208333333333335,7,3
1911.9579,79.6649125,53.6063,107.2126,89.3438,89.3438,89.3438,30.2375,22.5625,,1018.4708333333332,162.6086956521739,1.975,7,4
1911.9577,79.66490416666666,53.6063,89.3438,89.3438,71.4751,89.3438,30.09583333333333,22.916666666666668,,1017.9875,214.58333333333337,2.5458333333333334,7,5
1929.8265,80.40943750000001,53.6063,107.2126,89.3438,71.4751,89.3438,28.579166666666666,22.53333333333333,-1.0,1018.1166666666668,156.52173913043478,1.4125,7,6
1929.8263,80.40942916666667,53.6063,89.3438,53.6063,89.3438,89.3438,29.09583333333333,22.725,10.0,1019.175,113.91304347826087,2.5083333333333333,7,0
1894.0889,78.92037083333334,35.7375,107.2126,35.7375,89.3438,89.3438,28.9875,22.475,,1019.4541666666668,104.16666666666669,1.8333333333333333,7,1
1929.8265,80.40943750000001,53.6063,89.3438,89.3438,89.3438,89.3438,27.425,22.441666666666663,9.5,1019.9833333333332,95.45454545454544,1.5,7,2
1929.8264,80.40943333333333,53.6063,89.3438,89.3438,71.4751,89.3438,28.141666666666666,21.808333333333337,-1.0,1019.0916666666668,117.82608695652172,2.5958333333333337,7,3
1929.8264,80.40943333333333,35.7375,107.2126,89.3438,53.6063,89.3438,28.445833333333336,22.25,,1018.2708333333334,151.9047619047619,2.4458333333333333,7,4
1894.0889,78.92037083333334,53.6063,107.2126,71.4751,71.4751,89.3438,28.804166666666664,22.391666666666666,10.0,1018.9130434782608,125.21739130434784,3.4166666666666665,7,5
1911.9578,79.66490833333333,53.6063,89.3438,89.3438,53.6063,89.3438,28.59583333333333,23.354166666666668,10.0,1021.1833333333334,120.47619047619048,2.8375,7,6
1929.8264,80.40943333333333,53.6063,89.3438,89.3438,71.4751,89.3438,28.566666666666663,23.079166666666666,92.5,1022.0458333333332,77.3913043478261,3.5208333333333335,7,0
1947.6952,81.15396666666668,53.6063,89.3438,71.4751,71.4751,89.3438,27.075,23.075,14.0,1021.1541666666668,65.9090909090909,2.433333333333333,7,1
1929.8265,80.40943750000001,53.6063,89.3438,89.3438,71.4751,89.3438,28.645833333333332,23.15833333333333,3.0,1020.0666666666666,87.91666666666667,2.85,7,2
1947.6952,81.15396666666666,53.6063,89.3438,89.3438,89.3438,89.3438,27.783333333333335,23.45,150.0,1019.3695652173913,77.72727272727273,2.0749999999999997,7,3
1947.6953,81.15397083333333,35.7375,107.2126,89.3438,89.3438,89.3438,27.916666666666668,22.691666666666663,-1.0,1018.3458333333332,71.36363636363636,1.7791666666666668,7,4
1929.8265,80.4094375,53.6063,89.3438,71.4751,89.3438,89.3438,27.4,21.495833333333337,-1.0,1016.7208333333332,95.0,1.7791666666666668,7,5
1911.9579,79.6649125,35.7375,107.2126,71.4751,71.4751,89.3438,27.958333333333332,21.762500000000003,-1.0,1017.1833333333334,98.57142857142856,2.4916666666666667,7,6
1929.8263,80.40942916666667,53.6063,89.3438,71.4751,89.3438,89.3438,28.079166666666666,21.420833333333334,,1017.7291666666666,133.04347826086956,2.4125,7,0
1929.8265,80.4094375,35.7375,107.2126,89.3438,89.3438,89.3438,29.208333333333332,22.458333333333332,,1018.0583333333334,96.08695652173913,2.125,7,1
1911.9577,79.66490416666666,53.6063,89.3438,89.3438,89.3438,89.3438,29.8625,22.241666666666664,,1018.0541666666668,144.54545454545453,2.470833333333333,7,2
1876.2202,78.17584166666667,53.6063,89.3438,53.6063,89.3438,89.3438,30.1,22.241666666666664,,1017.4125,150.43478260869566,2.8083333333333336,7,3
1894.0891,78.92037916666666,53.6063,107.2126,89.3438,71.4751,89.3438,27.758333333333336,23.025,370.0,1017.1958333333332,126.66666666666669,1.6875,7,4
1894.0889,78.92037083333334,35.7375,107.2126,89.3438,89.3438,89.3438,27.933333333333337,23.108333333333334,-1.0,1017.225,124.54545454545456,1.8958333333333333,7,5
1876.2202,78.17584166666667,53.6063,89.3438,89.3438,89.3438,89.3438,28.258333333333336,22.333333333333332,,1018.0666666666666,124.78260869565216,2.5208333333333335,7,6
1894.0889,78.92037083333334,53.6063,89.3438,89.3438,89.3438,89.3438,28.520833333333332,21.95,,1019.6541666666668,110.83333333333331,2.8333333333333335,8,0
1894.089,78.92037499999999,35.7375,107.2126,89.3438,71.4751,89.3438,28.40833333333333,22.975,5.0,1018.5791666666668,107.82608695652172,2.0833333333333335,8,1
2126.3831,88.59929583333333,53.6063,178.6877,71.4751,89.3438,89.3438,27.5,22.483333333333334,3.0,1016.5333333333332,160.45454545454547,2.4375,8,2
2001.3017,83.38757083333333,71.4751,107.2126,89.3438,89.3438,89.3438,25.90416666666667,22.8875,170.0,1016.3333333333334,170.83333333333334,2.7583333333333333,8,3
1965.564,81.8985,53.6063,107.2126,89.3438,89.3438,89.3438,27.225,22.433333333333337,3.0,1016.2708333333334,150.0,2.7875,8,4
2448.0209999999997,102.000875,53.6063,339.5066,71.4751,89.3438,89.3438,27.233333333333334,22.508333333333336,,1015.4166666666666,162.5,2.9333333333333336,8,5
3627.36,151.14,71.4751,357.3754,160.8189,232.294,134.0158,26.454166666666666,22.516666666666666,37.5,1014.5166666666668,193.75,4.5375000000000005,8,6
3198.5092,133.27121666666667,71.4751,303.7691,107.2126,232.294,89.3438,25.0375,22.6875,96.5,1014.9291666666668,176.25,3.625,8,0
3305.722,137.73841666666667,53.6063,393.1129,250.1628,303.7691,89.3438,26.03333333333333,22.666666666666668,10.0,1017.2291666666666,154.58333333333334,3.4291666666666667,8,1
3663.0976,152.62906666666666,71.4751,339.5066,232.294,339.5066,125.0814,26.370833333333337,23.354166666666668,56.5,1019.1739130434784,144.58333333333334,3.033333333333333,8,2
2930.4777,122.1032375,53.6063,303.7691,285.9003,89.3438,89.3438,27.5125,23.116666666666664,,1018.1541666666668,137.72727272727272,2.0124999999999997,8,3
3252.1157,135.50482083333333,53.6063,428.8505,393.1129,125.0814,89.3438,27.545833333333334,23.1625,80.0,1016.7041666666668,111.8181818181818,2.275,8,4
3698.8349,154.11812083333334,53.6063,375.2442,107.2126,160.8189,107.2126,27.145833333333332,22.316666666666663,260.0,1017.2041666666668,121.9047619047619,2.3833333333333333,8,5
4109.8166,171.24235833333333,71.4751,339.5066,107.2126,268.0315,142.95015,27.108333333333334,24.145833333333332,30.0,1018.5833333333334,152.5,2.8083333333333336,8,6
3538.016,147.41733333333335,53.6063,428.8505,268.0315,357.3754,89.3438,28.629166666666663,24.504166666666663,0.0,1019.7958333333332,110.9090909090909,3.1,8,0
3538.0157,147.41732083333332,53.6063,410.9817,268.0315,375.2442,89.3438,26.616666666666664,23.891666666666666,335.0,1020.6125,167.08333333333334,2.954166666666667,8,1
3680.966,153.37358333333336,53.6063,357.3754,285.9003,125.0814,89.3438,28.454166666666666,23.5,,1020.4541666666668,133.33333333333334,3.1166666666666667,8,2
3627.3602,151.14000833333333,53.6063,393.1129,196.5565,196.5565,116.147,27.433333333333337,23.620833333333337,150.0,1019.0583333333334,92.27272727272728,1.7458333333333331,8,3
3806.0478,158.58532499999998,35.7375,375.2442,178.6877,232.294,142.9502,28.608333333333334,22.425,,1016.9916666666668,92.5,1.625,8,4
3466.5411,144.4392125,53.6063,321.6379,232.294,142.9502,116.147,29.104166666666668,22.95,,1015.2208333333332,153.47826086956522,1.6208333333333331,8,5
3287.8532,136.99388333333334,71.4751,339.5066,89.3438,71.4751,89.3438,29.841666666666665,22.704166666666666,,1016.2291666666666,183.04347826086956,1.7541666666666669,8,6
3948.9978,197.44989,71.4751,679.0133,89.3438,125.0814,98.2782,29.858333333333334,22.816666666666663,,1018.5541666666668,175.23809523809524,1.9291666666666665,8,0
6361.2819,276.5774739130435,71.4751,732.6196,89.3438,107.2126,160.8189,29.820833333333336,23.479166666666668,20.0,1020.1583333333332,64.0909090909091,2.4375,8,1
6825.8701,310.2668227272727,71.4751,714.7508,142.9502,89.3438,294.8347,28.075,24.1375,120.0,1019.2565217391304,58.75,4.6125,8,2
7504.8833,312.7034708333333,71.4751,714.7508,89.3438,89.3438,303.7691,28.575,22.2,,1016.7666666666668,51.25,5.229166666666667,8,3
3466.5409,144.43920416666666,71.4751,303.7691,89.3438,107.2126,125.0814,28.183333333333337,23.475,-1.0,1015.4416666666666,114.58333333333331,5.470833333333334,8,4
3680.9662,153.37359166666667,89.3438,375.2442,107.2126,107.2126,134.0158,27.90416666666667,23.320833333333336,8.0,1014.6458333333334,56.666666666666664,3.925,8,5
3716.7036,154.86265,71.4751,500.3256,89.3438,125.0814,107.2126,27.97083333333333,24.245833333333337,47.5,1014.6833333333334,67.91666666666667,4.329166666666667,8,6
6754.3948,293.66933913043476,71.4751,696.882,178.6877,125.0814,250.1628,26.629166666666663,23.679166666666664,60.0,1014.0875,69.58333333333333,3.9916666666666663,8,0
7272.5889,303.0245375,89.3438,661.1445,107.2126,268.0315,268.0315,25.958333333333332,23.15833333333333,2.0,1013.0782608695652,92.27272727272728,3.0583333333333336,8,1
6897.345,299.8845652173913,89.3438,714.7508,250.1628,232.294,232.294,25.6625,23.3,20.666666666666668,1013.2391304347826,179.58333333333334,4.345833333333333,8,2
7201.1139,300.04641250000003,71.4751,661.1445,178.6877,107.2126,241.22835,25.958333333333332,23.341666666666665,59.666666666666664,1012.3875,141.66666666666666,4.570833333333334,9,3
4127.6857,171.98690416666668,89.3438,375.2442,160.8189,125.0814,160.8189,26.729166666666668,23.02916666666667,36.666666666666664,1013.3521739130434,192.08333333333337,5.895833333333333,9,4
3395.0658000000003,141.46107500000002,71.4751,393.1129,71.4751,142.9502,89.3438,26.891666666666666,22.945833333333336,100.0,1016.6260869565218,229.58333333333337,2.7583333333333333,9,5
3538.0161,147.4173375,89.3438,303.7691,107.2126,125.0814,116.147,26.929166666666664,22.895833333333332,530.0,1018.3875,85.0,1.3083333333333331,9,6
3877.5228,161.56345,71.4751,321.6379,178.6877,214.4252,151.88455,25.7375,22.3625,22.666666666666668,1019.6666666666666,120.83333333333331,4.316666666666666,9,0
6182.5941,281.02700454545453,89.3438,679.0133,196.5565,160.8189,232.294,26.59583333333333,20.425,,1020.7041666666668,55.833333333333336,3.9916666666666663,9,1
5307.0243,252.71544285714285,89.3438,732.6196,125.0814,196.5565,178.6877,27.083333333333332,20.166666666666668,,1020.8125,62.916666666666664,3.6166666666666663,9,2
6325.5444,275.0236695652174,89.3438,589.6694,107.2126,232.294,232.294,26.691666666666663,21.145833333333332,,1018.295652173913,118.75,3.975,9,3
3538.0158,147.417325,89.3438,357.3754,89.3438,89.3438,98.2782,27.90416666666667,23.183333333333337,-0.5,1017.05,94.58333333333331,3.675,9,4
3073.428,128.0595,71.4751,268.0315,89.3438,107.2126,89.3438,28.166666666666668,23.333333333333332,0.0,1017.8666666666668,73.04347826086956,2.4,9,5
3269.9845,136.24935416666668,71.4751,321.6379,125.0814,178.6877,116.147,28.125,23.1125,,1017.9958333333334,57.82608695652174,2.2708333333333335,9,6
6307.6753,262.81980416666664,71.4751,696.882,214.4252,268.0315,214.4252,27.554166666666664,22.858333333333334,5.0,1016.2791666666668,78.33333333333333,4.029166666666667,9,0
6825.87,284.41125,89.3438,571.8006,142.9502,214.4252,241.2284,25.4875,23.46666666666667,100.0,1014.5875,169.58333333333334,4.195833333333334,9,1
6254.0691,297.8128142857143,89.3438,714.7508,268.0315,89.3438,250.1628,26.891666666666666,23.741666666666664,9.333333333333334,1016.5416666666666,172.08333333333334,3.0416666666666665,9,2
6772.2635,294.4462391304348,89.3438,714.7508,89.3438,303.7691,214.4252,26.9375,23.4875,3.0,1016.4041666666668,76.95652173913044,1.7416666666666665,9,3
4038.3417,168.2642375,71.4751,303.7691,160.8189,107.2126,151.88455,27.2875,23.1,8.0,1016.75,114.78260869565216,2.725,9,4
4610.1421,200.44096086956523,89.3438,732.6196,142.9502,107.2126,107.2126,27.9,23.816666666666663,30.0,1016.6,201.8181818181818,2.629166666666667,9,5
3252.1159,135.50482916666667,53.6063,214.4252,107.2126,125.0814,125.0814,28.425,23.0375,,1015.217391304348,175.9090909090909,1.9083333333333332,9,6
5021.1243,251.056215,71.4751,732.6196,178.6877,89.3438,178.6877,26.904166666666665,23.0625,160.0,1014.6416666666668,165.65217391304347,2.341666666666667,9,0
6450.6258,280.4619913043478,89.3438,714.7508,196.5565,125.0814,196.5565,26.354166666666668,22.6625,55.0,1014.8541666666666,82.91666666666667,1.5666666666666669,9,1
7826.521,326.10504166666664,89.3438,732.6196,125.0814,89.3438,294.8347,27.47083333333333,22.870833333333337,-0.5,1014.95,108.0952380952381,2.154166666666667,9,2
6879.4759,286.6448291666667,89.3438,732.6196,125.0814,107.2126,250.16275,27.433333333333337,22.8,20.0,1015.0,127.82608695652172,1.8416666666666668,9,3
3948.9977,164.54157083333334,89.3438,428.8505,89.3438,142.9502,134.0158,27.8875,23.075,,1015.5375,102.17391304347828,1.975,9,4
3377.1971000000003,140.71654583333336,53.6063,285.9003,107.2126,89.3438,134.0158,27.866666666666664,22.545833333333334,-1.0,1016.4416666666666,82.6086956521739,1.7125,9,5
3591.6224,149.65093333333334,71.4751,339.5066,107.2126,107.2126,107.2126,27.46666666666667,22.758333333333336,10.0,1016.1375,66.66666666666667,1.8041666666666665,9,6
5914.5625,257.1548913043478,71.4751,679.0133,160.8189,89.3438,196.5565,24.891666666666666,22.15416666666667,25.0,1015.125,97.27272727272728,1.4666666666666668,9,0
6700.7884,291.33862608695654,89.3438,714.7508,232.294,107.2126,268.0315,25.233333333333334,21.304166666666667,40.0,1013.5916666666668,135.9090909090909,1.9083333333333332,9,1
6647.182,276.96591666666666,89.3438,714.7508,232.294,178.6877,268.03155000000004,25.925,21.425,5.0,1015.4333333333334,209.04761904761904,2.341666666666667,9,2
8040.9462,335.039425,89.3438,732.6196,160.8189,89.3438,276.96595,25.6875,21.929166666666664,1.6666666666666667,1016.6541666666668,198.75,3.154166666666667,9,3
3466.5411,144.4392125,71.4751,357.3754,89.3438,160.8189,125.0814,25.666666666666668,21.933333333333337,240.0,1016.1875,162.91666666666666,2.6999999999999997,9,4
2930.4777,122.1032375,89.3438,268.0315,125.0814,142.9502,98.2782,26.0875,21.725,0.0,1016.275,126.52173913043478,2.2916666666666665,10,5
3841.7853,160.0743875,71.4751,393.1129,89.3438,214.4252,142.9502,26.441666666666663,22.21666666666667,-1.0,1015.3416666666668,131.7391304347826,2.7291666666666665,10,6
7719.3086,321.6378583333333,89.3438,714.7508,178.6877,125.0814,250.1628,26.295833333333334,22.058333333333337,14.5,1012.4333333333334,103.75,3.8375,10,0
7326.1956,305.25815,71.4751,661.1445,196.5565,125.0814,276.96590000000003,26.054166666666664,22.729166666666668,41.333333333333336,1011.3666666666668,124.16666666666669,3.733333333333333,10,1
4931.78,205.4908333333333,89.3438,518.1943,89.3438,89.3438,169.75330000000002,26.870833333333337,22.8375,0.0,1011.6041666666666,175.0,4.108333333333333,10,2
2537.3645,105.72352083333334,89.3438,178.6877,107.2126,89.3438,89.3438,25.46666666666667,23.879166666666663,93.33333333333331,1009.0571428571428,122.91666666666669,5.770833333333333,10,3
2465.8896,102.7454,89.3438,142.9502,89.3438,89.3438,98.2782,24.8,22.35,57.25,998.0583333333334,254.58333333333337,11.929166666666667,10,4
2162.1203,90.08834583333334,53.6063,125.0814,71.4751,89.3438,89.3438,26.925,21.15416666666667,,1009.1125,283.75,5.1875,10,5
2769.6587,115.40244583333332,89.3438,214.4252,89.3438,125.0814,89.3438,25.1875,19.3125,,1015.9708333333332,166.25,4.508333333333334,10,6
5932.4316,269.65598181818183,89.3438,553.9319,107.2126,142.9502,205.49085,22.383333333333336,15.775,,1020.025,166.25,5.333333333333333,10,0
6861.6074,311.89124545454547,89.3438,714.7508,89.3438,107.2126,232.294,23.020833333333332,17.820833333333333,2.0,1020.1541666666668,202.08333333333337,5.0125,10,1
5878.8251,255.60109130434785,89.3438,643.2757,125.0814,89.3438,214.4252,24.0625,20.091666666666665,4.333333333333333,1017.6458333333334,193.33333333333337,4.779166666666667,10,2
6379.1503999999995,265.79793333333333,89.3438,750.4883,285.9003,268.0315,178.6877,24.35,19.733333333333334,-0.6666666666666666,1017.7,152.5,4.445833333333334,10,3
3841.7851,160.07437916666666,89.3438,393.1129,160.8189,285.9003,142.9502,25.083333333333332,19.679166666666667,0.0,1019.7041666666668,64.16666666666667,4.729166666666667,10,4
4091.9477,170.49782083333335,89.3438,482.4568,250.1628,89.3438,107.2126,25.570833333333336,21.166666666666668,2.5,1019.5791666666668,113.33333333333331,4.295833333333333,10,5
4127.6856,171.9869,71.4751,357.3754,125.0814,232.294,134.0158,25.045833333333334,20.508333333333333,2.25,1017.0916666666668,53.75,5.0625,10,6
7129.6391,309.9843086956522,71.4751,696.882,250.1628,268.0315,268.0315,24.854166666666668,19.783333333333335,0.0,1014.975,100.41666666666669,4.1000000000000005,10,0
6593.5759,286.6772130434783,89.3438,696.882,196.5565,107.2126,196.5565,24.8,19.083333333333332,,1015.8136363636364,78.75,4.0625,10,1
6897.3451000000005,299.8845695652174,71.4751,732.6196,107.2126,214.4252,232.294,23.891666666666666,17.383333333333333,,1016.4458333333332,105.41666666666669,4.491666666666666,10,2
7915.865,329.8277083333333,89.3438,732.6196,410.9817,107.2126,321.63785,23.620833333333337,17.425,,1013.7291666666666,201.25,4.133333333333334,10,3
4270.6357,177.94315416666666,89.3438,482.4568,303.7691,89.3438,151.88455,24.333333333333332,18.316666666666663,0.0,1010.0708333333332,308.75,4.308333333333334,10,4
4020.4731,167.5197125,71.4751,428.8505,89.3438,268.0315,160.8189,19.166666666666668,7.225,,1015.2625,318.3333333333333,4.091666666666667,10,5
4538.6673,189.1111375,89.3438,428.8505,125.0814,410.9817,134.0158,18.745833333333337,9.5625,,1021.7666666666668,237.08333333333337,4.195833333333334,10,6
6039.6441,287.6021,89.3438,714.7508,339.5066,196.5565,232.294,19.979166666666668,12.429166666666667,,1022.7666666666668,210.8695652173913,3.3208333333333333,10,0
6450.6258,307.17265714285713,89.3438,732.6196,339.5066,196.5565,178.6877,21.158333333333335,14.654166666666669,,1021.85,164.58333333333334,3.1833333333333336,10,1
5592.9247,279.646235,89.3438,714.7508,107.2126,160.8189,178.6877,22.9375,16.7375,0.0,1022.4125,81.66666666666667,4.904166666666667,10,2
6307.6756000000005,274.2467652173913,89.3438,732.6196,160.8189,160.8189,196.5565,23.679166666666664,16.537499999999998,,1021.825,55.833333333333336,5.016666666666667,10,3
4038.3416,168.26423333333335,89.3438,446.7192,196.5565,160.8189,160.8189,23.645833333333332,17.129166666666666,0.0,1020.2041666666668,54.583333333333336,5.6625000000000005,10,4
3680.9662,153.37359166666667,89.3438,339.5066,107.2126,125.0814,107.2126,23.916666666666668,17.795833333333334,,1019.8875,45.833333333333336,5.5625,10,5
3752.4413,156.35172083333333,89.3438,321.6379,125.0814,160.8189,125.0814,23.866666666666664,17.70416666666667,,1018.8208333333332,50.0,4.3500000000000005,10,6
5682.2687,270.5842238095238,89.3438,679.0133,339.5066,125.0814,160.8189,22.608333333333334,17.3125,,1017.7625,151.25,3.766666666666667,10,0
6861.6075,298.3307608695652,89.3438,661.1445,107.2126,250.1628,250.1628,22.958333333333332,17.183333333333334,,1020.0291666666668,108.75,3.6208333333333336,11,1
7344.0643,319.30714347826085,89.3438,732.6196,303.7691,214.4252,303.7691,23.445833333333336,18.5125,,1021.9666666666668,142.08333333333334,4.329166666666667,11,2
7344.0642,306.002675,89.3438,696.882,321.6379,357.3754,312.70349999999996,22.6125,17.158333333333335,-1.0,1020.9458333333332,134.58333333333334,3.5041666666666664,11,3
4842.4364000000005,201.76818333333335,89.3438,410.9817,142.9502,89.3438,178.6877,22.8625,17.0625,,1018.0,203.33333333333337,2.6791666666666667,11,4
3448.6722,143.694675,71.4751,375.2442,196.5565,89.3438,107.2126,22.004166666666663,15.470833333333331,-1.0,1020.0583333333334,193.75,4.945833333333334,11,5
3895.3912,162.30796666666666,89.3438,303.7691,214.4252,250.1628,134.0158,20.6375,17.016666666666666,1.0,1021.4875,195.0,3.7916666666666665,11,6
5271.2868,263.56434,89.3438,518.1943,393.1129,285.9003,232.294,21.7875,14.2125,,1022.275,50.833333333333336,4.5125,11,0
6539.9695,284.3465,71.4751,625.4069,321.6379,285.9003,285.9003,21.34583333333333,14.170833333333334,,1020.7916666666666,65.41666666666667,3.391666666666667,11,1
6557.8383,285.1234043478261,71.4751,625.4069,250.1628,321.6379,250.1628,20.895833333333332,15.345833333333331,0.0,1017.7083333333334,129.1304347826087,1.6583333333333332,11,2
7540.6208,314.1925333333333,89.3438,732.6196,142.9502,196.5565,294.8347,20.25,13.641666666666666,0.0,1019.4958333333334,165.9090909090909,2.7416666666666667,11,3
4038.3416,168.26423333333332,89.3438,339.5066,125.0814,142.9502,125.0814,18.6875,11.395833333333334,,1018.1208333333334,261.30434782608694,2.2708333333333335,11,4
3770.3101,157.09625416666668,89.3438,321.6379,303.7691,89.3438,125.0814,19.2375,9.5875,,1017.9208333333332,121.36363636363636,1.4416666666666669,11,5
4252.7672,177.19863333333333,89.3438,357.3754,125.0814,303.7691,142.9502,20.0125,14.5375,,1018.3625,188.33333333333337,1.8083333333333331,11,6
6021.7753,286.7512047619048,71.4751,732.6196,160.8189,214.4252,214.4252,19.558333333333337,16.958333333333332,0.0,1016.5,249.58333333333337,2.6333333333333333,11,0
7701.4395,320.89331250000004,89.3438,625.4069,142.9502,285.9003,276.96590000000003,17.995833333333334,12.820833333333333,-1.0,1014.8083333333334,278.2608695652174,2.6041666666666665,11,1
6790.1323,295.22314347826085,89.3438,714.7508,196.5565,357.3754,250.1628,18.2125,9.954166666666667,,1014.5583333333334,270.0,2.920833333333333,11,2
7111.7702,309.2074,89.3438,696.882,232.294,142.9502,285.9003,18.220833333333335,10.854166666666666,,1018.7916666666666,92.6086956521739,2.4625,11,3
4860.3054,202.512725,125.0814,410.9817,142.9502,196.5565,160.8189,19.8875,13.6125,,1021.3458333333332,150.45454545454547,2.1666666666666665,11,4
4878.1741,203.25725416666668,125.0814,482.4568,160.8189,142.9502,160.8189,20.1,13.720833333333331,,1020.1458333333334,229.16666666666663,2.5625,11,5
5038.9929,209.9580375,107.2126,393.1129,357.3754,268.0315,178.6877,14.8625,1.2041666666666666,,1020.6625,319.1304347826087,4.833333333333333,11,6
6057.5132,302.87566000000004,125.0814,696.882,160.8189,250.1628,259.09715,13.145833333333334,-1.9791666666666667,,1020.1625,273.3333333333333,2.6625,11,0
6611.4449,275.47687083333335,107.2126,553.9319,142.9502,232.294,250.16275,15.504166666666665,7.083333333333333,,1021.4041666666668,165.41666666666666,2.3291666666666666,11,1
4485.0615,186.8775625,107.2126,589.6694,160.8189,125.0814,134.0158,19.658333333333335,14.304166666666667,,1022.1666666666666,172.5,2.595833333333333,11,2
3037.6912,126.57046666666668,107.2126,142.9502,125.0814,125.0814,125.0814,20.745833333333337,16.191666666666666,,1022.8541666666666,138.69565217391303,2.1083333333333334,11,3
3001.9536,125.0814,107.2126,142.9502,125.0814,125.0814,125.0814,21.75,15.425,,1022.7458333333334,96.08695652173913,1.9375,11,4
3055.56,127.315,107.2126,142.9502,125.0814,107.2126,125.0814,19.879166666666663,13.520833333333334,,1020.525,212.5,3.1166666666666667,11,5
4324.2424,180.17676666666668,107.2126,482.4568,125.0814,339.5066,142.9502,19.045833333333334,12.0875,,1019.3791666666666,176.25,4.5874999999999995,11,6
5324.8936,253.56636190476192,107.2126,714.7508,160.8189,142.9502,178.6877,20.291666666666668,14.075,,1016.7708333333334,98.33333333333331,4.1499999999999995,11,0
5950.3002,283.3476285714286,89.3438,732.6196,107.2126,232.294,232.294,23.120833333333337,17.883333333333333,,1015.6041666666666,143.33333333333334,4.179166666666666,11,1
6665.0509,302.9568590909091,89.3438,625.4069,232.294,268.0315,276.96590000000003,22.59166666666667,19.4625,10.0,1014.9708333333332,171.25,4.254166666666667,11,2
6432.757,292.3980454545454,89.3438,625.4069,125.0814,428.8505,285.9003,22.558333333333337,19.183333333333337,,1015.1545454545457,220.41666666666663,3.4375,12,3
4359.9797,181.66582083333333,89.3438,375.2442,321.6379,250.1628,169.75330000000002,18.0125,8.954166666666667,,1019.775,174.58333333333334,4.108333333333333,12,4
4753.0927,198.04552916666668,89.3438,339.5066,196.5565,303.7691,196.5565,18.591666666666665,11.75,,1020.475,156.66666666666666,4.016666666666667,12,5
4377.8483,182.4103458333333,89.3438,500.3256,125.0814,125.0814,196.5565,21.1,15.629166666666668,,1018.0791666666668,110.83333333333331,3.5375,12,6
6504.2319,282.79269130434784,89.3438,661.1445,321.6379,178.6877,268.0315,23.583333333333332,19.358333333333334,,1014.6708333333332,155.83333333333334,3.7125,12,0
6486.3634,282.0158,89.3438,679.0133,428.8505,232.294,250.1628,23.875,21.1375,63.0,1012.2541666666666,215.0,5.166666666666667,12,1
5003.2552,227.4206909090909,89.3438,518.1943,285.9003,214.4252,214.4252,20.408333333333335,15.558333333333335,,1017.1913043478262,272.27272727272725,2.191666666666667,12,2
5878.8253,267.21933181818184,89.3438,500.3256,89.3438,196.5565,285.9003,17.708333333333332,12.545833333333334,,1020.3583333333332,302.60869565217394,3.470833333333333,12,3
3716.7039,154.8626625,89.3438,357.3754,125.0814,89.3438,125.0814,13.3875,6.9750000000000005,-1.0,1025.3375,239.16666666666663,6.154166666666666,12,4
3913.2602,163.05250833333335,89.3438,268.0315,214.4252,107.2126,125.0814,15.4875,9.270833333333334,,1026.7583333333334,152.08333333333334,4.741666666666666,12,5
4002.6042,166.775175,89.3438,393.1129,250.1628,375.2442,125.0814,18.570833333333333,14.9625,5.0,1023.9458333333332,108.33333333333331,3.658333333333333,12,6
4878.1738000000005,203.2572416666667,89.3438,339.5066,214.4252,125.0814,214.4252,22.47083333333333,18.695833333333333,-1.0,1019.3791666666666,184.16666666666663,2.033333333333333,12,0
3395.0656,141.46106666666665,89.3438,393.1129,89.3438,107.2126,107.2126,21.825,17.566666666666666,,1018.2583333333332,81.42857142857143,0.7666666666666666,12,1
2787.5275,116.14697916666668,89.3438,214.4252,89.3438,107.2126,107.2126,21.675,16.454166666666666,,1017.65,176.36363636363637,2.0,12,2
2644.5773,110.19072083333332,89.3438,196.5565,107.2126,107.2126,107.2126,20.2375,14.275,,1019.4217391304348,226.66666666666663,4.354166666666667,12,3
2555.2334,106.46805833333332,89.3438,196.5565,89.3438,89.3438,89.3438,18.141666666666666,12.058333333333332,,1022.35,108.2608695652174,3.370833333333333,12,4
2483.7582,103.489925,89.3438,178.6877,89.3438,89.3438,98.2782,21.645833333333332,16.6875,,1020.9166666666666,117.08333333333331,3.0208333333333335,12,5
2465.8894,102.74539166666666,89.3438,178.6877,89.3438,107.2126,89.3438,24.28333333333333,20.55,,1021.5416666666666,156.66666666666666,3.045833333333333,12,6
2465.8894,102.74539166666666,89.3438,178.6877,89.3438,107.2126,89.3438,24.525,21.125,50.0,1025.7652173913043,75.21739130434783,1.6708333333333334,12,0
2590.971,107.957125,89.3438,160.8189,89.3438,125.0814,107.2126,19.370833333333337,17.366666666666667,380.0,1025.621739130435,160.41666666666666,4.283333333333333,12,1
2733.9214,113.91339166666668,89.3438,178.6877,89.3438,142.9502,107.2126,15.620833333333335,13.191666666666668,-1.0,1023.3958333333334,215.83333333333337,4.320833333333333,12,2
2573.1021,107.2125875,89.3438,214.4252,89.3438,89.3438,89.3438,17.5,11.0875,,1022.7416666666668,274.09090909090907,3.108333333333333,12,3
2573.1023,107.21259583333334,89.3438,160.8189,125.0814,107.2126,107.2126,19.929166666666667,13.75,,1024.2125,142.5,3.2624999999999997,12,4
2519.4958,104.97899166666669,89.3438,178.6877,107.2126,89.3438,107.2126,21.104166666666668,17.429166666666667,,1024.2916666666667,85.65217391304348,2.8791666666666664,12,5
2519.4958,104.97899166666669,89.3438,196.5565,89.3438,89.3438,89.3438,22.15416666666667,18.591666666666665,,1024.8708333333334,103.33333333333331,3.0749999999999997,12,6
2483.7583,103.48992916666668,89.3438,178.6877,89.3438,89.3438,89.3438,22.3375,19.04583333333333,10.0,1026.3291666666669,85.83333333333333,3.1374999999999997,12,0
2483.7582,103.489925,89.3438,178.6877,89.3438,89.3438,98.2782,22.058333333333337,18.120833333333337,,1023.6041666666666,147.82608695652175,1.6875,12,1
2465.8894,102.74539166666666,89.3438,160.8189,107.2126,107.2126,89.3438,22.379166666666663,17.541666666666668,,1020.6541666666668,115.45454545454544,1.1208333333333331,12,2
2501.6271,104.2344625,71.4751,178.6877,89.3438,125.0814,98.2782,21.391666666666666,16.441666666666666,,1017.6913043478262,200.0,3.275,12,3
2698.1837,112.42432083333334,89.3438,214.4252,89.3438,125.0814,107.2126,11.916666666666666,-2.8958333333333335,5.0,1023.4041666666668,340.0,5.766666666666667,12,4
2644.5774,110.190725,89.3438,178.6877,89.3438,125.0814,107.2126,14.15,6.045833333333333,,1023.2875,198.75,2.9250000000000003,12,5
