-4.369361312311497159e-01,-4.821329578520839321e-01,-6.210838199919515024e-01,-6.344719502908359177e-01,-6.702752917143014466e-01,-6.148814319133705242e-01,-3.498829161945947730e-01,-8.294621826780060880e-01,-8.266363489040043921e-01,-6.668633916006877493e-01,-6.687388423214032374e-01,-6.985658783661879978e-01,-8.442739535180454613e-01,-7.736146341636374046e-01,-7.268653413269510200e-01,-3.976288243112582887e-01,-5.525996338869313407e-01,-6.889736411602114252e-01,-6.919276973320401813e-01,-6.401168363473226375e-01,-7.428444905951036015e-01,-5.794174951083930214e-01,-6.899276015461011102e-01,-6.106321989823200180e-01,-8.304619030382429656e-01,-5.426403564837032345e-01,-8.079237336754838683e-01,3.956806228104693957e-01,2.139536622604363281e-01,3.480105879263454272e-01,2.652499498305897485e-01,1.988943631402257384e-01,4.012802361399273043e-01,2.078677682379932168e-01,1.947996781037660552e-01,2.024943741501210870e-01,4.433115622505833797e-01,3.656650996119973906e-01,3.206152291810398514e-01,2.042658054678594404e-01,-1.234409993698189767e-01,2.135419272869805429e-01,3.164737636809621391e-01,4.418677185863045809e-02,1.171533107566290755e-01,2.016206788646097148e-01,1.277129460235643110e-01,2.561132840291136525e-01,2.132086631909071162e-01,3.432822785783000430e-02,-7.662240409000735386e-02,2.586697040617751964e-01,2.380802420781811812e-01,2.353795214408577752e-01,2.662520547252640313e-01,1.134730132333062191e-01,-1.195805791175199168e-01,2.120358812382233116e-01,3.013160513983329514e-01,2.056642280353785102e-01,2.636408722242442049e-01,1.377903449352686216e-01,3.832834708078474151e-01,2.400484131867063331e-01,4.016214974333290888e-01,2.428280122899573734e-01,5.306583118370562513e-01,3.435602669388411745e-01,2.564557144395175903e-01,3.882266152066090048e-01,4.312014853315694340e-01,1.274362962069119365e-01,7.812840568535894814e-02,8.995624415981684496e-02,3.281278463656598365e-01,3.095203460838800713e-01,4.649589106183006637e-02,1.336391041625344944e-01,2.293325127387695617e-01,1.810293727561816945e-01,1.664993682176625078e-01,2.775618034836561665e-01,2.358143343411674420e-01,1.683619670343908248e-01,2.684636042100072562e-01,-7.367662703455942763e-01,-3.758524969235854662e-01,-4.324001176116361034e-01,-3.641715435774871557e-01,-3.926327721000579807e-01,-3.948493925507662317e-01,-3.506130490367987962e-01,-2.035596317137598199e-01,-3.643888959339290357e-01,-3.530250893697958747e-01,-4.088363667462424633e-01,-5.842720962311214183e-01,-4.981399319483717503e-01,-5.147932426254389071e-01,-4.545384498245955696e-01,-2.985194376433143448e-01,-3.332678064184818045e-01,-3.786826391373075418e-01,-2.973129662913702731e-01,-6.317525089100124447e-01,-4.977624139535646308e-01,-6.259277435444969839e-01,-5.303418343629837661e-01,-4.655669622107470595e-01,-5.116305285020966709e-01,-3.091492259092175621e-01,-3.043746303812790432e-01,-5.728725396700453665e-01,-5.279773601199614363e-01,-5.324428891799892760e-01,-5.679626897968257371e-01,-6.668329300469134635e-01,-3.987017084179389492e-01,-7.300292471792296789e-01,-6.382936609141970363e-01,-6.202056926932780767e-01,-5.864473275611669090e-01,-6.901149300365700956e-01,-6.076491885906094570e-01,-5.597150276704453420e-01,-5.012420932767421844e-01,-6.609672595699594977e-01,-8.063803383358748578e-01
-4.261746064760792985e-01,-3.732480081216349443e-01,-6.087422747303858905e-01,-6.636038387787047688e-01,-5.770409869901793609e-01,-6.769172457179285507e-01,-8.454454778065672027e-01,-4.879166839193264660e-01,-5.664301898551672432e-01,-4.918041738024115372e-01,-6.768731448554061725e-01,-6.361985167973660538e-01,-5.374802743701539987e-01,-8.116418529195323917e-01,-5.630741146937104924e-01,-7.577508553073371012e-01,1.278920021606851365e-01,2.610127962576534455e-01,2.978673921847695416e-01,-3.640234826669546536e-02,1.982002922338571560e-01,1.391375931112833753e-01,2.831936597395655619e-01,1.721739560859434359e-01,2.324766296768797647e-01,1.417549020945169103e-01,1.313236539997452157e-01,3.089457020103524368e-02,1.565834939428906170e-01,8.262895897142906454e-02,-7.545438907911407311e-03,-2.277747501774682881e-01,1.759752311204771658e-01,1.649314960183906331e-01,1.302637586404266912e-01,1.789924951977337614e-02,3.297720009464291113e-01,2.377501008995216644e-02,1.535871834965250871e-01,6.629107969223342828e-04,2.705598273999114123e-01,2.331236308840356208e-01,-2.501689086163016908e-03,2.556433425254321934e-01,1.913107921044001625e-01,4.383754881114531286e-03,-1.449314895790248248e-01,-5.081570181659889919e-03,3.268140464564445735e-01,1.780779789909546496e-01,1.672320058423909517e-01,1.328201742221865045e-01,1.593452795684611178e-01,3.234871145751699872e-01,2.182603847320810364e-01,1.048048039938040132e-01,3.961582704875040578e-02,2.328060263176472688e-01,6.850791116838342298e-02,2.475875232739039103e-02,1.281307862180645560e-02,2.402642049583934500e-02,2.530712384286893379e-01,7.731411332434957873e-02,3.055769832918391327e-01,-5.814319155645943787e-02,1.511925095599740421e-01,1.127365091021055865e-01,-1.821613176407556323e-01,2.525866296054866678e-01,5.005580436210015777e-02,2.483381075376355981e-02,1.288368481671029186e-01,-1.856382527210309052e-01,3.038467385864294240e-02,2.989992671092500665e-01,9.018944767842811128e-02,2.210926764323449881e-02,1.152737832244189603e-01,4.019068336511358308e-02,9.044247277884327751e-02,1.176547826575734673e-01,1.257020257663698792e-01,6.372221571943179064e-02,1.612765796823462938e-01,-9.812356222280659013e-02,1.451189287906482495e-01,7.411460024316608112e-04,2.448350895925280324e-01,2.394434596925771597e-01,-8.194313675051262402e-02,2.467990017498970096e-02,1.113105342636507289e-01,3.161523649469792918e-01,-7.339631425253384522e-01,-5.756035040277891479e-01,-6.580299945010854579e-01,-7.214377814044150572e-01,-7.289136382438267114e-01,-4.497487212424629011e-01,-5.053598108051153837e-01,-5.766738964838230563e-01,-5.989473372339316759e-01,-6.996650079115961374e-01,-5.108819461151140606e-01,-7.005143536057183429e-01,-5.893657700985205361e-01,-3.875706574949352445e-01,-5.296528913989483334e-01,-4.255208135848648210e-01,-2.674959541324360979e-01,-3.735243382225052478e-01,-2.998900795300843969e-01,-4.641617324279072587e-01,-5.800296355092986467e-01,-6.263096876659182133e-01,-4.261256032100345648e-01,-5.981797556593673182e-01,-4.107023430870196390e-01,-5.409673155060070737e-01,-4.817680510012102291e-01,-4.230744740186975217e-01,-3.786792373871869510e-01,-4.197652718917990189e-01,-3.544562381987895749e-01,-2.678424273138406697e-01,-4.407118675997560575e-01,-4.751967555046904268e-01
-4.889037871888373132e-01,-5.245867997550484052e-01,-2.438262223834105902e-01,-5.231345977421891780e-01,-4.922948970293946069e-01,-3.274152433238290971e-01,-3.184539876917439893e-01,-5.918957699524933780e-01,-3.780387608115505227e-01,-4.794559798651292226e-01,-3.410411370105597695e-01,-5.538992200920574982e-01,-7.192878682310716032e-01,-4.686700609933693307e-01,-3.432722923984287688e-01,-6.006309384509537219e-01,-3.500427413450669656e-01,-3.770938814371868619e-01,-3.726167838014246558e-01,-4.924826066073443864e-01,-4.183045554890094109e-01,-3.579803500127123339e-01,-5.146958861337126434e-01,-2.162100904495877496e-01,-4.204600426605941688e-01,2.477881611659688843e-01,7.624042459785954073e-02,3.475429286122470041e-01,3.558835305108755676e-01,3.129044576662938226e-01,3.578268344968825176e-01,4.567079637882003329e-01,3.807765002148127964e-01,3.549638079745239261e-01,5.104570905644546519e-01,4.305988672594600053e-01,4.177325120506513723e-01,3.403047081120650907e-01,2.189701094334650655e-01,4.082091114394241216e-01,4.315146552985619777e-01,2.369214033735503044e-01,3.941744090383915711e-01,2.562950843654344113e-01,4.402394973482166574e-01,3.327536954851629258e-01,5.420878991395134960e-01,3.318732081598447237e-01,2.458299630651992196e-01,2.064755280409068805e-01,2.610290047347206266e-01,1.880954164032967169e-01,4.484528543660094568e-01,3.970505805447097081e-01,3.567405960915376872e-01,1.591934225831106164e-01,3.361789682879685603e-01,3.490940619607304507e-01,1.969321058091106913e-01,2.788640361104247622e-01,3.462454318749175752e-01,2.567703469303663222e-01,1.719862090222148421e-01,5.064595324478305960e-01,5.710107263181108950e-01,6.195232604902851659e-01,3.545589718115596534e-01,5.029912571302151969e-01,-2.569096581509766053e-01,-4.473245303868652600e-01,-4.795215913788160034e-01,-5.758940563056414996e-01,-5.216120343630172851e-01,-4.150166579384342858e-01,-3.660072776156124696e-01,-4.409099156748863546e-01,-4.042961991251498022e-01,-5.768914709736442381e-01,-3.221284563621616415e-01,-4.845716594860624005e-01,-2.986738807994033795e-01,-3.677672183168501641e-01,-2.817786239752531063e-01,-5.245047346199164240e-01,-5.492014577636874506e-01,-4.121007800919381237e-01,-2.413872700058584397e-01,-3.965306535082089856e-01,-5.343855921856964786e-01,-4.918913474110783723e-01,-2.025823561859068644e-01,-5.588036315649429486e-01,-3.999255025260154972e-01,-5.197117164310567361e-01,-4.038906499945516537e-01,-6.962352289632490754e-01,-4.844190322530946835e-01,-6.992953293317433205e-01,-4.510177993321071166e-01,-6.423016102441958530e-01,-4.930964343552364793e-01,-2.705716599558856128e-01,-4.036865568797968762e-01,-4.156799512752111792e-01,-4.600240823827107528e-01,-4.013615585359465721e-01,-6.306488992524410531e-01,-3.730829592045916687e-01,-4.169419581495716898e-01,-3.524500570403427679e-01,-4.224085177366780908e-01,-6.482240401137273622e-01,-3.134528408729028159e-01,-7.321970831634511123e-01,-4.706596601369626987e-01,-4.714535180291153371e-01,-4.589140978547400218e-01,-8.540395299203653590e-01,-3.165278990868352627e-01,-4.625873144571965301e-01,-2.589120034583287100e-01,-4.790512751783402856e-01,-5.574399167682684286e-01,-5.041928058864757478e-01,-5.399470569739792669e-01,-3.009121182151946461e-01,-4.578158965322151053e-01,-5.302949812934606433e-01
-2.278813726254153016e-01,-3.928405250517835734e-01,-4.773818016103995032e-01,-3.771771389476931136e-01,-4.909289306542517495e-01,-5.709487041046908962e-01,-7.906882264104663216e-01,-3.046382881535593112e-01,-5.392411942196819741e-01,-1.730127498075056114e-01,-5.371408973915063889e-01,-7.149287004903098763e-01,-4.801319288544528829e-01,-5.263717999147593529e-01,-1.694515128754325306e-01,-7.260399284083243199e-01,-5.274360720961075444e-01,-5.853448868574695485e-01,-6.476461702625544437e-01,-4.421122121662742765e-01,-4.768331844853793688e-01,-1.802521960623764963e-01,1.004848176133280813e+00,8.748309080162873785e-01,7.537434040367844146e-01,3.685407367935480405e-01,5.740761250482221412e-01,7.900280160329308243e-01,4.909918943253398504e-01,5.858318491963561137e-01,7.003691534133275054e-01,5.583778875184044477e-01,4.946071838347395055e-01,3.666664598541923836e-01,3.279473072923678734e-01,4.438076017297283293e-01,4.970322359229169540e-01,2.619107161129068384e-01,2.205324985821980888e-01,5.419215866646576174e-02,2.181660079151701848e-01,4.585453857969737923e-01,9.325854437703549882e-02,2.693629499026254925e-01,1.819128656435584912e-01,1.508128486941285040e-01,5.037163529339758888e-02,2.593793640558106905e-01,3.447566572559375431e-02,4.752725709049012565e-02,7.606399176080735902e-02,7.939093315236225856e-02,-1.275381356724711868e-01,1.048448421030107602e-01,-1.146599772019247371e-02,-2.017204542348244312e-01,-6.860869324611287845e-02,-2.453453008427533832e-01,-3.615546034164078271e-01,-2.330968257749961858e-01,-5.588148817805939084e-01,-2.524714519294995463e-01,-2.344882856215239064e-01,-1.647294806144977697e-01,-1.715670347933932194e-01,-6.343370157971396361e-01,-2.778760180988304462e-01,-6.114016820843476419e-01,-5.270406179399069746e-01,-5.759759621088458292e-01,-5.346117413517256223e-01,-3.383320633858584725e-01,-7.440612064592438957e-01,-7.854225533349241672e-01,-2.762069231831258409e-01,-5.946966445411178137e-01,-3.055465332904984121e-01,-4.380862573724741971e-01,-5.637855788138721458e-01,-1.978611375475028689e-01,-5.511698118638251875e-01,-6.552479853865648129e-01,-5.892873056744040161e-01,-6.204425998202978132e-01,-1.057454115761826963e-01,-1.472943550093589182e-01,-6.715054242462037415e-01,-7.240060516059121376e-02,-5.291764769317865991e-01,-1.928841547075356710e-01,-7.070404892356862980e-01,-2.633256453140027098e-01,-3.984893591806231705e-01,-3.022650064332383923e-01,-4.305448284792008917e-01,-4.205574899360686181e-01,-2.476734771456759743e-01,-6.067937139388253076e-01,-1.933810138802603273e-01,-2.880412083829328451e-01,-2.955836513548958377e-01,-4.747020532622774347e-01,-2.782826360682421618e-01,-7.709190795620936010e-01,-2.748311344928892064e-01,-4.172684007995734468e-01,-5.035336775913697993e-01,-1.321751511366030252e-01,-1.888410037905231265e-01,-1.752677640125498426e-01,-2.272383579949046051e-01,6.453612856331256142e-02,-3.851084972252067362e-01,-1.991475035285021344e-01,-1.599084000050131071e-01,-3.086607993341207723e-01,-3.226343251335225815e-01,-1.690598739328373346e-01,-3.929573592234006929e-01,-3.447364130615210853e-01,-8.240553562460763148e-02,-3.604738351779814276e-01,-4.847864261548276432e-01,-2.709107154326595990e-01,-3.426671101665263452e-01,-3.616241878313320446e-01,-3.855097531256718724e-01,-2.967204517641724437e-01
-6.190383243011463588e-01,-6.820565236480686799e-01,-8.734955201560506977e-01,-4.690949164165370000e-01,-2.654031510930576765e-01,-7.172284896641021312e-01,-4.127427624610432999e-01,-2.907493827523038310e-01,-5.419951487749551378e-01,-2.766316876374191880e-01,-5.296987094525197337e-01,-5.862859125814816608e-01,-3.905144241468286870e-01,-7.268061225782359580e-01,-3.045681452731083816e-01,-5.243529455437132558e-01,-5.657237593528573472e-01,-3.070011655927139538e-01,-5.717595649162924287e-01,-3.605545018279725511e-01,-5.609668786387528305e-01,-2.679284851219031482e-01,-7.439288504363317234e-01,-7.376565770677034894e-01,-5.199056325452738880e-01,-6.150903459843032328e-01,-3.956328952871316362e-01,-4.151164688127936264e-01,-4.979595858665802899e-01,-5.703241623327832688e-01,-3.497549600399319503e-01,4.190313503574183418e-02,-3.664632638876623161e-01,-4.267702874670884494e-01,-2.605662363047748786e-01,-3.146799224766222980e-01,-1.185230771332643762e-01,-2.791776106890056508e-01,-6.775739223451197057e-01,-3.515898584224181334e-01,-1.973052710337465376e-01,-1.373015615682777468e-01,-5.756854179255197490e-01,-5.380033491994555828e-01,-3.314460878088001938e-01,-3.612892468412335911e-01,-2.166374594700662959e-01,-2.539865479721824526e-01,-1.503715837550008150e-01,8.713290747498529665e-02,-8.339366185626038985e-02,-4.411522323772970426e-03,-4.372353633725215016e-01,-6.305960202091001054e-01,-7.258770907140763224e-04,2.523368886622749316e-02,-3.816376684177783668e-02,-1.595360021032100617e-01,-5.538644779027208920e-02,2.825504325519958421e-02,-1.057595790003093006e-01,-3.173312010345472611e-01,-1.891753643130747176e-01,4.545618621035105167e-02,-2.981986809769989200e-01,-1.652802628993586542e-01,-2.187160423523434039e-01,-2.121095317233766819e-01,-4.584524760736841120e-02,-6.562475725347105548e-02,1.185716287131590163e-01,-7.606951740416164395e-04,-8.112874288806100342e-02,2.762262996867068665e-01,6.104580592001349060e-02,-2.813347179042187118e-01,8.446456004547399365e-02,-1.031464667300561744e-01,1.176422542292347440e-01,2.445185956327553811e-01,-2.017853177525965047e-01,-2.100547276521094048e-02,2.090070654041727982e-01,-6.904967037079695613e-02,-1.028101130917491307e-01,3.528452917546886503e-01,2.475100823278778839e-01,6.550585338203643304e-02,7.373769112780810542e-02,1.548049622672940939e-01,3.633038131151181127e-01,-8.560099692815648087e-02,2.544364652975332763e-01,2.264053652979576559e-01,3.993273078547275312e-01,2.802540199054451286e-01,1.918212695973826876e-01,9.953291481761290804e-02,3.371003188854808097e-01,8.079105663363266299e-01,6.059543451602555919e-01,6.273792634318104966e-01,4.054577019828699003e-01,5.987764326944590154e-01,4.410170688396815586e-01,5.747690348531979687e-01,5.412666293614124546e-01,2.878570378765630822e-01,3.547998809566792477e-01,4.703077671787430636e-01,3.569389176450445955e-01,4.151634773803801748e-01,2.426467826105464243e-01,6.116216906678197951e-01,4.357820416622336102e-01,4.359091653168509772e-01,5.288210591055994003e-01,-7.763577143089568366e-01,-5.973359798348362171e-01,-5.343235363215651512e-01,-6.874063077452398085e-01,-4.794933610993232231e-01,-4.233226037962212196e-01,-3.552775562551643285e-01,-3.599967053129742856e-01,-4.014395824832980297e-01,-4.583019036739228724e-01,-2.536671912925458350e-01
-3.761862060287107790e-01,-4.951117295841365173e-01,-1.883848289630663531e-01,-1.856306182191305720e-01,-3.518944830368307408e-01,-5.818448181292756871e-01,-5.314653197618133262e-01,-1.859810048862919896e-01,-4.761926430941950672e-01,-3.713992667704637540e-01,-4.506636542975095416e-01,-3.748539686118092518e-01,-5.902034350626329529e-01,-3.447185454380478076e-01,-4.514168022136020864e-01,-1.482264469722701927e-01,-2.503694990669592113e-01,-3.417857631705412125e-01,-6.706321337269195437e-01,6.445720674583815812e-02,-1.390011444448652767e-01,-3.406276855582613949e-01,-6.504413453901067288e-02,-5.833137660469160934e-01,-1.411176669365252767e-01,-3.110005288768261655e-01,-5.319835553018880114e-01,-2.142883873219560975e-01,-3.719698131776932315e-01,-6.114545924189344200e-02,-4.552348815192781561e-01,-2.023392764969946245e-01,-1.659494894981656532e-01,-2.802419234571457141e-01,4.023283934243861992e-01,2.843762682115981433e-03,-2.722759437983724440e-01,6.205163972979654829e-02,1.516073549310590629e-01,-6.984916843630026816e-03,8.198559922767782726e-02,-9.998376176326451495e-03,3.250682700269760805e-01,4.063683546936820434e-01,2.386586268462236871e-01,2.499894945939434149e-02,2.065783627225729335e-01,2.987614667041305072e-01,5.349424169050281952e-01,2.941688289041087256e-01,1.916106365851405480e-01,2.180591209246879880e-01,4.591027900287816821e-01,1.158944073877483660e-01,1.254524429586691692e-01,5.401862086875328650e-01,7.380703232808415448e-01,4.221026449556015137e-01,5.270368117694149701e-01,5.077710737723004630e-01,5.289106102563752021e-01,6.620977664737128787e-01,7.476922970803540069e-01,9.400128281105804007e-01,6.936248182013502461e-01,5.808697290426197979e-01,-3.174051898648215797e-01,-1.069029877905722375e-01,-1.967595044929897341e-01,-1.147826216406255539e-01,-1.752632988026017746e-01,-5.293312739178089865e-01,-1.290099019064679664e-01,-5.453613336933998273e-02,-6.925955587673957581e-01,-3.000549374200958130e-01,-3.293075784087005631e-01,-4.475168758783526490e-01,-1.015438215152174167e-01,-4.212576618822586050e-01,-3.095335841625706519e-01,-2.847334654910483875e-01,-4.801164106181309288e-01,-3.014449174575723478e-01,-5.554215107236455395e-01,-3.501622215649422554e-01,-2.838085207894988082e-01,-1.832862935947002503e-01,-1.428678180413733290e-01,-1.702014824575220908e-01,-6.104097855681259732e-01,-2.641254467237433845e-01,-1.535268310719731799e-01,-5.671196339141325593e-01,-1.258566369966127030e-01,-4.995576173231110473e-01,-3.387355585613990305e-01,-8.672576982166173287e-02,-4.654658437592293363e-01,-4.866998905282222676e-01,-4.024880166889007183e-01,-2.903069928558856816e-01,-5.395659912163304206e-01,-1.386510921754475767e-01,-2.620461636933115734e-01,-4.075551033900888798e-01,-4.043973283917685624e-01,-2.050622258210240134e-01,-3.473616049750893886e-01,-2.986045768641341636e-01,-3.002666307669293322e-01,-1.533699394574628283e-01,-4.833444969737764052e-01,-1.851892786747406927e-01,-3.463053418202002853e-01,-3.740532028576008527e-01,-1.534687202158344921e-01,-1.499466805942277770e-01,-5.253632424339271800e-01,1.992676566714149389e-02,-2.561196462702406973e-01,-3.853481444573564896e-01,-4.196088067527966592e-01,-6.039625464026231461e-01,-2.196466254436604260e-01,-2.748060305872382370e-01,-4.323440309759742362e-01,-2.210726953369011871e-01
-4.882084402934775413e-01,-7.567514442128945307e-01,-8.518888845724621461e-01,-7.671527414751297957e-01,-5.606424061213745036e-01,-6.611165174651242316e-01,-4.802074996521633610e-01,-6.119999621423248826e-01,-7.700293999058632766e-01,-5.694923633279124209e-01,-8.090453328117952481e-01,-1.057480147508164325e+00,-9.716088871440234920e-01,-2.685237442804128127e-01,-1.119761545930492597e+00,-9.676095355740411685e-01,-7.326844278559115908e-01,-8.068361904048182431e-01,-5.426631847659775243e-01,9.996098241447688715e-02,2.489062343664235066e-01,-1.781879507000389828e-01,2.518595744568589700e-01,2.631247217201768684e-01,9.978887217103390994e-02,3.695444269357945899e-01,4.292458265987720845e-01,-6.149706927898910408e-02,1.425685075980826222e-01,-9.944289014162192852e-02,1.361840555679789122e-01,1.696967776356821667e-01,2.778465057926611248e-01,1.545456177142055798e-01,3.347741688311345887e-01,4.324523821733352591e-01,1.795221575874899889e-01,-4.506472577238746641e-02,2.555490065202378758e-01,1.971342799726989725e-01,1.316991720492319828e-01,6.690205504099074052e-02,2.484769828934731417e-01,2.180128702398299589e-01,4.406038486178611713e-01,3.881800260801311353e-01,3.350611895328644563e-01,2.944593937806114226e-01,1.203903094622378045e-01,2.147203286892251581e-02,1.685337897671848051e-01,2.163915393275307741e-02,-1.121653085987589227e-01,5.050185288217274859e-01,2.414651267620432362e-01,2.903902872388606227e-01,1.003968803057578990e-01,2.140921966480656136e-01,8.835973041562847352e-02,5.426470391213241568e-02,3.738595440365046763e-01,2.209993005078194073e-01,7.337990022195432782e-02,9.194375013039526867e-02,1.325807647799303463e-02,1.047482408078165700e-01,6.002352251321484145e-02,3.703090061442855241e-01,1.596731110069939119e-01,6.854558602773629106e-02,1.576815666185277798e-01,6.821768706676679950e-02,9.357287553002574532e-02,2.613048092131577405e-01,3.177918003643353528e-01,-2.991069351934215470e-02,9.830343056715638850e-02,9.852996655059206854e-02,-3.257562312593824394e-02,1.192127496395027457e-02,1.163927463019888281e-01,2.441527142639771386e-01,8.782405351916329483e-02,2.952995068287868063e-01,5.431359499944066888e-02,1.674469562514661058e-01,9.056777897575585268e-02,2.883656899569559950e-01,1.561842505319888941e-01,1.216655380022550748e-01,-6.876366819310386624e-01,-6.031339451770570959e-01,-7.695499961193835725e-01,-4.771308219343119994e-01,-4.473104348613216596e-01,-6.597811167162708212e-01,-3.774438012130256759e-01,-5.682438692832040283e-01,-4.650284814628183883e-01,-4.695135171445076194e-01,-4.424951674593665674e-01,-6.849009461011994482e-01,-4.510377922072915102e-01,-4.857336597456133331e-01,-7.929674041543559593e-01,-5.144770764470342206e-01,-6.564154812601429301e-01,-4.876167526867324908e-01,-6.304097248058577740e-01,-5.096372839166292135e-01,-4.592690959377291882e-01,-2.934390756572936576e-01,-3.390039331366292985e-01,-4.718329027790282293e-01,-5.893309301946735301e-01,-4.502860011375287019e-01,-4.167468085031390546e-01,-4.240498485626472136e-01,-5.259449045244363186e-01,-5.210513813008078587e-01,-6.056537588300059394e-01,-4.067805599924426696e-01,-5.124439630126068623e-01,-4.799178248710432859e-01,-5.365228021470851427e-01,-3.596313829374591098e-01,-5.436437884381867258e-01,-3.824489331706362183e-01
-2.957205432662141642e-01,-3.070933567338208769e-01,-4.325506837698737117e-01,-3.999238717437411661e-01,-3.870247422492398282e-01,-3.530180182141662848e-01,-6.201526363418965460e-01,-6.271594270847212771e-01,-4.193530495938534997e-01,-6.049807066483353646e-01,-6.858306362081050267e-01,-3.946381866359886526e-01,-4.572679224157115141e-01,-4.490623542979851890e-01,-4.604053332739925231e-01,5.722499373696168234e-01,4.336276884614499449e-01,5.199854060108972664e-01,7.185020945008067095e-01,3.456341247295892094e-01,4.287623360487607949e-01,3.996748339025236185e-01,5.015370870443078832e-01,4.103069918682155093e-01,7.112679691104459856e-01,7.985848982217095271e-01,3.808941937129473598e-01,1.315624830295860637e-01,4.595753312418079384e-01,1.682601829827673479e-01,3.458994813931100532e-01,3.807492513712634197e-01,3.083693661130983976e-01,4.366846112719688366e-01,1.706347861509086572e-01,1.596410170459188760e-01,5.302573360759037929e-02,3.671780645808382648e-02,3.230524810949074732e-01,-2.323801004521679810e-03,3.238051998839482915e-01,2.733907750679325788e-01,2.882857162768590747e-02,1.519928469680367766e-01,9.551901757896214332e-03,-3.263101438286090256e-02,1.684439469349420515e-02,-2.823361018753252627e-01,-8.429471727465877307e-02,1.304890990596434264e-01,-1.015037148498941846e-02,-5.740613392348372507e-02,1.243372753651925677e-01,-1.450484639295941958e-01,-2.732729145377501417e-02,-2.623627129349337395e-01,4.678791066151570532e-02,1.275108588628154904e-01,-1.638349740147296285e-01,-3.677414808204265695e-01,-1.551431165689453884e-01,-2.476790099509727783e-01,-2.898620393887791358e-01,-3.942538952413601749e-01,-2.290153586169420552e-01,-1.016054707218939507e-01,-2.395375470680910501e-01,-2.607830184780125515e-01,-1.022572471346515528e-02,-4.062517197850377682e-01,-3.825325797874132849e-01,-3.087397426178370777e-02,-6.499039150462049275e-01,-3.037356820295611382e-01,-3.754375457732030963e-01,-2.498664520395632582e-01,-5.123087916392451424e-01,-4.778427034310273047e-01,-3.800563549689001119e-01,-8.416310821818737131e-02,-2.679726624945764080e-01,-4.570659296974724506e-01,-2.170456043051223749e-01,-2.693133956065629220e-01,-4.358750555960765327e-01,-9.969553879826931198e-01,-3.534843291604104487e-01,-3.567874883145130127e-01,-4.170338464091012387e-01,-2.573215461458903675e-01,-3.581208882066566623e-01,-4.677415343767630795e-01,-3.729994270329943795e-01,-3.152229434610380188e-01,-3.214024076722034051e-01,-2.530432872089442564e-01,-5.655281156342742976e-01,-2.199072626546755560e-01,-1.406122441454608352e-01,-4.858361918439732530e-01,-1.598354376253435793e-01,-1.840542561320955006e-01,-2.050047035258922290e-01,-2.808348172115205377e-01,-3.525166051326441563e-01,-2.285379529231468809e-01,-3.643171914856130345e-01,-2.798105880601765572e-01,-2.123139379900873258e-01,-4.698216557142427252e-01,-4.612008355276981941e-01,-1.705052878410698580e-01,-6.628515455042492677e-02,-2.325782584995934599e-01,-3.922402613775681779e-01,-2.977066643238944765e-01,-3.113262427811960831e-01,-3.136530216602642085e-01,-3.947718690363697935e-01,-1.598265498444003674e-01,-1.442979560704379105e-01,-2.897334660831527020e-01,-2.654047033302755487e-01,-3.166557190033419955e-01,-7.112679189823334358e-02,-5.103024538526457210e-01,-4.123405404576924171e-01,-3.086202857925411935e-01
-3.606358745754209005e-01,-1.492392995554913671e-01,-5.260067456611505765e-01,-4.686578708428300044e-01,-4.575813910964318110e-01,-3.104001018909347542e-01,-5.315092402409776762e-01,-2.932054452375781883e-01,-4.191154357240456929e-01,-5.128597463882931251e-01,-4.900331638996524575e-01,-2.768427883875057005e-01,-5.334640568398077987e-01,-4.771125504880296408e-01,-4.997967977738451140e-01,-3.720350172104640030e-01,-7.475384000895062275e-01,-5.571881210226662384e-01,-6.456640183756109375e-01,-3.966791860212603993e-01,-5.502562718638555062e-01,-5.898448176580983748e-01,-2.486859378444205848e-01,-3.641194052123513658e-01,-5.806667659852262631e-01,-6.095241968986271353e-01,-5.139273270180062525e-01,-6.774200924802379342e-01,-4.543774975748330891e-01,-4.507539295571839633e-01,-3.519660089185256968e-01,-2.878368894547284618e-01,-4.865162662677620098e-01,-1.798554220707609674e-01,-3.081524475213874570e-02,-1.435223960431283308e-01,-5.317778295007389300e-01,-4.207614990836846536e-01,-4.391069755994548296e-01,7.111032318861075507e-02,-6.876530517193045478e-02,-5.007038175169682415e-01,-1.547076912434222906e-01,-3.785721301979462217e-01,-1.082177477278212507e-01,-3.617126344742281341e-01,-3.151447446854421797e-01,-1.227269952096272237e-01,1.673845171885208483e-01,1.544348352436780980e-01,-2.283973683728732218e-02,3.040878780391458036e-02,-1.764703797578726918e-01,6.130089020842979276e-03,1.673603790965887406e-01,-2.538307566083431444e-01,5.308480932119400419e-01,-2.399689311587423213e-01,4.277700277852020672e-01,5.078085881416283254e-02,1.251922077368905206e-01,1.812337430538474847e-01,2.417543005590555572e-01,4.371775827495297806e-01,-1.355164062943249037e-01,1.571972100055680499e-01,2.681349368857467996e-01,4.319682520846934021e-02,3.064634460981290887e-01,1.865729644906117812e-01,-1.411920122441434333e-01,4.666223594999787116e-01,3.956513051962284311e-01,2.921514088242813667e-01,4.725539217541787074e-01,3.279669199995621232e-01,2.737840303263268660e-01,1.103317018471633298e-01,4.723334802140269906e-01,2.834281816161418055e-01,6.928700890717170990e-01,4.221831230587750894e-01,2.760783744628272363e-01,4.033873242510346846e-01,4.304723019925367211e-01,6.831544666545555922e-01,5.815775325503023119e-01,4.396744292559942036e-01,3.689638306101540310e-01,7.747542261163956612e-01,6.021816003220327174e-01,4.433691750145503097e-01,5.514038122797457753e-01,-3.446041067553629045e-01,-4.402804198756409271e-01,-7.527017539200221430e-01,-4.364261775100860552e-01,-5.017149544984428333e-01,-5.694169188811563087e-01,-6.190921578996919639e-01,-5.599743463471316129e-01,-1.873395131598384888e-01,-6.285860221290258121e-01,-2.932649801391190025e-01,-4.193783461244157129e-01,-4.565794537695682664e-01,-1.775187936442386982e-01,-5.183281332774823946e-01,-5.081308598321063741e-01,-5.905003413410095936e-01,-4.726920390168992125e-01,-4.303708580371148895e-01,-3.712106339181325820e-01,-2.849425952573744203e-01,-4.690673925809246136e-01,-5.196041505311088660e-01,-5.852121079382601732e-01,-1.869653706456999576e-01,-8.160070933369734103e-01,-3.488047303544069555e-01,-4.795984454194058277e-01,-2.656159493134340743e-01,-3.326375345051686416e-01,-3.233442719880322280e-01,-3.847181450636654731e-01,-3.231949569335917372e-01,-4.852238410837249050e-01,-2.749822453167556913e-01
-7.721173092244371094e-01,-6.254796694650531785e-01,-6.549343323379880344e-01,-4.919640405210507494e-01,-8.174299188107755354e-01,-7.578539952802729740e-01,-7.229859466080448271e-01,-8.173509039153228350e-01,-5.898398571124564560e-01,-6.606335851178317675e-01,-7.109560537470250852e-01,-4.166828221103913155e-01,-5.331092996021806751e-01,-4.252231657612818849e-01,-5.688472682113789869e-01,-6.331367128531252275e-01,-5.517635438902506184e-01,-4.134013759052657111e-01,-4.091702687754121825e-01,-6.085056798927248600e-01,1.900381650912937870e-01,1.507066472379327976e-03,9.247615676162751486e-02,4.263099155422824665e-02,9.419127802110982550e-02,1.708139078549692491e-01,2.843840079609894489e-01,-3.722099972740641055e-02,1.688725948606813465e-01,1.569670263269114796e-01,2.669504027521317213e-01,6.494230027035378938e-02,8.884433129391797190e-02,2.179225276397424582e-01,2.951739949448471956e-01,2.656361414862298265e-01,3.985564643667948714e-01,1.346484051465844101e-01,7.614320716842418180e-02,4.727097926476911405e-01,1.127016950684061047e-01,1.092249549923523105e-01,1.409382613453400990e-01,2.902150992435617027e-01,1.678264183487470640e-01,2.735867537071554612e-01,3.258313692556167457e-02,3.933778091121167830e-02,1.169302319719472405e-01,2.295929140011755687e-01,-1.064895844400911007e-01,-2.236888080320399985e-01,1.885596545768820353e-01,1.827855786628740375e-02,3.820861682091297729e-01,2.654984848076885617e-01,1.123770697717238198e-01,-1.591911990711521825e-03,1.978559961117977439e-01,1.280336176619080168e-01,4.736524547287518372e-01,1.758803005246658557e-01,2.167351060470486812e-01,3.862246214979032088e-01,2.991149553273425021e-01,9.928460347839944411e-02,2.067811640313177435e-01,1.733362880486326307e-01,-2.559593253586437550e-02,2.639627157508140920e-01,1.405284827303379114e-01,1.542631170340581226e-01,-3.736631560125930340e-02,-3.810687412717756600e-02,1.409110379571688332e-01,9.780919599037703194e-02,3.582674943220999220e-01,3.369558755408682549e-01,1.171414561258272459e-02,-9.071926526576335609e-03,1.553764123432154753e-01,1.453423796066407592e-01,3.002363636639551747e-02,1.694130120297882569e-01,1.371763767525559785e-01,3.264690204361884729e-01,9.547912476609771160e-02,9.066712668731026492e-02,-4.886736655344575686e-01,-4.640614703002068353e-01,-4.205407947808971758e-01,-5.036613723761267369e-01,-3.996074595372204885e-01,-4.464493872890998305e-01,-3.668622085434121716e-01,-4.238338279701254763e-01,-3.099921711101552013e-01,-4.286944393786606966e-01,-2.131885523561130591e-01,-2.424816145305687398e-01,-3.333633856155814312e-01,-4.688487619769522996e-01,-5.097897827158538453e-01,-3.974531505933406317e-01,-4.187395637391527203e-01,-3.237591929536066671e-01,-3.611869487394441247e-01,-2.826882418917574524e-01,-2.096942735872866226e-01,-3.289314554395415535e-01,-3.991018468242709116e-01,-5.334661010062952124e-01,-4.808058476275138826e-01,-5.002503952756190975e-01,-4.584010461416840321e-01,-4.318536127696003812e-01,-3.289022507448872146e-01,-4.488989073595834323e-01,-3.748054409776938045e-01,-4.850207457748483275e-01,-3.780340868110271257e-01,-5.220747540788088781e-01,-6.273079058490385052e-01,-4.566039842098280066e-01,-4.073896777645201750e-01,-4.733968343439040605e-01,-5.854156010074146321e-01,-5.423877610781699943e-01
-6.051825902910723531e-01,-9.367049672548997119e-01,-4.825559699855938023e-01,-8.022313613184185455e-01,-1.090014533029120214e+00,-4.633982349403369394e-01,-2.781073589214580477e-01,-6.329496035538730858e-01,-5.294070820253885534e-01,-6.967769131823807749e-01,-5.487607654349195840e-01,-8.120416330180818543e-01,-4.181810087507700779e-01,-3.692289927719768494e-01,-3.162223299451857872e-01,-1.406098715525484211e-01,-6.997075192787062248e-01,-3.806404666999638753e-01,-3.963663788383620656e-01,-3.544064965669011524e-01,-3.245247552314278749e-01,-8.633737050518627276e-01,-3.397634719506228418e-01,-2.204253429466874192e-01,-3.598565119987194305e-01,-5.230577873783317511e-01,-6.363818637855194194e-01,-3.371565076273447259e-01,-3.141854336115969537e-01,-2.533713026210783759e-01,-9.141097790476185314e-02,-1.494749898455948779e-02,-2.311282546581755470e-01,1.120898008463756985e-02,8.620341582059586061e-02,-2.108614386791618847e-02,-3.499579280519789226e-02,-7.910832979238062446e-02,-6.411215495451055846e-02,-1.416882149680767367e-01,3.514537184152465715e-02,5.987816286749751693e-02,-1.222807911960507865e-01,-1.123136672075731451e-01,-1.628738293928022260e-02,-3.898175605252093834e-02,-2.299800365883694631e-01,1.551310381549231010e-01,2.403114680826088367e-01,3.722541373981530510e-01,1.157180785711193899e-01,4.695211201492853481e-02,2.781917006470825959e-01,4.655793131886531988e-01,3.455857756847362516e-01,3.318434101617692700e-02,4.616112455193497888e-01,2.349482453575403862e-01,2.035207100691900639e-01,5.326403571001920856e-01,1.824810944653893763e-01,1.164355200582483096e-01,3.854195404271811842e-01,2.858877968275285175e-01,4.311230251425252069e-01,3.010814829855955610e-01,5.887175196627207896e-01,3.458011751500690290e-01,1.708401192228805876e-01,2.587450129455835524e-01,1.665846468585948925e-01,2.054994577261123612e-01,4.464050233806144963e-01,4.745040639453880216e-01,2.377071532178074709e-01,5.187017964585499685e-01,4.276982820322930978e-01,5.770605056798135957e-01,7.272538198614771909e-01,-3.675254063347522804e-01,-3.700894741631712281e-01,-4.739653486429520335e-01,-7.013038405570122258e-01,-6.806546772793131694e-01,-2.339219866467442677e-01,-7.168130331283310008e-01,-5.607806853836518057e-02,-7.115284562972918891e-01,-5.059872067738779844e-01,-7.370146183364477688e-01,-2.365649534873283666e-01,-7.547378293316455711e-01,-6.344495911059340187e-01,-1.502502121744908048e-01,-6.877156216775492936e-01,-5.142593834146188536e-01,-5.112845505321904627e-01,-2.208757802654023050e-01,-5.967429462574028731e-01,-5.658421762624030737e-01,-6.294136119325575152e-01,-6.229882120498478892e-01,-8.754679105717046994e-01,-7.526024138433856647e-01,-1.028473867463667535e+00,-1.181788805041898316e+00,-9.868376150648667799e-01,-8.737725849848922977e-01,-1.194714784769785654e+00,-5.953113231307629594e-01,-1.006967394249216996e+00,-7.523328825017435717e-01,-8.613650052497661136e-01,-5.383476850443658090e-01,-4.043604509839448524e-01,-1.380417891708197287e+00,-8.211152252820583808e-01,-1.141767515388820486e+00,-5.420010553316693125e-01,-5.104712257453293267e-01,-9.862833776137028829e-01,-5.092829250390340512e-01,-4.978613866305122149e-01,-6.498537137717128598e-01,-4.181854513411550900e-01,4.207079396880982619e-02,-4.985106370155480415e-01,-2.875033489324418934e-01
-3.290643657011240730e-01,-4.974384095316778387e-01,-5.314872768962061178e-01,-5.801590315482545446e-01,-4.503085745068194923e-01,-4.441023911837513327e-01,-1.926638272044777500e-01,-3.375305990507119214e-01,-5.814596307437374101e-01,-7.417681558018512922e-01,2.968975170719691421e-03,-7.102733913502018437e-01,-4.175921551447830948e-01,-3.733907373104232708e-01,-3.609544317094029453e-01,-2.302792584382412910e-01,-1.368414635436052684e-01,-3.605343969515755753e-01,-5.856360610256992061e-01,-2.784830793525955861e-01,-3.497204647931591026e-01,-2.858125923352800579e-01,-2.826631809949646246e-01,-6.804540554592809487e-01,-6.647998302670781179e-01,-3.717249665646044088e-01,-4.449284488632817558e-01,-3.493306025682434979e-01,-2.132493661384645411e-01,-2.435737222284417580e-01,-5.418436828672389127e-02,-3.082843206634074476e-02,-2.074282867665434849e-01,1.788894659730985159e-01,-4.081668108401758643e-01,-3.401744828671135479e-01,-1.939393660988137369e-01,2.105352037397209206e-02,-5.467928467879467486e-02,-3.284919385613141452e-01,2.372330955630018445e-03,-3.615964689402966781e-01,-2.427588934428958345e-01,-1.924688535700764813e-01,-9.503305758080336785e-02,4.642120363299868657e-01,6.231552343154096729e-03,2.237888897979425917e-01,1.172041117309642749e-01,2.720074782722223805e-01,-4.176262152947166073e-02,2.207695260305346519e-01,3.111737305915914242e-01,1.006932362581027147e-03,-1.963859953791309010e-01,1.927244984598737720e-01,9.103791889001129622e-02,2.934371342164533991e-01,1.296418951684090437e-02,3.419100593495000284e-02,5.875133195868115221e-01,3.641706890265914431e-01,3.196429241643516383e-01,8.843106420902492326e-01,3.166370788903731248e-01,9.620599594888733508e-01,3.172505463989804819e-01,4.304373838942451846e-01,1.154752201285855984e+00,8.771308429496442738e-01,8.508759661233744609e-01,9.011777037340344965e-01,7.378221851565569533e-01,8.419276950287344352e-01,1.038415529630756229e+00,-3.621064878333243309e-01,-4.648107267147598143e-01,-3.522604900736853728e-01,-3.679356600325290327e-01,-5.384217312188596116e-01,-4.719225956171386183e-01,-2.416352018205241703e-01,-1.300866696884478146e-01,-7.385891296470218359e-01,-9.851125609026754881e-02,-1.122604475751084602e-01,-1.761362375504137989e-01,-5.217879794907548385e-01,-5.002540032613936871e-01,1.632885847508854307e-02,-3.594358848450443511e-01,-2.763437893028520276e-01,3.647137269624909500e-02,-4.077303871920845979e-01,-3.742756988377284322e-01,-3.563847643420820499e-01,-1.663630784115984751e-01,-1.808754041013184988e-01,-1.904351824282057848e-01,-3.140590582330244906e-01,-1.525301773186631960e-01,-3.424857810986493556e-01,-2.155024317030636571e-01,-9.385327554426503571e-02,-2.048079330580424573e-01,-3.333754873225822091e-01,-1.774185790250578931e-01,-1.481889471155005966e-01,-2.109715953417503065e-01,-1.445303145104659681e-01,-1.594055340587845204e-01,-2.467156200663870591e-01,-1.644572970478367924e-01,-1.995806594081941943e-01,-2.037454906670295995e-01,-6.286691692199269932e-02,-2.859253277852056782e-02,-2.089910037113550390e-01,-1.102331872622314135e-01,-1.052760130955235074e-01,-2.608763132991774591e-02,-3.337602498348694047e-01,-2.940521860037507151e-01,-3.400210477044436352e-01,-2.486443777025300061e-01,-2.028952113480898545e-01,-4.432154260942103852e-01,-1.091362262436019193e-01
-7.597993499023361075e-01,-5.966166939091666066e-01,-6.030106458075352727e-01,-6.938942964020351489e-01,-8.461027738630406692e-01,-6.786270509626420866e-01,-7.931381580393034314e-01,-5.434635205973472605e-01,-8.272331156361639737e-01,-6.882125319699610166e-01,-6.059300729275901576e-01,-8.525905178199174594e-01,-6.259918150572214568e-01,-6.631265997176543081e-01,-7.840682611487329590e-01,-7.327246639890139246e-01,-5.746686228560584642e-01,-5.350686264385244861e-01,-5.925100023258125237e-01,-6.851404772940321575e-01,-6.326757385855729110e-01,-7.369407485366628041e-01,-8.355754973410536302e-01,-9.698637263008036413e-01,1.011112865415995377e-01,-3.755975195023096291e-01,-3.247660631962216438e-01,1.780440629900580107e-01,-6.332554002445994756e-02,-2.333928849205015865e-01,1.586112963362784067e-01,-1.456693324226917552e-01,8.842911752176796716e-03,-1.367211735492380453e-01,-1.227632093614204195e-01,-7.181567144278377945e-02,-9.800104083859072224e-02,1.569708450795362087e-01,3.038963300214134744e-01,-2.398368523587719459e-01,9.244333599466827978e-02,1.849887981117769864e-01,3.699697923159659951e-01,-2.299396679196434312e-01,9.751970472724720562e-02,-2.178496699325119246e-01,-2.004960537427710743e-02,1.553787311553241346e-01,-2.082875499622027435e-03,1.249866479043923034e-01,-3.265797690423246497e-02,-8.080751375381706181e-02,2.066371627474933026e-01,4.095831230107974674e-01,-5.669030448880894857e-02,2.951755391511353896e-02,-2.218113831805335334e-01,1.240463089604529057e-01,-3.694944738257222028e-02,7.586403562213113461e-02,-1.189221945294947035e-02,3.383481688666264420e-01,2.318338292381427468e-01,6.448068290769545796e-02,5.838772475768128772e-02,1.315346037036068949e-01,-1.592194690542572399e-01,6.316730208707253824e-02,-1.116297240587356132e-01,1.673713599171088584e-01,2.407846267408272622e-01,-3.670081875941772626e-02,2.090113292909146769e-01,-1.136772268596848018e-01,-3.642374559808466555e-02,-6.888216144426846654e-02,-1.195703637383199736e-01,1.432272881129738155e-02,1.220203793467837666e-01,1.007304594189115526e-01,6.117813456032911851e-02,4.097573029138378703e-02,-1.116854304178050150e-01,-7.698150057871543106e-02,7.685413128351992196e-02,-2.494356771384855231e-01,2.037946865346776729e-02,1.675092670583682997e-01,-3.167463873094928956e-03,-1.555546987263207448e-01,-6.856245292970070127e-02,1.428942214585985360e-01,-2.187666927277199386e-02,-1.111575377061788245e-01,8.054428345526284949e-02,-5.649740454422353536e-02,1.457777769893273956e-01,-1.897920365978138235e-01,-1.259485968606994521e-01,-5.454292170493840047e-02,-4.611745876774636654e-02,-2.038841097526495061e-01,-9.941483844527648772e-02,-3.434357480338117163e-01,1.670411431460040452e-01,4.776210705651654648e-02,-1.495275599752846352e-01,-8.742834260352025377e-02,-2.366522484385471248e-01,-7.443479628226287725e-02,2.285174994148507222e-01,-1.689169271218263768e-01,1.400915303651742395e-03,1.914715196233207350e-01,2.354967444619906480e-01,-3.273654811517683755e-02,3.900673441873545033e-02,1.534614299122862846e-01,-3.638384071709809681e-02,-3.170984114953985800e-01,4.434418942221454024e-02,1.088108145694135637e-01,1.104485580214302626e-01,7.591212032197240667e-02,2.216880082869221447e-01,-1.141638701191807881e+00,-1.207321154950700359e+00,-1.031266570196628596e+00
-1.784878190801816866e-01,-6.700976214244092066e-01,-4.075701615008190948e-01,-6.238910454290225172e-01,-7.201179053400659225e-01,-5.229564705707000494e-01,-5.792341702122308922e-01,-5.841671406324929761e-01,-2.806484675640654736e-01,-6.186229946521182299e-01,-2.704388064280896509e-01,-2.589181736925537658e-01,-2.441686417641013018e-01,-3.372095424357152704e-01,-4.612238875225443957e-01,-6.366969099784399733e-01,-3.120736723294850745e-01,-3.268597849973804426e-01,-3.095289022644118759e-01,-2.605233570371393026e-01,-1.651296579763233963e-01,-2.081095886591932398e-01,-2.742499266258974777e-01,-4.358481538057268345e-01,-3.434405333899110957e-01,-9.359578189710338059e-02,-2.872965752469078260e-01,-3.161732598901448865e-01,-3.732054570233679924e-01,-4.923888841477726541e-01,-2.108912418183209736e-01,-3.146135063737153237e-01,-2.580251800229274584e-01,-2.476358985261271073e-01,-2.058018182654094141e-01,-5.676427436144786121e-02,-2.354180748685135993e-01,-2.690057283668595423e-01,-7.944876169262664323e-02,1.133532203181136268e-02,-1.008171135171586213e-01,-3.771589395472220441e-02,-1.266840936199629675e-01,-9.532996839294675950e-02,-1.130933874285653118e-01,5.938900114312489764e-02,-4.696277337066048774e-02,-1.218684638605364717e-01,6.969886984453596557e-02,-3.257197798957406909e-01,-1.709647045180474612e-01,7.796416567357966620e-03,3.255322202626615563e-02,2.415260396076596150e-01,7.708986551463450909e-02,7.303922644937151099e-02,1.603394086980351185e-01,-8.429421474185543051e-02,7.256500497670892447e-02,-7.002914754343848511e-03,-2.833381440219401651e-02,-2.204218334334683282e-01,1.697797125785969197e-01,-1.772603428365337741e-01,3.866908335310842437e-01,4.156259840817330131e-01,1.704682686639276967e-01,4.066572196304862885e-01,3.626588615792267767e-01,-1.517689532294508037e-01,1.915913994349262850e-01,3.208901977062876831e-01,5.270219328484264665e-01,4.210716391616993182e-01,5.822815993647038058e-01,4.421311536238726192e-01,8.100690409106486856e-01,8.853633998638409386e-01,5.310534547206597900e-01,4.076451459082063855e-01,5.327079374896090957e-01,5.829786944863923903e-01,3.582286078625754877e-01,9.115404204042885095e-01,6.723171845050629480e-01,7.256715502227309988e-01,7.249834960749496071e-01,6.147170827514109037e-01,8.809871257244613618e-01,-4.889662229653014003e-01,-4.608777991175862510e-01,-1.197414899953794104e-01,-5.226996471232034924e-01,-4.446914911851454488e-01,-4.441135737543832063e-01,-4.618941358240319928e-01,-3.222074902241227057e-01,-3.996787597797488156e-01,-1.660275077815013267e-01,-2.843424061553405102e-01,-4.640746602342271654e-01,-4.757891866098245548e-01,-2.925574141600290612e-01,-3.374922821100114767e-01,-3.070003803743882043e-01,-2.321050842394117852e-01,-4.474481205140335427e-01,-4.364228679440756986e-01,-2.020086308913769946e-01,-4.453203973006404359e-01,-1.972881741005857170e-01,-2.980137893329681820e-01,-2.128300133020599449e-01,-2.351229144979715968e-01,-2.068428518892739820e-01,-4.038734830585360980e-01,-3.390674564851433592e-01,-1.810080566446045092e-01,-1.770470999414795465e-01,-1.906328634965739899e-01,7.883248284571754434e-04,-2.024908222599603458e-01,-1.725525240189733078e-01,-1.991193033493134090e-01,-1.369912770377602895e-01,-5.833133740833005287e-01,-4.101234320480092177e-01,-3.777348684207748608e-01
-3.298251858302496675e-01,-3.312475103170879898e-01,-3.683341862831279734e-01,-7.377419048531567158e-01,-8.594014187682510464e-01,-5.448911193151676491e-01,-5.839630204054496732e-01,-5.952673621202017040e-01,-7.475198207369134762e-01,-1.570993006717032181e-01,-6.699189960642573105e-01,-7.455434496640105380e-01,-4.398345562369787576e-01,-5.387036473732780273e-01,-5.220185675603438158e-01,-4.963930821741696642e-01,-4.654756094788681242e-01,-6.478980890767122025e-01,-7.310495788767048531e-01,-8.284773375903853321e-01,-5.333070581142779210e-01,-7.738207521193475324e-01,-5.251915073592643424e-01,-4.662737436057527440e-01,-5.393881548827819117e-01,-7.690951849202686263e-01,-6.748203292400943853e-01,-4.033903007552252507e-01,-3.223956462784259291e-01,-3.146539780453579405e-01,-7.022826445906561466e-01,-3.643383970955316742e-01,-6.798196328897145868e-01,-3.032056574783528746e-01,-3.613140722738241717e-01,-4.691076253072721247e-01,-1.097138226259993521e-01,-3.346034687400699092e-01,-7.117275795268554472e-02,-2.501353590917639313e-01,-4.574410710556063298e-01,-4.207019028734715893e-01,-4.365857348111622516e-01,-4.946838600333289260e-01,-2.097898021926680734e-01,-2.203585664366464469e-01,-3.549707716973916072e-01,-2.173903730312914118e-01,-3.187552610601271930e-01,-1.438817220524893914e-01,-8.808984410019175815e-02,3.921191886248703851e-02,-2.615379763950813619e-01,-3.599624836736494138e-01,-3.146657517298012685e-02,-8.977677452217572296e-02,-1.029919794609066297e-01,-5.844931414785559803e-02,-1.362526935491918667e-01,-2.274057226621046535e-01,-1.288027539107747255e-01,-1.189322945427303685e-01,-3.849869422909062144e-02,-1.083990288569918956e-02,-9.599948492737504085e-03,1.045938869493223157e-02,9.675682421956480206e-02,3.093165710185055012e-02,-3.845064407320028521e-02,-2.329833160685128995e-02,-1.404215068137359135e-01,-2.505457779401683988e-02,-1.313910682314889736e-02,7.823275177195543328e-02,1.231547432775407375e-01,5.536944237718655071e-02,-5.230894054826139977e-02,1.404162200069742350e-01,2.070664988510784732e-01,-9.989308311537192439e-03,1.000104478446832007e-01,-4.597930724838037754e-03,2.032093957940604989e-01,1.992354634695448767e-01,3.077275977611437785e-01,-2.253973768368245922e-01,3.807933461281076161e-03,-1.959643966390457737e-02,-1.194468319158874942e-01,-1.073256522689214343e-02,-9.479241566989477299e-03,2.145743375902588734e-01,2.733552770199804138e-01,-7.666782509765075748e-02,2.207268222907955435e-01,1.032793183441140655e-01,-9.558575074499139901e-02,2.700563493288573591e-01,1.959696101338360974e-01,5.047325103783560918e-01,4.072269131078588150e-02,5.442541721135365496e-01,5.874462183745093879e-02,7.058374569386274278e-01,8.470054823372236141e-01,6.329299803998670315e-01,2.716643094948290593e-01,5.147825275587463167e-01,-3.574321680987423838e-02,2.973546710423151107e-01,5.143669474470973224e-01,5.281293837890994602e-01,4.779550904107542908e-01,8.147553697088179003e-01,6.750058047365565805e-01,5.668046329356168922e-01,8.590560823750988950e-01,-9.401427235557688888e-01,-7.636529148760289321e-01,-5.360256692194017569e-01,-3.676396898449211803e-01,-6.222541256986735547e-01,-8.519888457866773290e-01,-5.726832919679424316e-01,-5.004941152109166902e-01,-2.679003348074852631e-01,-4.211457861374994782e-01,-2.596671940840990511e-01
-6.889673077303519744e-01,-4.570659615574495516e-01,-3.657323233082288710e-02,-4.920438331352818273e-01,-1.801887648005540132e-01,-5.173617225016131638e-01,-4.145211821067339986e-01,-3.224140483942937729e-01,-3.191302025019072119e-01,-3.742089193875398623e-01,-4.268970747270570132e-01,-2.996695224778420097e-01,-2.950257444688709763e-01,-4.466442529845318643e-01,-3.086453974908852094e-01,-3.798225738585069844e-01,-3.734972072822473899e-01,-2.476075869003510066e-01,-4.339237575497747468e-01,-4.974594988803021645e-01,-4.131907858771338704e-01,-4.168634914578732142e-01,-5.527775370093397367e-01,-4.913521917773254755e-01,-6.580034479894391053e-01,-3.813225985858099687e-01,-5.245221176811348807e-01,-3.965904538666291668e-01,-2.441895707317857933e-01,-6.285141058758376698e-01,5.071700285774065620e-01,5.025864479720261180e-01,6.584231825261102067e-01,6.343571162599388469e-01,1.070642828878876962e+00,4.088716844657327987e-01,5.630046823479775142e-01,7.174245743674489972e-01,6.045752629161388336e-01,4.036475187738036707e-01,5.930450336011235946e-01,2.904691611608154478e-01,4.001013429303711955e-01,3.555718991921236749e-01,1.046114976076663872e-01,3.433237694293735376e-01,5.163143083984287340e-01,3.840879243611594052e-01,3.482292683396002175e-01,3.186301085815736456e-01,2.158120372924626218e-01,5.365156790940850406e-01,-3.339527434096555836e-01,4.320444984959679879e-01,3.446315709103678349e-01,4.578753202623369045e-01,2.603321236829183594e-01,-4.929441051867895773e-02,-1.528846639706987753e-01,5.819514871767358932e-02,3.383004914737408053e-01,1.325740100149662981e-01,6.394797131988429195e-02,4.875393894724915252e-03,2.163289666594324090e-01,2.592713231351511521e-02,-2.574928465191224647e-01,-1.492677294107463692e-01,6.661883325851225557e-02,-1.207914132994050566e-01,8.022237813507748783e-02,2.072777063811104270e-02,1.180784044372644587e-01,6.353043656415256757e-02,-1.273961284379691861e-01,-6.450551459874206972e-02,7.571517897236208772e-02,-1.637690506515361577e-01,-1.525193987501273774e-01,4.848500612600790266e-02,-1.342791664869595891e-01,1.888349382758189310e-01,-1.609596851684039487e-01,2.259963712534254765e-01,7.751734234202724283e-02,-1.421332776138887477e-01,-6.720360670633779288e-02,-1.659513987996726059e-01,-3.224849961341190174e-01,-2.428104263200946134e-02,-1.816822198505976260e-01,-1.961968231908866600e-01,-3.430481529814912722e-01,-2.423695860443055294e-01,-3.565460588430547917e-01,-3.347176489957111589e-01,-1.975521868188593044e-01,-2.885760052343366855e-01,-1.117887013458219031e-01,-6.080025745602909981e-02,-1.739907795071177765e-01,-2.051147390280130267e-01,-2.401963392071929382e-01,-1.440939789696020490e-01,-3.987274321915094677e-01,-4.124275217757933376e-01,-3.720672692036147144e-01,-3.992556994981303897e-01,-1.688754208981627924e-01,-3.348961217726010298e-01,-2.820433585345832883e-01,-5.940322515248624979e-01,-2.544366072942725876e-01,-3.476659208194284867e-01,-4.375076561318188562e-01,-3.458458440482957696e-01,-3.978556802490159638e-01,-3.126031749398917592e-01,-6.380579605200806803e-01,-2.678795495023117978e-01,-3.315348119446161479e-01,-4.430127152386532097e-01,-4.236158458087834200e-01,-2.266773602142304889e-01,-5.605603444671205526e-01,-5.414621186124887187e-01,-9.402714276175604124e-02,-3.869230189667856590e-01
-5.199084273901510844e-01,-5.507174099933869194e-01,-6.057883434652330257e-01,-3.700906201139123053e-01,-8.345694148910249854e-01,-5.124277283579280473e-01,-5.186122853770173124e-01,-2.677221258953773608e-01,-7.007261102788009399e-01,-7.148016091027682428e-01,-6.176324777034376545e-01,-5.344396382240884646e-01,-4.219389727541897339e-01,-3.685838733153475322e-01,-1.602962035165744481e-01,-3.243868988420711141e-01,-4.903587363285880629e-01,-4.876855745600386371e-01,-4.948772276938649961e-01,-3.927379258562384012e-01,-5.188259421348065947e-01,-4.289364247813710063e-01,-8.445535026526432842e-01,-5.361318700423052253e-01,-6.931182359900919243e-01,-6.255595783692416978e-01,-5.091243881366379620e-01,-7.182711265905026288e-01,-6.759901798082540436e-01,-5.836409324869906712e-01,-4.083795492924600090e-01,-3.780464123117578401e-01,-5.601300694354182097e-01,-5.377740958258546700e-01,-3.461470912514580389e-01,-6.623337482538490528e-01,-4.633410618904791334e-01,-4.480630213964473807e-01,-3.420553348041052155e-01,-1.355595221622238611e-01,-5.557158411046424495e-01,-3.804906293697991604e-01,-4.520685713287489471e-01,-4.055984688263366555e-01,-2.733378690186454296e-01,-2.525251544773396972e-01,-2.260110087956851421e-01,-2.231700417600592790e-01,-2.630067202005598737e-01,-3.747901629420784531e-01,-1.676578543814503386e-01,-4.131985635367932952e-01,-3.272710273479801368e-01,-4.418579094512424810e-01,-4.302712049001162220e-01,-4.885553417992070102e-01,-2.667152596429167577e-01,-2.586290762380005215e-01,-3.042832595921831848e-02,-2.040137554904339345e-02,-7.831630971752066850e-02,-4.950423607772303641e-02,-2.184941122928293900e-01,-2.264116196956473398e-02,-3.360807578954445873e-02,1.928955979017184588e-03,6.783472691310872505e-04,-1.558126250033554094e-01,1.027370217048394069e-01,3.045561621245573836e-02,-1.091684915855206384e-01,1.629007338998893772e-01,1.055917052990877070e-01,-1.084116381977973456e-02,1.058051063095235139e-01,-4.110027186942701027e-02,2.669364001459322289e-01,1.403048038761729455e-01,1.002807469806264451e-01,7.282008297224681903e-02,3.282573425912752030e-01,1.734467783843943456e-01,1.223723475331188609e-01,1.106617468885006811e-01,-1.888379355810138396e-02,2.334532828069336985e-01,4.638612383152893037e-02,1.178412163803505275e-01,2.918343595648302258e-01,2.817393833914265122e-01,6.084569261008090924e-02,8.741242696426729242e-02,2.021628081171298608e-01,2.885362492947903257e-01,2.048864720541546391e-01,3.471853936004685171e-01,2.709672032488018023e-01,2.346275440613145580e-01,8.942660850002379092e-02,1.096226687626436630e-01,5.994195753669315785e-01,3.543348020418504718e-01,2.845831988241274146e-01,3.832988850661615543e-01,3.881189103981932398e-01,2.489614317890351536e-01,7.049261325328801675e-01,5.321749343000171661e-01,3.216580326262296619e-01,1.729438500125083100e-01,6.636717158374106917e-01,4.463646668073813495e-01,3.795007135346126770e-01,5.888966151144330308e-01,1.604557080868612706e-01,-5.815103625479174365e-01,-4.540947499477265836e-01,-7.499939466537054455e-01,-5.184534267275433539e-01,-3.575184849940084009e-01,-2.618298526974860430e-01,-6.111305524237049536e-01,-3.656716566870885088e-01,-5.876576776329179852e-01,-5.277687271330814278e-01,-5.295491561371695743e-01,-4.532030723439104958e-01,-6.298109641815564652e-01
-7.551336323685018392e-01,-4.469857377922931141e-01,-6.241947598436263789e-01,-3.205154401304234901e-01,-4.632076699971572342e-01,-8.267914193332764894e-01,-3.148596936001900048e-01,-6.393360469814384217e-01,-5.634160529434724118e-01,-5.528790498437340384e-01,-6.257579952663305800e-01,-4.822494523785121334e-01,-1.485248630836626949e-01,-6.802658262960848967e-01,-5.478023417128972117e-01,-4.301837392596939980e-01,-5.892255758478632810e-01,-3.148223671185014783e-01,-4.608705059028031514e-01,-3.765092820168954857e-01,-5.868578113252466144e-01,-3.892254656609601682e-01,-6.069512663637913752e-01,-2.471132185334876108e-01,-4.223796796034720580e-01,-4.706247219858064046e-01,-6.990703271689534537e-01,-5.767389566419552915e-01,-5.403477247012004048e-01,-6.291577784979296428e-01,-5.002195373245745813e-01,-3.377602465958349232e-01,-1.356083257992076463e-01,-2.855867728380593884e-01,-2.417507448141366644e-01,-1.386369673897278332e-01,-3.053926259188444736e-01,-6.518698495083344868e-01,-3.474022232029236879e-01,-1.643303332787411364e-01,-7.001493093356171704e-02,-3.822753549385797256e-01,-5.322064623380483583e-01,2.801215067455518209e-02,-2.466250421354785061e-01,-1.398345791974830166e-01,-4.702753794636087281e-02,-1.460631696713264316e-01,-1.420654913878739989e-01,-2.232742178834213123e-02,-2.199179183440288232e-01,-1.925718006833294083e-01,-2.799100448981767797e-01,-8.898411315117123188e-02,7.938900481814241405e-02,1.063002574726916588e-01,-1.895385993754837850e-01,-2.264492476929639564e-01,-1.531496678496890307e-01,3.843846232689097919e-02,-1.986672659292284260e-01,7.163028476866463434e-02,-2.661890571829014784e-01,-2.307948136493356839e-02,-6.895295857136445050e-02,-6.994944792413028412e-02,1.869876251854807048e-01,-3.806327665073251654e-03,-2.754578187553141655e-02,-1.474343641883676947e-01,2.058873931088227027e-01,-2.197418182059830138e-01,-1.156954768181160942e-01,-4.761389142835949218e-02,4.598227587838573105e-01,9.238162603915150983e-02,1.025226303843046055e-01,2.231778970037042731e-01,1.873932680311502230e-01,2.282613349282569259e-01,2.158235094938607337e-02,2.632049634180274600e-01,1.477937933560393713e-01,4.194893321628887506e-01,2.003313036567300198e-01,3.379241189972436166e-01,-6.131653997538951545e-03,-2.491667826176248782e-02,2.594855049787958556e-01,2.779909180672411328e-01,4.663153896432255530e-01,5.482237894006029011e-01,5.006452671102822327e-01,1.072466537060196845e-01,4.147976865879777764e-01,1.169452445712660105e-01,2.479734958192857108e-01,1.511301081864412921e-01,3.844371093130551920e-01,1.132392315241434883e-01,5.643415282133789068e-01,7.252884627955332730e-01,7.621250212720067641e-01,3.797829341029577144e-01,4.285233532167514459e-01,6.068121910029555810e-01,4.795106589555376830e-01,5.669181321987567523e-01,-5.781926610534089406e-01,-2.679595161348988230e-01,-3.895017592856328537e-01,-2.651030493991700099e-01,-3.685013448721533025e-01,-6.197475365339107922e-01,-7.706312857758066404e-01,-2.982563629236681391e-01,-8.714883556848992407e-01,-3.549012230071122431e-01,-5.127098847963700301e-01,-1.038043333199970553e+00,-5.894677402226010665e-01,-2.767250786667715956e-01,-6.442316870245136107e-01,-1.987354088380651751e-01,-2.877617835083354780e-01,-5.801685919145248560e-01,-5.975558857301254134e-01,-8.647642334705958334e-01
-6.701733159270946150e-01,-5.984861966795562704e-01,-4.107392331942881225e-01,-7.067684528348638917e-01,-5.708125096095323370e-01,-7.177513896672985672e-01,-7.620753329402789600e-01,-6.126553838520784057e-01,-6.933116772862824018e-01,-6.524217994367723650e-01,-7.540860284488439813e-01,-6.547684202609801440e-01,-8.566679960680740891e-01,-7.808729254591872948e-01,-4.768054505532048348e-01,-6.593141100772943464e-01,-7.069524891409720846e-01,-6.512685077276462176e-01,-5.843767612561523439e-01,-6.301930094974849128e-01,-7.750702556117702313e-01,-7.171311812647692685e-01,-6.448630518652961330e-01,-5.962897662019934764e-01,-6.918977715656917660e-01,-4.951401454835112070e-01,-7.113632242892979907e-01,-8.824419592709580318e-01,-7.447108370112747178e-01,-5.179045194704644250e-02,1.947965639861945833e-03,3.799613044205354950e-02,9.405767539708520530e-02,2.406446384570415098e-01,5.777759601661602157e-02,1.036744466013302113e-01,1.341968312541698682e-01,-3.475632606396052149e-02,1.247504589478991011e-01,7.003651693288832913e-02,1.289481674952111245e-01,1.083810250598061242e-01,1.262879788700215777e-01,4.964762235032429277e-02,2.037912666982000798e-01,8.446816070222604167e-02,1.580809956037028119e-01,5.901619743010312613e-02,2.019174209673930617e-02,1.100113786142355443e-01,2.127610838298949272e-02,-1.131291963716615258e-02,9.750810191554760975e-02,2.677070709604563448e-02,-2.683316106653218028e-02,1.368642100052887556e-01,1.084319892865037299e-01,-1.992421418971247749e-02,1.035889059031738640e-01,8.684232884073271597e-02,-2.519348314837452710e-02,-8.583729480173631077e-02,1.698708966458223890e-01,6.087260382112297946e-02,-1.244895496347616232e-01,3.492086220421520282e-01,1.597819314799663742e-02,8.847783514713704334e-02,2.036282442769940526e-01,3.237388484726212018e-02,-9.357320888264522574e-02,-1.667637233260123586e-01,2.144658767200626204e-01,4.932606147378103614e-03,-4.962077861094857378e-02,-1.107639970263750787e-02,1.337601594376188752e-01,1.115967253289051331e-01,-1.540878896920296059e-01,-4.297199574469636602e-03,8.446178251787339608e-02,5.804342340506946085e-02,2.278911321821542324e-01,5.677893167169729277e-02,1.221339231073181597e-01,3.731246041433832622e-02,1.509595322453853306e-01,6.667995072309390592e-02,2.180747735441756208e-01,1.432008646592771994e-01,8.377548156067918250e-02,6.536330503766933642e-02,1.752746360183201624e-01,6.145258449998237948e-02,2.322849653155621696e-02,8.169602549659450708e-02,1.298038670612442491e-01,4.305603044349479158e-01,-2.496644075035712659e-02,7.906217022276611217e-02,1.316289056846028371e-01,1.936052522897287465e-01,6.313037327088873163e-02,-3.714699409617584075e-02,3.661338716407360194e-01,1.147498720269167077e-01,1.495769085038607116e-01,-6.781576269805340840e-02,1.507365944446267640e-02,1.586343172885945341e-01,1.854934822598650890e-01,2.988937320498573635e-01,1.840855901144529960e-01,-6.841734595730655233e-01,-3.944571758585411758e-01,-6.609216397859460912e-01,-6.669285310790994403e-01,-6.005950667458040959e-01,-5.915629042780403690e-01,-5.544815602266692789e-01,-6.155207901538122250e-01,-5.136669796632848950e-01,-5.935670644242810878e-01,-7.422764470470656351e-01,-8.037928598302263028e-01,-5.930346976373500612e-01,-5.222740071871220247e-01,-6.522635149024929024e-01
-4.130358880410492928e-01,-3.401752305161541146e-01,-1.999308144093548123e-01,-3.916511709208294612e-01,-1.159535686993725945e-01,-6.272975743210531530e-01,-5.140459361047654552e-01,-5.868878204099093887e-01,-3.394651942952027768e-01,-6.070381649510975253e-01,-3.318334225888014966e-01,-2.100635557372177442e-01,-2.282743800151030289e-01,-3.409581023745245076e-01,-4.116394008191589515e-01,-6.041156736237007774e-01,-6.427030428136693008e-01,-2.516039877045074258e-01,8.702115089840665174e-01,7.216780771418545015e-01,6.111779607696377070e-01,7.427149004969926249e-01,6.325851580249710615e-01,2.067988383939093067e-01,5.031860660092652981e-01,3.316662720010066234e-01,4.190817653715704916e-01,6.405392008926520386e-01,7.483227526466968982e-01,3.142446221510268867e-01,4.084472250042066599e-01,4.802748110819177740e-01,4.182057798043241070e-01,5.898520535469858883e-01,6.435025905314156747e-02,2.642702745136593645e-01,4.720183084540011120e-01,2.252027597897312272e-01,1.379872215540111358e-01,3.021051526167153889e-01,5.350914895598939819e-02,3.360756145165291753e-01,3.906437624587288243e-02,2.505932069417418639e-01,4.408992032244526404e-01,1.311649793017463997e-02,1.648831808377110575e-01,2.522598840210835136e-01,-3.210807057068877923e-01,-1.427028184098881325e-01,-1.140867330833889026e-01,1.400957823377752820e-01,-1.912354740361044136e-01,-1.197783747212683436e-01,-2.983433570391775813e-01,-1.627811888930501827e-01,-1.998872562220736226e-01,-1.409468454682793193e-01,-2.089347244840045470e-01,-4.479727244362752270e-01,-4.509681326268593082e-01,-3.913644386222560057e-01,-2.981799174982852629e-01,-1.533337522841104472e-01,-1.686231256160155012e-01,-8.065044596465059668e-01,-3.823841426339699145e-01,-4.644053726871539278e-01,-4.919899829792714896e-01,-2.303094053169918443e-01,-5.326422593280182305e-01,-2.006057457311133385e-01,-3.114598963797758358e-01,-5.840486810763541037e-01,-1.760036795786148189e-01,-3.683959241546445607e-01,-2.837972566603528812e-01,-3.787321026329770191e-01,-3.161632618688567931e-01,-3.661460601110644864e-01,-1.537966561708618007e-01,-5.100983203868476590e-01,-6.373637987912262881e-01,-5.834087830431190502e-01,-5.914903991280422435e-01,-1.482407435659419404e-01,-7.496504560768540992e-01,-5.291714141069384647e-01,-6.601572904735619751e-01,-2.114173652943933945e-01,-1.094714860686617219e-01,-2.063570708434233625e-01,-5.044642318460030861e-01,-7.869125027017515039e-01,-7.973683578346413281e-01,-2.678709653868109331e-01,-5.343041994563666464e-01,-2.312005379376659564e-01,-3.133532987209998733e-01,-4.008501486102711286e-01,-3.683951185083515489e-01,-3.838375749215305333e-01,-2.357735617367174574e-01,-1.660325496539045986e-01,-5.873537806928422755e-01,-3.528705711804644429e-01,-4.319340083304542000e-01,-6.788461077252623543e-02,-1.373343680695445213e-01,-1.546452268404676089e-01,-2.107146306429188709e-01,-4.595145512728626702e-01,-2.524772599554355179e-01,-2.303114680152785199e-01,-2.567946725587093582e-01,-5.607113270143877504e-01,-2.801241768876097660e-01,-2.507755066295221380e-01,-4.956787197827747793e-01,-2.037373759070212065e-01,-4.607102522727326566e-01,-1.734638553426573193e-01,-4.985968304540799312e-01,-4.045211433820140035e-01,-6.768494109179679086e-01,-5.993665395103741078e-01,-1.567268606330171066e-01,-2.973256385049900530e-01
-6.041439772187892077e-01,-6.124667813205676437e-01,-5.010671448384893534e-01,-5.724620660758673596e-01,-3.903074947933549699e-01,-8.021672885395179087e-01,-7.021219147373993774e-01,-5.468023231931756767e-01,-8.375933817825328420e-01,-4.679407840586661260e-01,-7.073603393496813441e-01,-5.094854916677555856e-01,-4.316022934942169154e-01,-3.746175463025386287e-01,-6.251488742588536818e-01,-7.346950039174302560e-01,-1.815745096982404605e-01,-6.701568285536753100e-01,-5.250334311904311102e-01,-3.468464049001052651e-01,-3.904628379917292058e-01,-6.989929113856571119e-01,-6.517240197287021974e-01,-4.899982178559990631e-01,-6.263621819065976482e-01,-5.991434871199289303e-01,-8.250721726114204069e-01,-1.845193476888205286e-01,-6.814371411056432404e-01,-5.421639855288610255e-01,-6.893883814182845127e-01,-5.360285012664094406e-01,-4.564722523114463915e-01,-3.309215885143714786e-01,-6.506314263455893476e-01,-4.951139324973815037e-01,-5.363674377915175207e-01,-4.630703614245917921e-01,-3.331678811828941433e-01,-4.198893367491465245e-01,-6.984607960909692270e-01,-1.586873952029394241e-01,-4.336492049114589742e-01,-2.099598167271630178e-01,-3.214982303082208892e-01,-3.772206078275537333e-01,-2.415782175139732924e-01,-1.246097148871260912e-01,7.179815597364842816e-02,-3.615486162566581840e-01,-3.321777219215086285e-01,-4.579036750022381086e-01,-2.593879820771551881e-01,-3.898205629513695203e-01,-2.555797341947879664e-01,-1.808137342339893039e-01,-4.527890397304216163e-01,-6.213415197713715310e-01,-1.646463942320614271e-01,-6.618156641333985957e-02,-6.080700684331636491e-02,-1.760615957906401796e-01,-2.928533818839811342e-01,-1.665267583772456483e-01,-5.283099109161203399e-01,-2.087225900232021203e-01,-3.008216355021081090e-01,-7.240029527405450471e-02,-1.853838696573618106e-01,-5.417072858919518008e-02,-4.705421885426974704e-02,1.644849958746244234e-01,-1.033434065913435423e-01,1.011929457439143115e-01,-1.065646570202208321e-01,-4.281635197857338454e-02,2.146616604991924415e-02,2.943734132272738530e-02,1.725625132291259967e-01,1.273565573955804664e-01,-1.257008820369122093e-01,-1.063366400373790127e-01,6.155765676470522502e-02,1.459380370687551054e-01,1.377661284706870048e-01,9.899943425934809582e-02,-1.259713767811713458e-01,2.934231818047376983e-01,1.147391950898331570e-01,2.553095886127054737e-01,1.011601564537483317e-01,9.832298989936867628e-02,1.893756197055084245e-01,3.446705759440876760e-02,8.635231673225481075e-02,-9.689791572871235591e-04,-9.766998537885916709e-02,-1.181634121596897430e-01,1.701541859235054521e-01,2.805817885282429480e-01,2.542444247830352722e-01,7.609699000507599842e-02,-4.562008184906974489e-03,4.095608648155992793e-01,3.524926030845741409e-01,1.212256997089842109e-01,2.271276962772167951e-01,3.166817610333675925e-01,3.421891551666791931e-01,2.935230524755926274e-01,-8.045286975524998385e-02,3.745600934096669499e-01,3.184806678112572231e-01,2.699961061274349650e-01,5.733303384260469288e-02,8.172494554678286227e-02,1.031649819878802388e-01,2.434071688160032165e-01,5.245065716841709191e-01,5.476051226733665844e-01,3.415818672345361517e-01,3.494002692273922572e-01,4.000096798271902121e-01,4.463669178587326147e-01,1.678443250733299141e-01,2.450772790995419670e-01,1.193593774532829416e-01,-2.769921813134416100e-01
-3.185120865696216552e-01,-4.783303830436411164e-01,-4.494522156317463102e-01,-6.303934015499389476e-01,-5.450177671980559468e-01,-6.841476332928275728e-01,-3.586647975294927071e-01,-8.718911233109676306e-01,-2.043057204009718908e-01,-5.028948320948130046e-01,-4.932639481785622282e-01,-5.890459531142195893e-01,-3.445563988806192302e-01,-2.574359701514680743e-01,-7.201681189438084996e-01,-3.982375613132643211e-01,-4.792392488197479428e-01,-6.564158482657189708e-01,-6.953782646094924802e-01,-6.894241720194134171e-01,-6.336075099183533510e-01,-2.645755993123584671e-01,-8.194722860911708429e-01,-6.604747318988749560e-01,-5.400142353504189252e-01,-4.908499198666722574e-01,-3.398632407425281610e-01,-3.796593912231567280e-01,-4.304669700321362980e-01,-4.384903348582140370e-01,-1.916465564502951302e-01,-4.227075857668521341e-01,-4.823949359852942043e-01,-4.770115189695917635e-01,-2.033492638055377499e-01,-1.993622629334107499e-01,-2.503797470855934071e-01,-2.274679540249379961e-01,-3.653940840496669451e-01,-1.956764000923595093e-01,-7.014196088352074587e-02,-2.150910716366966624e-01,-2.678016343278310507e-01,-2.157936614225667293e-01,-1.330976150638200350e-01,-1.580309471493326068e-01,-1.831403635466281321e-01,-9.314450894906257938e-02,-1.753142782896798813e-01,-7.051649800920734013e-02,-1.042903017359829571e-01,-2.405192852182592156e-01,-5.144553236879042049e-03,-1.462819584849463228e-01,6.095562790667241604e-02,-1.348623337371193387e-01,-5.964554177747821706e-02,-1.781891703818337669e-01,-2.929257553666340108e-01,-1.665704933543802890e-01,-1.840902923604824937e-01,6.186021770273831405e-02,-2.736940058337873367e-03,-6.265407587840832182e-02,1.961104951844568067e-01,3.227335587282310625e-01,-7.198600383848369200e-02,7.778171255280201535e-02,-4.085252788348162772e-02,6.455011462707414827e-02,-9.828211899651599637e-02,1.937889995047664404e-01,6.504138436454316718e-02,3.548542614752990820e-01,4.347520018607171077e-01,-7.913622498240862127e-05,4.275919357304023283e-01,2.799761450239707794e-01,4.077601717796806580e-01,6.243596608552305360e-01,6.478113186954362890e-01,3.403163422185971898e-01,-4.035169136691629244e-01,-3.058693726494845101e-03,3.923073977625240460e-01,2.597130304391183642e-01,1.323563682929771446e-01,9.876771648064941456e-02,6.192427815199940122e-01,4.709228421912318718e-01,4.138465775877970265e-01,3.448545870471139141e-01,2.429438128873804836e-01,7.938138185435118510e-01,4.693921975985447803e-01,2.185750965068854745e-01,2.705309474066270869e-01,5.466393348941948060e-01,2.979686256427916402e-01,2.574039497512638497e-01,5.561307487575533059e-01,2.395612804178809396e-01,3.397893080097433849e-01,6.876982074721544880e-01,6.282412830963711725e-01,5.793396282996839952e-01,3.579484640043609778e-01,-5.003862933940950164e-01,-5.581527291039383165e-01,-7.285215669102106384e-01,-3.629972688020663418e-01,-3.071846290434949722e-01,-6.548612937486101293e-01,-5.028187381654697363e-01,-4.653288128670800550e-01,-4.547914098427803808e-01,-4.470304684076457646e-01,-3.709079717130220888e-01,-5.366209657734382077e-01,-4.847482969176395429e-01,-3.955939352533610620e-01,-6.720710365884070558e-01,-4.518470394657418399e-01,-3.262458850696980384e-01,-3.187952926214245863e-01,-3.792242794252604354e-01,-4.878407710509590212e-01,-6.765375499963039996e-01
-3.364596790835999718e-01,-3.522056557329744653e-01,-3.289693859205472526e-01,-3.396945111329184308e-01,-4.896854142535624899e-01,-3.503680100850662393e-01,-2.124083455644371343e-01,-3.065893223595803074e-01,-4.256920610882391487e-01,-3.397392808824379329e-01,-3.967895934166366101e-01,-3.003426173369408980e-01,-3.331089076157481288e-01,-3.138828960199192553e-01,-4.765903321023404748e-01,-4.389476717355345614e-01,-3.708939560037261551e-01,-5.748935502459935343e-01,-4.486950244375773611e-01,-5.050707671861254244e-01,-5.692766577126601169e-01,-4.918017408163002924e-01,-4.419172468517318375e-01,-5.129370394752299500e-01,-5.446180560260626136e-01,-6.593636670577354142e-01,-6.203815293030793265e-01,2.210594717714403357e-01,1.677340050583247810e-01,3.207880683044170289e-02,-7.647111668144999930e-02,2.016347180894313140e-01,3.577646510713711203e-01,9.828426660330082110e-02,7.863638910016236896e-03,1.071436683343263002e-01,-7.695314976488538961e-02,-2.254787620274956855e-02,4.458122122666106635e-01,6.501419306989664193e-02,-1.538934613188410946e-02,-1.056994748199740868e-02,-2.778300645430034077e-01,2.103943773351935331e-01,5.648541593873891015e-02,-1.040975539941267902e-01,1.244961628177718299e-01,1.854126259061731341e-01,2.531470620321231157e-01,-7.858992976687091681e-02,2.402153050436359460e-01,3.576756941632849296e-01,3.342768067987268443e-01,2.455805243357136736e-01,4.480348299310404347e-01,2.656638534277104835e-01,8.200395395458882908e-02,-2.077393678722482540e-01,2.323872009020198637e-01,1.866461037926470390e-01,1.236068113710060978e-01,2.254254972935900436e-01,2.277883119531047551e-01,7.495935184624623326e-02,3.572755935104274250e-01,2.233652825309276613e-01,1.936911697307165114e-01,1.824247592426317954e-01,1.339415392195619225e-01,1.503868672903782844e-01,-7.433488531924861697e-02,1.119566443107942594e-01,7.300306674714837629e-02,1.208571643416118530e-01,-3.321662939241580570e-02,-1.438061267524898094e-02,8.359564700944834004e-02,-3.322321148778805289e-03,1.452812752282287845e-01,9.839962718774038219e-02,7.108220531498264660e-02,-1.349364490950963891e-01,1.180955524624687780e-01,1.264484084220651450e-01,7.898021417660025523e-02,3.065485575540226604e-01,-2.443989780784387722e-02,1.743407419800362401e-01,2.463562487339302290e-02,-8.036405752824753168e-02,-1.006791699068688567e-01,2.535719436844687813e-01,4.543094773268366998e-02,5.727838828633945167e-02,3.868454101865914652e-02,9.990304657871491856e-02,1.665292100389900165e-01,1.398854666150217418e-01,1.983996606878078717e-01,2.209706376565354347e-01,-2.394602617508784226e-01,5.033350353150300993e-02,6.810733602491714223e-02,1.419346963775990067e-01,2.316603693261425068e-01,5.162578790542957652e-01,2.265012102397914381e-02,-7.643811440537446877e-01,-5.805332765601279865e-01,-7.552164357246453630e-01,-6.291930254711045611e-01,-8.667959507192399826e-01,-9.095215058155164956e-01,-5.511379127186671889e-01,-9.648917806719036205e-01,-9.591287383131466004e-01,-7.482836765372271604e-01,-5.475233487590309700e-01,-8.368203320745803975e-01,-9.218954727939377980e-01,-7.062319261571313733e-01,-7.157563425449292582e-01,-5.374604872856099114e-01,-7.323801428611755870e-01,-6.890000763100133652e-01,-7.121175019836957221e-01,-5.100131524422375495e-01,-4.290676023953130525e-01
-8.954266236235213228e-01,-9.667233210298608048e-01,-9.661453204520142890e-01,-1.000865013756401689e+00,-9.336977952815372905e-01,-6.225366714680964364e-01,-6.680377403530256553e-01,-7.409145777984484926e-01,-9.477445703639669761e-01,-8.398288775413534912e-01,-8.926738563966574169e-01,-9.390596551351865218e-01,-1.012385694304410944e+00,-9.567246197389684959e-01,-1.007372501447646895e+00,-6.816165624327948924e-01,-9.242845164218790321e-01,-1.070215859488331756e+00,-9.135237268131021215e-01,-8.100149399514743331e-01,-8.303311859936660655e-01,-8.531703995140436092e-01,-7.432110798962805465e-01,-7.182822020983616884e-01,-8.825686019534966231e-01,-8.532842870447920891e-01,-6.774921426171869321e-01,-8.294815190212062594e-01,1.898393496798241875e-01,3.960740194332523084e-02,1.194062705130683605e-01,-1.315285727440106134e-01,-9.820063115303587220e-02,2.278597083903436890e-02,-1.959543022685735769e-01,-3.249457906698195730e-02,-2.071294364467917565e-02,-6.579224153828694410e-02,1.381500522786618945e-01,-5.250836692509845693e-02,2.345912607087072277e-01,-1.970733838559108886e-01,-6.952374026620720959e-02,-7.792304104922785635e-02,-1.561319257871438826e-01,-1.826916607054158703e-01,2.079596500234324186e-01,1.379669665497946507e-01,-6.882347419123996390e-02,1.821825172071318000e-01,-4.171280271518228167e-02,-1.032643598803914542e-01,4.607231243345359661e-02,1.167325374199442295e-01,4.282827444078370766e-02,-1.805578732110560691e-01,-1.726330665540101728e-01,-3.741147130576225749e-02,3.996852271701208797e-02,1.458754010618922882e-02,8.437313596171713836e-02,-2.505686700324869995e-02,9.782091111866386690e-02,-6.083367795265756141e-03,-5.410689419565326008e-02,-1.193664170796677471e-01,-1.674686362131078410e-01,2.714815284953522312e-01,-1.189581870765526184e-01,1.156421522735696927e-01,-1.013338323751823006e-01,1.539536984373198782e-02,2.481518711785991593e-01,3.439008892034581266e-02,1.786510031700786205e-01,-8.342128066806998865e-02,-1.153927560894826149e-01,-4.208730295030350260e-02,9.427776085686337404e-02,1.837315868549588560e-01,2.780056745153199893e-01,-4.080957926854712065e-02,-1.348835896562204650e-01,-1.362229522373271245e-02,6.180271068542087659e-02,-9.524146471690997720e-03,-4.882335787009552119e-02,-1.390390942414390998e-02,9.639269918884517396e-02,1.603124810259514976e-01,-2.259032598839058603e-01,7.899733574370279565e-02,-8.195344742839709429e-02,3.756933554548633203e-02,-1.453515758607936206e-02,1.678978878614754700e-01,6.092829797069856945e-02,6.869981229308791404e-02,7.010099659321508692e-02,8.176951450062612536e-02,9.650767395423162642e-02,-1.477042430037109853e-02,-7.463839351412328814e-03,4.370192691394206991e-02,-1.243305897154114558e-03,4.153337822197109008e-02,-5.111196572995626436e-02,1.008331346703913861e-01,4.353859343701470958e-02,1.475140248737728532e-01,1.840215127970452058e-01,5.989210454752241786e-02,-3.855966872510609503e-03,-1.961595027614470091e-02,1.099829022164974524e-01,-2.933422094799240099e-01,-1.669650071421081849e-01,6.827319881683649450e-02,2.868591469592183391e-02,4.129221694161167716e-02,-1.208379696338653976e-02,-5.091679663870397193e-02,2.401574074603489706e-01,-1.383790168922473252e-01,-2.033032146170490329e-01,-4.467942354583121639e-02,5.455449475566879342e-02,-1.301883722641523355e-01
-5.484694283016864347e-01,-5.788789905105696798e-01,-3.414796318964832822e-01,-3.976833179525694484e-01,-7.586178736238898823e-01,-5.737454372669558156e-01,-6.874645572079026712e-01,-4.849976984572369476e-01,-4.229582440204819327e-01,-3.542780913629337003e-01,-7.024923787513372986e-01,-4.954123111960817005e-01,-3.627486643138173594e-01,-6.378603695961400089e-01,-6.674315909576935546e-01,-1.751926041408657098e-01,-3.973949235536846092e-01,-5.005953434387448997e-01,-3.485898335659798897e-01,-3.211882854316796543e-01,-4.511641535716208740e-01,-3.583230314881249434e-01,-5.781013763081851442e-01,-5.113590074363705273e-01,-1.147453025347821842e-01,-7.621289917522888757e-01,-3.860833618123893918e-01,-4.896377694545863690e-01,-5.944931470358151282e-01,3.985596035777465573e-01,5.163346894350546723e-01,3.801704760741804745e-01,3.560862269955042403e-01,5.583726388402174834e-01,4.425088003525110003e-01,3.954586855454071403e-01,5.164779818678435497e-01,3.041023616489170744e-01,2.572699725307094898e-01,4.449817628886476584e-01,4.609233733993974291e-01,3.365180128144489302e-01,1.816253805492127338e-01,2.612906971258012190e-01,3.695406170713838034e-01,2.939313067609935493e-01,2.031528481218628224e-01,2.692121043197223118e-01,2.162417915234047527e-01,1.100097424282062142e-01,1.755142426111341511e-02,1.130225399853807405e-01,4.452982785951189459e-01,1.406585722052220710e-01,1.007431308536360509e-01,3.033357459046338023e-01,-1.484616877651711853e-01,-1.332744941393256555e-01,1.212990952574967002e-01,3.555431640372098689e-01,7.365790126784867164e-02,1.035303453012517911e-03,3.665169380122448306e-01,-2.574183776249435937e-02,3.327120563218946558e-01,-9.121234056415654379e-02,9.691714481763508138e-02,1.474508089230976426e-01,1.051617962269238982e-01,8.190957599166051595e-02,2.539221044930436433e-01,1.852728866283922804e-01,8.972827853911924390e-02,-5.464220081896339343e-01,-9.311523340645684599e-02,8.402671183178055114e-02,-5.716046159849738073e-01,-2.370545924978552654e-01,1.273533800419271271e-02,-1.222008334503411064e-01,1.784847488416863026e-02,-1.071762557791739734e-01,3.474319284195759305e-02,-5.679495531314218693e-02,4.525625739540620196e-02,4.326517820373483873e-04,-7.931314656382362771e-02,-1.054046492553436798e-01,3.822318853847120508e-03,-5.746566603865361778e-01,-1.316377502111463482e-01,-3.499861180261183702e-02,-3.378954564407092853e-01,-3.706319318340101643e-01,-3.210540781087715123e-01,-4.931974578634277240e-01,-4.458079778287939998e-01,-2.409655731367140175e-01,-3.764513433952855204e-01,-1.896095312936786070e-01,-3.585902656533382360e-01,-4.927974253474889377e-01,-3.243516547374394876e-01,-1.154866278907189653e-01,-2.698202101859019097e-01,-3.351894223289526575e-01,-2.590444643805322467e-01,-2.514100515847857431e-01,-1.978061873128494907e-01,-2.874489126602536304e-01,-3.783289828774420993e-01,-5.058318740439620154e-01,-3.029519712937202569e-01,-3.267431856337478235e-01,-4.246394473705369377e-01,-4.974777149658026754e-01,-5.082001920953603813e-01,-5.116451412721964020e-01,-2.184180438396697843e-01,-3.501220421211450606e-01,-3.233808325587863020e-01,-1.803230172553284827e-01,-6.346417131810555556e-01,-5.994586016360482494e-01,-2.326909323965234422e-01,-7.590218026417330233e-01,-5.048409570096189514e-01,-4.975330384638875225e-01
-2.288990870253612697e-01,-3.799565478876615887e-01,-3.758866297086870811e-01,-3.877961483253006270e-01,-2.206048148073845305e-01,-4.425178282270396668e-01,-2.913386145024954299e-01,-2.084555193151593766e-01,-1.682872757574925826e-01,-4.564466905896368276e-01,-3.946457904675773620e-01,-1.316221822235711936e-01,-4.714898188091142806e-01,-3.048535048508033696e-01,-4.744158632473202131e-01,-4.360893714135721799e-01,-3.178969791042897675e-01,-1.333257019801525334e-01,-3.407689028840636958e-01,-6.120805609004108527e-01,-3.802810320371758923e-01,-6.151884079822179663e-01,-7.636112773671732690e-01,-3.565192327399386296e-01,-6.175109114780577002e-01,-8.122778433538238030e-01,-5.097216917763780497e-01,-1.792862545288636811e-01,9.211545466976670538e-01,6.632556207791794334e-01,5.883806341691407704e-01,7.401669297912719658e-01,3.546632868578004638e-01,5.058945369333880393e-01,4.671082662152469256e-01,6.904350277994111273e-01,4.334087181740134409e-01,5.745378708784218968e-01,4.293218952715368020e-01,6.229580473443036004e-01,8.208531806913176299e-01,-5.285508361234977914e-02,5.833728904217529987e-01,3.453976431466138086e-01,4.329388356323270459e-01,4.164611308914258903e-01,2.389087502453645651e-01,5.819217631720738915e-01,6.559508144389225581e-02,2.706107751146195617e-01,2.534790413941443443e-01,-3.145342131146195569e-02,1.005218756059185342e-01,5.665056930667770191e-02,9.822043453698951765e-02,2.618345163884938653e-01,1.078285814405826049e-01,-7.401969049905877951e-02,8.459673205144974117e-02,1.722529956331230183e-01,-2.351047522736279816e-01,-8.840316439560032269e-02,1.146049775914317476e-01,-2.861322809596971717e-01,-2.430973207137285264e-01,-2.033743720133565913e-01,3.616497163865729086e-02,-3.679592670199016702e-01,-1.172590437600134067e-01,-2.130058356282953091e-01,-3.608114294574627512e-01,-2.977298734631187438e-01,-1.689799247387754333e-01,-4.875914661587996690e-01,-6.220263652493102091e-01,-3.592338674078782157e-01,-2.964849001736585832e-01,-1.685342912764348222e-01,7.197258371708362135e-02,-2.847288010376266554e-01,-6.072486369146017360e-01,-3.297835644270605826e-01,-2.016308074910665160e-01,-3.529691937735549012e-01,-5.306351122308249346e-01,-3.634828221526075209e-01,-5.729970864758916482e-01,-4.580299948167728119e-01,-2.202570546068099433e-01,-1.027162669795913114e-01,-2.799699238896803943e-01,-2.361633628637615223e-01,-2.442293290143540407e-01,-6.380183943772707589e-02,-2.782131227341790303e-01,1.156629882878337442e-02,-6.467601124829500669e-01,-3.394641671792636428e-01,-3.240529947246821307e-01,-4.438170665845834750e-01,-9.622028209261436482e-02,-2.648476400133437103e-01,-3.514767401075789000e-01,-4.143428463185671595e-01,-1.344334668300941338e-01,-2.453650236662120454e-01,-1.406066611827109514e-01,-5.042854156334546367e-01,-2.809640043490684302e-01,-2.030662884783147881e-01,-3.450401530435696085e-01,-5.422405759228847710e-01,-3.298809060646126778e-01,-5.555556729521614612e-01,-4.135431029575852846e-01,-3.747530953483658167e-01,-1.752278108774304732e-01,-2.287942099659512896e-01,-5.639197262049375770e-01,-3.810389902217793390e-01,-3.794866905768170540e-01,-2.620333172603253047e-01,-3.920896749912972101e-01,-3.372676937982452827e-01,-6.481240747996856733e-02,-3.028303075966052860e-01,-1.927683169871529101e-01,-2.217822971705122603e-01
-2.520304396117616363e-01,-1.937408075600184909e-01,-6.872183349897830196e-01,-5.097600867354692422e-01,-4.896802313990077926e-01,-6.029038315707455631e-01,-5.769326343103369226e-01,-2.829728023641104873e-01,-3.175615906139088729e-01,-2.974076070005132744e-01,-3.115615906139724833e-01,-2.566567120357338139e-01,-3.478871909053014022e-01,-4.321106623137885294e-01,-4.117327392176637346e-01,-2.930731472102438007e-01,1.099833413357656914e-01,-4.976940665560519172e-01,-4.999625505671357328e-01,-6.617030407478709242e-02,-2.918831346983253860e-01,-5.201717243869313778e-01,-4.615086912522849416e-01,-3.076798248894255794e-01,-1.931520122192570410e-01,-4.218380779545523040e-01,3.525082600467640409e-02,-4.637831069121162164e-01,-1.961769164130157395e-01,6.888157013564567832e-02,-5.406481695163626450e-02,-2.272916809163625651e-01,-1.330225623618349340e-01,-6.315814446081745304e-02,9.806292388244454428e-02,-2.927563447436827282e-01,1.967368855766713776e-01,8.660347809993958201e-02,1.080079530493445183e-01,-1.640144558140176068e-01,-3.722200134421811690e-02,2.240833814215868469e-01,-1.014322034379939591e-01,1.433552826779700695e-01,-1.342698071577503038e-01,1.778010898724869115e-01,-9.799121536956839629e-02,3.538951588189664932e-02,2.953577263944911491e-01,1.194746656039133992e-01,8.791961386895850994e-02,2.260706436450732604e-01,5.149560155892825009e-01,3.787171094066284494e-01,1.470659356366740833e-01,1.082460582968469837e-01,1.004618835963489720e-01,5.541563406744964837e-01,3.890458876264292765e-01,3.630201997325136487e-01,3.566001152043423716e-01,4.764059936873223933e-01,6.883889589078799887e-01,7.184349457827570173e-01,7.380731354121767840e-01,2.552005135416582915e-01,3.021765142260218195e-01,6.849566589585889265e-01,5.138264847351458053e-01,7.402913181448450564e-01,-2.160688486411949660e-01,-3.346300128866293577e-01,-7.086915825613691877e-02,-3.608810652783953077e-01,-5.504345263182777170e-01,-3.083666143118038994e-01,-1.836257190012024754e-01,-2.949043423944091580e-01,-2.320505207594139585e-01,-2.752975090269172420e-01,-2.009045059449928172e-01,-4.797151111257311196e-01,-4.739574073038222979e-01,-3.292678212148453243e-01,-1.488213827288605018e-01,-4.995120850304793914e-01,-3.050783577009109071e-01,-3.352924531309507961e-01,-1.980463668179677506e-01,-7.405487221426107491e-02,4.756122300538534811e-03,-5.786291473916669315e-01,-3.385769966578167089e-01,-4.683034901165545882e-01,-6.209949853378000650e-01,-2.521092288517646773e-01,-3.204812891546936493e-01,-4.232524624603301588e-01,-1.954684399491570801e-01,-3.384352430318036120e-01,-3.858845878254918982e-01,-5.557793921144120741e-01,-3.539469010146715222e-01,-1.733439080250279152e-01,-4.469060894412240637e-01,-1.490907255629489170e-01,-4.485738859206826468e-01,-6.849153488379002841e-01,-2.750925278537603713e-01,-2.237279907602022500e-01,-1.694339168374472127e-01,-5.168746461132028847e-01,-5.822679263324548327e-01,-2.225726866734618059e-01,-4.784750032574742740e-01,-2.775168235375589654e-01,-4.005150424748816218e-01,-1.675332104103799680e-01,-3.479018467687158278e-01,-3.014366119225065366e-01,-3.704319301060290948e-01,-1.385240727934915483e-01,-4.620396726907383678e-01,-4.749754149824816918e-01,-4.536493254977536638e-01,-1.447597882008553327e-01,-4.182846920520542633e-01,-4.389241408447255299e-01
-2.949325502478235550e-01,-6.319891043816077136e-01,-3.169558114741338195e-01,-3.706923899315912596e-01,-6.027955531022582969e-01,-1.880212713898513355e-01,-5.155220100932752514e-01,-2.729848679085266627e-01,-6.472116549379981487e-01,-3.368555002696452250e-01,-1.241165944072491201e-01,-4.112268271993905211e-01,-7.891443220613200693e-02,-1.217135447019442179e-01,-3.232950325859989538e-01,-2.482677013981255676e-01,-4.562929391399885293e-01,-3.844095323532660258e-01,-4.701978842334570419e-01,-1.871096045251242901e-01,-1.897228979103956215e-01,-1.475438609194067718e-01,-4.367616036673715452e-01,-4.090293766096838035e-01,-2.787454755015279506e-01,-5.105802073687318865e-01,4.490575687943926808e-01,4.854116245280910014e-01,1.776626256936750248e-01,5.203145751399560481e-01,3.565656920524433726e-01,4.459929320269274688e-01,4.895340849307075470e-01,6.076620729738893001e-01,2.585762792194334914e-01,3.891865957274345256e-01,5.968853001905038980e-01,5.359616346730825542e-01,6.328877233478742426e-01,2.690925718393091248e-01,3.807576470318546069e-01,9.316892297441932147e-01,5.190610366373814566e-01,2.954226142625049345e-01,3.281186730121957718e-01,3.000674298224676462e-01,4.282708000582680086e-01,2.459078002162927989e-01,-7.555584602166753871e-02,3.229768477363554324e-01,4.540453405864169345e-01,8.588090561330667672e-02,5.246299658436547331e-01,4.325170739632259731e-01,-1.058228012828573983e-01,-3.392228723889051389e-01,-1.108504431042651589e-01,2.384482794951535978e-01,5.945910864900541375e-03,1.709624111954919090e-01,2.594271542578019951e-01,-9.967569013500840458e-02,1.488599843243507692e-01,-7.042259814145357399e-02,1.682977736685356551e-02,-2.174339999323381123e-01,5.277184979707634505e-02,-1.292540658704361689e-01,-3.608398418984404971e-02,-4.725382156344204998e-01,-3.735902110481497673e-01,-1.898489476673290433e-01,-5.633021062317741245e-01,-3.792329385719993562e-01,-3.994615982581557478e-01,-2.653892370761597452e-01,-5.096096606811957308e-01,-7.704541172561540918e-01,-1.834650023602779623e-01,-4.131007381788844302e-01,-5.792106939097084739e-01,-3.741702448394378377e-01,-2.790744593907157900e-01,-2.772959414581211979e-01,-3.419124576377541302e-01,-1.627834373212221353e-01,-2.072648942241668846e-01,-2.400089838198222192e-01,-5.740051547913952446e-01,-4.775787744402665846e-01,-3.201582340100129209e-01,-4.795224894679130934e-01,-6.074701333632883671e-01,-2.222927262938038662e-01,-6.284767999557195894e-01,-7.983002812065284060e-01,-4.663124512155779611e-01,-3.297395819896689617e-01,-4.310230483407506141e-01,-2.283660490732427606e-01,-3.124122267073137782e-01,-7.627830118675918425e-02,-4.363112899723045057e-01,2.406400270561244101e-02,-4.386957508927357141e-01,-3.488691486493459282e-01,-4.578109848979202146e-01,-2.925162494040340899e-01,-3.287766925969624054e-01,-3.242975151037533754e-01,-1.923871582142916425e-01,-4.202861334222005030e-01,-4.042540797224434823e-01,-2.523367947283253754e-01,-3.705361552271101977e-01,-4.584887366369038153e-01,-2.770993459361900113e-01,-1.404927097908504341e-01,-6.847271301196501403e-01,-2.352440163691754682e-01,-4.177635540004284720e-01,-2.204506168263148727e-02,-2.730655559077374006e-01,-2.327149702139953424e-01,-4.981242373211880459e-01,-1.789912960581314660e-01,-5.798580335385268292e-01,-1.903564123739495129e-01
-3.041932458033372311e-01,-1.878346054994777803e-01,-6.218075252714586609e-01,-6.469432528521128489e-01,-9.759309237205950893e-01,-4.278867640917490278e-01,-3.042744998791722666e-01,-6.053474234672102661e-01,-4.395431732867957075e-01,-8.681681306584551061e-01,-2.247621676778770172e-01,-3.367661263679384565e-01,-5.936645567957581360e-01,-5.759995359955600858e-01,-5.168972122896399179e-01,-6.143514564179696213e-01,-2.794862661746811971e-01,-4.953970940684221391e-01,-3.298065642922893836e-01,-4.107952601516488556e-01,-5.270396978978659774e-01,-1.201806040441855544e-01,-5.164725785881343345e-01,-1.176549941721928005e-01,-2.636908604081036889e-01,-2.518022266771040574e-01,-1.918191140604807721e-01,-9.048990667675805843e-01,-4.050746572283344671e-01,-2.852565789327941026e-01,2.145676938047190452e-01,5.996728066780122601e-01,6.262939847736825882e-01,3.305662137779586951e-01,8.934264068439978779e-01,9.829931659741784067e-01,7.771314011301255764e-01,4.636030348082444408e-01,5.286435530197965971e-01,4.097494369977290884e-01,8.045026269621486925e-01,5.011314525507053474e-01,1.187500589083839986e-01,3.663999826201763121e-01,3.388212135921804258e-01,1.932521139276293654e-01,4.061570357737437909e-01,4.150818277447644311e-01,2.140916610321609015e-01,1.171200498839046200e-01,3.001145646388195254e-01,4.318005836273619003e-01,3.909687046027172236e-02,2.779999389766494300e-01,2.520890891815350532e-01,6.667794734532704604e-02,1.875919065376060180e-01,8.133461725115314830e-03,1.409712891265763220e-02,3.659251088515255105e-03,1.186255172447203687e-01,2.283898023065074057e-01,-1.033360357969977522e-01,-1.761932796067976204e-01,1.020838366778948347e-01,-3.927672982043842742e-01,1.047809419324925440e-01,-2.092920537492750088e-01,-3.912389539434405622e-02,-1.596398040766455056e-02,9.499395814971074714e-02,-1.500405753274615672e-01,-3.948484370185727926e-03,-8.062635401800233304e-02,1.134162645828301758e-01,-4.085811966579055432e-01,-5.532717310212557082e-01,-1.676020902483348340e-01,-4.430648921670071738e-01,-8.735363121389663754e-02,-2.260672940564535660e-01,-1.117951401901327302e-01,2.746260973920944259e-02,-3.939893414722542286e-01,-5.557201360036980731e-01,-3.967568474554917235e-01,-4.667395814714073721e-01,-4.233514711234385164e-01,-6.424439328256412729e-01,-6.465247075610592864e-01,-2.835946627669417852e-01,-3.561318695400793044e-01,-2.381095059150161730e-01,-5.647906144841482456e-01,-5.560464915974577815e-01,-4.472204741382462823e-01,-5.897549582821791647e-01,-4.384639066206865166e-01,-5.862734615485548639e-01,-5.733699900468869348e-01,-4.912120167998303422e-01,-7.001053677359313498e-01,-6.309447803471383009e-01,-4.243661224030494949e-01,-4.370234883497616796e-01,-2.286296372941172550e-01,-8.259697627827051747e-01,-3.827567255679979463e-01,-4.847353980697664544e-01,2.466393981845026173e-01,-6.479299308460667595e-01,-3.944093767269660211e-01,-2.070457782038489236e-01,-2.597600379945701476e-01,-2.106012859525785708e-01,-3.095885710963014459e-01,-4.619935700342167051e-01,-5.142682426438827115e-01,-4.489235493252650699e-01,-6.379727591332016168e-01,-4.020658138629431555e-01,-5.377935060076598495e-01,-5.063736395075634222e-01,-5.033728197916604863e-01,-8.015665495874598756e-01,-3.818904228145970636e-01,-6.083433463368933536e-01,-5.372751823244240610e-01
-3.540001651239180758e-01,-3.332818561012266256e-01,-2.076702709772445810e-01,-3.843775263364173633e-01,-5.941259429740561870e-01,-5.643809282004853545e-01,-5.023159303294597589e-01,-5.445904331762516648e-01,-4.981681640008406853e-01,-4.709642936343148567e-01,-5.081494110285569299e-01,-6.072092477171754377e-01,-4.896809854604192158e-01,-3.761420942290590319e-01,-4.979358379163272841e-01,-5.818121668145224135e-01,-4.604365987312093456e-01,-5.086968029142179271e-01,-4.651849427159916450e-01,-4.474113401763960551e-01,-7.277114162257527497e-01,-4.233958813402832200e-01,-4.609846722736741786e-01,-5.595353460426322201e-01,-4.347761167401256732e-01,-4.611317178701930808e-01,-4.408605031587455314e-01,-6.555484219857986572e-01,7.811449987858211375e-02,7.744106080772963918e-02,4.135368876775365188e-02,1.353726095965835097e-01,2.210899626711787247e-01,2.749431936834246248e-01,2.434704656665665212e-01,1.563112670829084061e-01,2.270464049512132751e-02,1.252193363854316177e-01,1.907702959165541723e-01,1.504143398128535980e-01,1.571565845284313701e-01,5.453617708440287176e-02,-3.977766605166534880e-02,1.254631439863345133e-01,2.261448573313670218e-01,1.467602152381057290e-01,1.994315573477307424e-01,1.383774517830451134e-01,2.083516909088532487e-01,2.802408940249854208e-01,2.222083122373792047e-02,1.576819652332348345e-02,2.552433208844938697e-02,2.524661057823653909e-01,2.217609201838231514e-01,6.284408054981484304e-02,1.781901453244700839e-01,5.341493242297063598e-03,1.236593744982740634e-01,3.606407880832847024e-01,1.191984330130561459e-01,2.069400096666380306e-01,1.770027673429230841e-01,1.151455883141158792e-01,2.720922276302579698e-02,-5.707461518471144274e-02,1.004050305967157941e-01,5.724305673970060682e-02,1.656440428263816073e-02,2.128464452655023931e-01,6.030544511611386771e-02,1.649545356142101404e-01,1.874339050985576738e-01,1.123688819439055825e-01,1.871887920647123671e-01,3.257929457013051810e-01,-1.232539113259006197e-02,8.186297202283224217e-02,9.109924284679610240e-02,-1.679144049377340880e-02,1.532293065206484506e-01,2.510145710041228329e-01,4.234521556138982623e-01,3.311845941393795623e-01,3.059231834354070312e-01,3.513479308226463704e-02,2.685017093269367328e-01,3.270355375903450934e-01,1.543088174794547962e-01,2.725657761784097133e-01,-2.472114513080130721e-02,3.033607317240726298e-01,-6.222954164196919935e-02,-3.275137326953429101e-02,1.003158928008689443e-01,1.795137367280745244e-01,5.005435879195347937e-01,-5.615624022096254997e-01,-7.131009844550980636e-01,-5.588825278448101841e-01,-6.854871203458539064e-01,-8.016838172484700431e-01,-7.704943285914019890e-01,-7.407764889275214593e-01,-6.314834128820022707e-01,-6.759515072301404137e-01,-6.425674042287007337e-01,-6.185030440446327438e-01,-1.050907107296599863e+00,-5.634265091218652044e-01,-7.287974627870011934e-01,-6.554566257805545249e-01,-5.303162781487220645e-01,-6.231129034832213476e-01,-6.985668681042178640e-01,-4.040650139136870433e-01,-5.464413647976470445e-01,-7.263106880886452954e-01,-5.826337066676005039e-01,-6.550244262970592590e-01,-2.434971719275234869e-01,-6.989793682323772739e-01,-3.717997496550936032e-01,-6.367509682104121049e-01,-6.126600426017346779e-01,-5.648418502033620836e-01,-5.851649996017165289e-01,-4.175012908192090033e-01
