3.867589739108325819e-01,2.343874332972455399e-01,5.133614448234236072e-01,3.330825703546946848e-01,2.491594693232510593e-01,3.779628861441495236e-01,4.206619631975749840e-01,1.245756529753963004e-01,7.653173547005098776e-02,8.830183332443275468e-02,3.227812574003037227e-01,3.051476896127558458e-01,4.594390252717506229e-02,1.323678293358878655e-01,2.277130671678329055e-01,1.802071410808772089e-01,1.661699847898747695e-01,2.777296546372001185e-01,2.365646442900355417e-01,1.693261819313640615e-01,2.706688049667826945e-01,-7.445879987276646794e-01,-3.807033122973655370e-01,-4.389103587982006172e-01,-3.703762649406349139e-01,-4.000234544119702917e-01,-4.028980152036518714e-01,-3.582182918161113117e-01,-2.081838240437212662e-01,-3.729272253326350040e-01,-3.614303379330521260e-01,-4.185753512542734756e-01,-5.979682552697357378e-01,-5.094198701160691511e-01,-5.258123283826255934e-01,-4.634931106710562521e-01,-3.037463909892192948e-01,-3.382042306767669704e-01,-3.830717691700350480e-01,-2.996406210132759318e-01,-6.339726476675860978e-01,-4.970832809636808181e-01,-6.216620662286855836e-01,-5.235307664741442046e-01,-4.565116003500541142e-01,-4.980024731062729915e-01,-2.985150645688599003e-01,-2.913691863617018374e-01,-5.433022136225109655e-01,-4.957426358378884679e-01,-4.946289180816362263e-01,-5.216742357671870778e-01,-6.051705074974463860e-01,-3.572721713330050397e-01,-6.454951220253364319e-01,-5.565303293561167930e-01,-5.328894544511688647e-01,-4.962323950309875942e-01,-5.747232140240265963e-01,-4.977409898574592928e-01,-4.506803379780046637e-01,-3.965015561653512099e-01,-5.133630810941149925e-01,-6.145978361309067939e-01,-3.337732887620390443e-01,-3.664164862723183758e-01,-4.699133873374586878e-01,-4.782034826673082772e-01,-5.035569863633921894e-01,-4.607167728714232080e-01,-2.616103960368446613e-01,-6.192294531601332253e-01,-6.164765985420649352e-01,-4.970521594547586686e-01,-4.984165610732641527e-01,-5.208518173483173141e-01,-6.300190580583004962e-01,-5.780212164971328948e-01,-5.440015665044242166e-01,-2.982102327334333891e-01,-4.154497038260145381e-01,-5.194356232671938356e-01,-5.233143975458097730e-01,-4.858242785529686136e-01,-5.659455387978661323e-01,-4.432589693256785424e-01,-5.301328597858068203e-01,-4.714068745305837194e-01,-6.442942791481396370e-01,-4.231866030067463758e-01,-6.334988843690657623e-01,3.120108921685027514e-01,1.696997910788002883e-01,2.776968572993945283e-01,2.129727855818297488e-01,1.607118280973569568e-01,3.263538296915520220e-01,1.701747986622856867e-01,1.605489310567234096e-01,1.680271052735204940e-01,3.703827093298175388e-01,3.076239965030556078e-01,2.715983865292126431e-01,1.742398920277115071e-01,-1.060263453966042713e-01,1.846818775109337896e-01,2.755753873960764544e-01,3.873661562041541551e-02,1.033869580595052629e-01,1.790906578473472344e-01,1.141652313336125601e-01,2.303646528130280924e-01,1.929239743684489916e-01,3.124151409341524577e-02,-7.011747164891324324e-02,2.379495406484699593e-01,2.200917498332710664e-01,2.186081378034807621e-01,2.483644935013979982e-01,1.062858363509939785e-01,-1.124405660633504001e-01,2.001016645547986084e-01,2.853305455596197859e-01,1.953806460104572373e-01,2.512181495864278524e-01,1.316733780736489834e-01,3.672590146377898712e-01,2.306022896641455322e-01
2.566736558800464252e-01,1.929098413051182348e-01,4.436016151969646160e-03,-1.470514128837797641e-01,-5.164829098718848321e-03,3.324049744786723437e-01,1.810545207192326700e-01,1.697627605289073749e-01,1.344535961723491990e-01,1.606529259486817462e-01,3.244505052390329602e-01,2.175515384810409181e-01,1.037220231426214667e-01,3.889740528824692234e-02,2.266313304121405636e-01,6.608503536951926272e-02,2.365595736489933820e-02,1.212203990091031969e-02,2.250243687456454644e-02,2.346142455884072664e-01,7.094758593432937133e-02,2.775904097994992270e-01,-5.229561765352674918e-02,1.346775782546458800e-01,9.949037899805190932e-02,-1.593355342073177194e-01,2.190936606737803327e-01,4.308175941174807733e-02,2.122224385935478352e-02,1.094003607347537876e-01,-1.567583826956643334e-01,2.553810020341895637e-02,2.503763872114115330e-01,7.532165036059979002e-02,1.843572162324513819e-02,9.607573020377668804e-02,3.351675747968996255e-02,7.554406809619162999e-02,9.852575247324102392e-02,1.056330182882918578e-01,5.378430392055855158e-02,1.368419040652695262e-01,-8.376576371496025075e-02,1.247418225574119521e-01,6.419827141486145194e-04,2.138697136544271959e-01,2.110800339553138283e-01,-7.295009716031519709e-02,2.220314318609206694e-02,1.012608958096545830e-01,2.910052761638335372e-01,-6.839583437847877034e-01,-5.433366652120040774e-01,-6.295168488231528414e-01,-6.998236963282985501e-01,-7.172843588525033010e-01,-4.491514462025664178e-01,-5.123856161377287055e-01,-5.938111927028801862e-01,-6.265542278987030755e-01,-7.437424243813683944e-01,-5.519563953639956555e-01,-7.693430840681718674e-01,-6.580360759927263992e-01,-4.399413423928787426e-01,-6.112293841131063443e-01,-4.991870899321344535e-01,-3.189473349196169094e-01,-4.525602727501413236e-01,-3.690939933222175950e-01,-5.800778828886903327e-01,-7.356907498740881124e-01,-8.057642040433148356e-01,-5.556914799025503005e-01,-7.900692753856159989e-01,-5.489255905004237768e-01,-7.309374374598462953e-01,-6.573462890010064452e-01,-5.822350270892704405e-01,-5.249417244890566270e-01,-5.853189478168103754e-01,-4.964102450683970380e-01,-3.761442737628309940e-01,-6.195750838768540047e-01,-6.675896312223463802e-01,-6.675896312223463802e-01,-4.893792474485415545e-01,-4.133963926884234308e-01,-6.527940400907896734e-01,-6.913758645038405870e-01,-5.858917144826318868e-01,-6.716911684716890818e-01,-8.219656573753464368e-01,-4.658705364648317859e-01,-5.322964052211780484e-01,-4.557757568336329168e-01,-6.197532395912057623e-01,-5.765014986261620678e-01,-4.827909923118653968e-01,-7.237625523089668000e-01,-4.991558821144286284e-01,-6.686534229434281107e-01,1.124737374058850659e-01,2.290330880905204758e-01,2.610671325902504947e-01,-3.189964014631507805e-02,1.738176083224682866e-01,1.222209695461253798e-01,2.493726160569940120e-01,1.520978734414744071e-01,2.061705026425770804e-01,1.262853149020923826e-01,1.175915785642784872e-01,2.782016917600449446e-02,1.418627737089777074e-01,7.534846721893484478e-02,-6.927793891747691113e-03,-2.106232015631960275e-01,1.639218207844856945e-01,1.547888266806340951e-01,1.231820789880007094e-01,1.705508316480619513e-02,3.165951112906810749e-01,2.299466306039787966e-02,1.496197828363117210e-01,6.502719535830259190e-04,2.671485933376451793e-01,2.315976457121526888e-01
2.228598523364595518e-01,3.801345230279924436e-01,2.855022281151939900e-01,4.624933852408743551e-01,2.817716747877836436e-01,2.078829048731556384e-01,1.740646600234074803e-01,2.195929929494710997e-01,1.580725594348355578e-01,3.768928729982430337e-01,3.340538318672527929e-01,3.007510482471493773e-01,1.346006303777786961e-01,2.853072421880209486e-01,2.975965700889358079e-01,1.687478735223890691e-01,2.403332813682532709e-01,3.002882533565573997e-01,2.241996163934183439e-01,1.512485230858913177e-01,4.487349379934322258e-01,5.098524892981601830e-01,5.575541313407512689e-01,3.216521586995566562e-01,4.599712987332207348e-01,-2.368044856113369345e-01,-4.155279894890286929e-01,-4.487903734059622840e-01,-5.428567524126453048e-01,-4.950006787826218835e-01,-3.962830187288263195e-01,-3.514268010710202006e-01,-4.253834600364260199e-01,-3.916093513409418803e-01,-5.604917586799216256e-01,-3.136352378625126835e-01,-4.723795457532753428e-01,-2.912750342672842940e-01,-3.585151796472381136e-01,-2.743768281054485003e-01,-5.097901204133400421e-01,-5.324710366601954625e-01,-3.983199276013152934e-01,-3.339241385349480673e-01,-3.709804372151249696e-01,-1.783262331772045295e-01,-3.951852716937578336e-01,-3.835982887125912733e-01,-2.627770462508992599e-01,-2.628507683369755155e-01,-5.016315776508439850e-01,-3.284168829331033379e-01,-4.262191700079853707e-01,-3.096771098496844399e-01,-5.128098561754025342e-01,-6.777103430468476297e-01,-4.485487303888013866e-01,-3.330933193944648485e-01,-5.898037320277691453e-01,-3.472092899897815110e-01,-3.771407590174248314e-01,-3.750889043405587486e-01,-4.981273763010825029e-01,-4.244338907981711762e-01,-3.638054801402590410e-01,-5.231375472518114966e-01,-2.194824098203573826e-01,-4.257490676403736796e-01,2.499806614381523406e-01,7.655014081817479443e-02,3.469676038182285538e-01,3.529721059001582617e-01,3.080886254553012460e-01,3.495379153587738763e-01,4.423737648628669472e-01,3.655670747813464239e-01,3.376661781229888248e-01,4.810297788679056552e-01,4.019188600335847905e-01,3.861886526605491365e-01,3.116203449222654243e-01,1.986354221677277820e-01,3.669113340874561313e-01,3.844209049224234231e-01,2.092704624190877549e-01,3.453624762133891135e-01,-2.324725866221026838e-01,-3.803207737870155647e-01,-5.102154752728031983e-01,-4.673323663153361451e-01,-1.914566894431952715e-01,-5.251904843846733062e-01,-3.737003722246107218e-01,-4.827397896259360000e-01,-3.728728184331109308e-01,-6.387924897692625059e-01,-4.416846647452175034e-01,-6.336346408934254715e-01,-4.061420027629599749e-01,-5.748657314031093701e-01,-4.386899873000221772e-01,-2.393202679815810141e-01,-3.550609007364478042e-01,-3.636519871608492327e-01,-4.004047917917470389e-01,-3.476850923333166810e-01,-5.439079574361040947e-01,-3.204811462957259938e-01,-3.568779128090687758e-01,-3.007406947893049853e-01,-3.594986718336858900e-01,-5.505481237099759673e-01,-2.658273712843844949e-01,-6.204134658245088474e-01,-3.987230579489761118e-01,-3.995925398283570740e-01,-3.894441264804878733e-01,-7.262181810531722626e-01,-2.699209105864376346e-01,-3.959447782017099238e-01,-2.226448535600666911e-01,-4.142752246860383902e-01,-4.852927710819544549e-01,-4.423651195996999297e-01,-4.779948203941183360e-01,-2.691169370738840660e-01,-4.141888511707516596e-01,-4.860118635019394784e-01
-2.341273741433629318e-01,-3.900650390628160880e-01,-4.601380544957257568e-01,-3.543153079236679437e-01,-4.510620385739129157e-01,-5.147487650202008380e-01,-7.015673135689814988e-01,-2.667439633748676098e-01,-4.671197302418966801e-01,-1.486166618747311041e-01,-4.585225158938525114e-01,-6.077072305363353522e-01,-4.071659449993679791e-01,-4.461200335813093609e-01,-1.437723458385771202e-01,-6.176476648888855614e-01,-4.505469333680007793e-01,-5.027749820324892704e-01,-5.600887685840343355e-01,-3.854246904616387415e-01,-4.195251938036766992e-01,-1.602210144986170315e-01,9.032658344701816056e-01,7.959943374245492809e-01,6.947672962353006465e-01,3.443928329905254770e-01,5.442213302449172563e-01,7.602049977460820784e-01,4.797854579409206455e-01,5.815508861304838906e-01,7.064694007491241212e-01,5.724067581935354809e-01,5.152895111272697282e-01,3.881704821442411024e-01,3.526957020203627113e-01,4.846792738626255481e-01,5.508807002231621563e-01,2.943856316013855334e-01,2.511467650299104015e-01,6.246058430686951546e-02,2.541639402980566675e-01,5.391724821704932946e-01,1.104924077938989058e-01,3.209812877162641076e-01,2.175831490730704143e-01,1.806626680526417505e-01,6.029266229692487045e-02,3.094433856634277724e-01,4.088766785934616621e-02,5.588306382516572413e-02,8.842326978309689167e-02,9.098733832162131385e-02,-1.437099517803615001e-01,1.158782089560825845e-01,-1.240552110096937444e-02,-2.133070774820924331e-01,-7.081822345236232774e-02,-2.469773710955840418e-01,-3.547345492442857129e-01,-2.228307590839545549e-01,-5.204585981259846061e-01,-2.291293799235341044e-01,-2.074442404800064255e-01,-1.421367084383199364e-01,-1.444906690315275188e-01,-5.218907485434943760e-01,-2.235665486573861216e-01,-4.815885275487749029e-01,-4.069448794347206855e-01,-4.365495618300844205e-01,-3.983328883036674206e-01,-2.482067965649823460e-01,-5.383557133807563844e-01,-5.614675514036235882e-01,-1.954479916755178515e-01,-4.173769501964155193e-01,-2.131359954918045085e-01,-3.043960156269246431e-01,-3.910407922283256621e-01,-1.372698366804060433e-01,-3.832114707250496854e-01,-4.573913673594924845e-01,-4.137060398347403023e-01,-4.388013148423957066e-01,-7.545997457127462393e-02,-1.062154155758945340e-01,-4.900343850598057882e-01,-5.354227611007045251e-02,-3.971075517128968002e-01,-1.470638852222639903e-01,-5.483751202703911476e-01,-2.079913123016809973e-01,-3.208878512655116699e-01,-2.483959638416544102e-01,-3.614084622525838286e-01,-3.609081230410827734e-01,-2.174562679686347089e-01,-5.454342923138253418e-01,-1.780596875586069050e-01,-2.717984934442185807e-01,-2.859216096875856206e-01,-4.707957256294114101e-01,-2.829720681400655913e-01,-8.035945450690983316e-01,-2.935657988498276971e-01,-4.564731246135210752e-01,-5.636866581185009384e-01,-1.512553882303948605e-01,-2.206162087536167604e-01,-2.087043235486144566e-01,-2.752851417450953297e-01,7.936546861084381455e-02,-4.795864946172988530e-01,-2.504467971979135177e-01,-2.024648155949902995e-01,-3.921627273000257707e-01,-4.098934787780187383e-01,-2.139741616675002733e-01,-4.935664137999115075e-01,-4.279973071659487482e-01,-1.007201389139874559e-01,-4.320098025201086767e-01,-5.674256265523219822e-01,-3.084956468906272509e-01,-3.782269910222683107e-01,-3.855425127399857432e-01,-3.956955615887793876e-01,-2.923278683690355706e-01
2.013621683787272243e-01,5.280302339669296074e-02,5.891086586230476208e-02,1.226250456942077349e-01,2.854570958137181425e-01,-6.674836512283632839e-02,1.970026397901112336e-01,1.741708378083537401e-01,3.054244890744766128e-01,2.132690045198830653e-01,1.453495047224389047e-01,7.516047230324152117e-02,2.539093653481381274e-01,6.075707547721111990e-01,4.554410226008540619e-01,4.717961415298628225e-01,3.054254960102864569e-01,4.523718462905292892e-01,3.346011374418831341e-01,4.385444599021079970e-01,4.159366651760418865e-01,2.231413628192906451e-01,2.779164412299215403e-01,3.729364064295006553e-01,2.870933305426826010e-01,3.394279561702417958e-01,2.021166150342348367e-01,5.203518089871537189e-01,3.797161771610055858e-01,3.901822679682749317e-01,4.878714401897208397e-01,-7.409501194567509330e-01,-5.922085824375651342e-01,-5.528670968799915819e-01,-7.462882458045390077e-01,-5.495682313190481949e-01,-5.159063492157679454e-01,-4.643168992418673646e-01,-5.097213826595224928e-01,-6.235941962377642422e-01,-7.935406865899705675e-01,-4.997980949853338961e-01,-4.997980949853338961e-01,-5.753444214946992208e-01,-6.412191331469423439e-01,-8.301736946290942942e-01,-4.504394933170929871e-01,-2.573320840136894549e-01,-7.017819707064392176e-01,-4.073110983925528616e-01,-2.892105821041974778e-01,-5.431098529208422399e-01,-2.790884174151707642e-01,-5.377372030595746200e-01,-5.985619877775973929e-01,-4.007343546899025943e-01,-7.492449689621027975e-01,-3.152438106263015793e-01,-5.446522628095271656e-01,-5.894083299124488473e-01,-3.206692742707942800e-01,-5.984561516315867191e-01,-3.780025450302593182e-01,-5.888122239130353375e-01,-2.814446687873454200e-01,-7.817482815112021255e-01,-7.751510538572204956e-01,-5.461311638182071437e-01,-6.456602954601400324e-01,-4.148695325857915117e-01,-4.347236455679451828e-01,-5.206438311605996461e-01,-5.951959452133419592e-01,-3.642427779776666874e-01,4.353803798917077472e-02,-3.798074810655611699e-01,-4.411258117745679996e-01,-2.685685382546602051e-01,-3.233829518934618896e-01,-1.214264576339849633e-01,-2.851105552585695424e-01,-6.897319339083296530e-01,-3.567205467229903615e-01,-1.995189961137673329e-01,-1.383785582369418954e-01,-5.782671605686814376e-01,-5.386275860494078582e-01,-3.307464361215207704e-01,-3.593703450571229530e-01,-2.148126011543440850e-01,-2.510832309765101966e-01,-1.482186963885350206e-01,8.564591066285687226e-02,-8.175402823771682481e-02,-4.314079821599814402e-03,-4.265907796685995956e-01,-6.139086245310780843e-01,-7.052074944075004126e-04,2.446618107187226165e-02,-3.693039933815556175e-02,-1.540777962202868334e-01,-5.338513658454935307e-02,2.717821882764970276e-02,-1.015106158904900413e-01,-3.038896060309702607e-01,-1.807214590787581399e-01,4.331090923246860847e-02,-2.833171018876989855e-01,-1.565457124583313764e-01,-2.064577814291189695e-01,-1.994829690293516977e-01,-4.294248220825347406e-02,-6.119949070625230192e-02,1.100465869641009675e-01,-7.023269387514963213e-04,-7.448052091666401697e-02,2.520394136253159001e-01,5.533262236472746842e-02,-2.531909526098248264e-01,7.543412149435724245e-02,-9.136534562082720967e-02,1.033038498932017379e-01,2.127761094409761355e-01,-1.739516918949041147e-01,-1.793524575617022609e-02,1.767320545608166427e-01,-5.781944454184151372e-02,-8.525463338815753023e-02
-3.713291858366567499e-01,-4.861951617813199400e-01,-1.840635448419983833e-01,-1.804887518976695526e-01,-3.405311874092746827e-01,-5.604820849037487340e-01,-5.096908653120864052e-01,-1.776012814696660280e-01,-4.528715238013554245e-01,-3.518183300796721147e-01,-4.252911420036620260e-01,-3.524720112302113240e-01,-5.530525169169712152e-01,-3.219629350524605416e-01,-4.203113373599978164e-01,-1.376093427100635314e-01,-2.317983280190498707e-01,-3.156228859967056266e-01,-6.178238786556040640e-01,5.925145470757775534e-02,-1.275192536016386269e-01,-3.119256658407996152e-01,-5.946731657180803765e-02,-5.325471681998164009e-01,-1.286799592982161844e-01,-2.833047129810388753e-01,-4.842225313754906502e-01,-1.949360025763172688e-01,-3.382531677571242179e-01,-5.559489677739193336e-02,-4.139427668474298105e-01,-1.840425772018585704e-01,-1.510248930715085702e-01,-2.552368124224233537e-01,3.668035919558054747e-01,2.595948845503182056e-03,-2.489266010324329148e-01,5.683111906350646336e-02,1.391355635882660646e-01,-6.425109958289487722e-03,7.560968794519817848e-02,-9.247230971475617345e-03,3.015947885317922239e-01,3.783239085939631430e-01,2.230213576479560533e-01,2.345581448790023948e-02,1.946751436277054381e-01,2.828708890721751690e-01,5.090419778952415264e-01,2.814329847357519565e-01,1.843668576428314498e-01,2.110959651183048624e-01,4.473175679551308903e-01,1.136887816741996016e-01,1.239428657429109126e-01,5.376511100478347238e-01,7.402625261466166950e-01,4.267190776755678261e-01,5.371483613827887638e-01,5.218334790693106573e-01,5.481834428465930387e-01,6.921521760512183707e-01,7.884626733390547315e-01,1.000000000000000000e+00,7.444128278587489600e-01,6.289140179310093171e-01,-3.466848958010237958e-01,-1.177845686008285320e-01,-2.186577653541079691e-01,-1.286388331627836834e-01,-1.980489151435415041e-01,-6.029696694751185415e-01,-1.481016595201196662e-01,-6.307451666631613829e-02,-8.067269066014892687e-01,-3.518437731898667042e-01,-3.885601411292461949e-01,-5.310800986869017581e-01,-1.211371649758238300e-01,-5.049193309558860365e-01,-3.725695725215849574e-01,-3.439831539639017777e-01,-5.818576419325471871e-01,-3.662868900373951186e-01,-6.763174271639276203e-01,-4.270540456613024505e-01,-3.464943439876133624e-01,-2.238876029479485164e-01,-1.745167069530896287e-01,-2.077988149444378596e-01,-7.444828098975317943e-01,-3.216438838449197091e-01,-1.865786813348445650e-01,-6.874619050110700735e-01,-1.521012794018514747e-01,-6.016099465119295608e-01,-4.063089311430322370e-01,-1.035636213511389458e-01,-5.531103438020494867e-01,-5.752489424027322773e-01,-4.729643201286288789e-01,-3.390226249485969179e-01,-6.259379472210999662e-01,-1.597166889001689905e-01,-2.996228845582258327e-01,-4.623690826113514563e-01,-4.550471704474410295e-01,-2.287838103422018543e-01,-3.841175367401209462e-01,-3.271735329799349001e-01,-3.258744527258922163e-01,-1.648210474398029701e-01,-5.141993089183767296e-01,-1.949716132208515473e-01,-3.607277232983548965e-01,-3.853965250285583677e-01,-1.563662301060503301e-01,-1.510457244156940826e-01,-5.230999705651085963e-01,1.960763667310549963e-02,-2.490059367856487516e-01,-3.700992856689480082e-01,-3.980450916644235893e-01,-5.657825590446481367e-01,-2.031653458725612982e-01,-2.509429360486077343e-01,-3.897123274296327988e-01,-1.966809191238149124e-01
-5.141450099048319178e-01,-7.582351076441352644e-01,-8.162605748488653834e-01,-7.061169732156873380e-01,-4.976921678554803163e-01,-5.680402529782374588e-01,-4.006334057787687142e-01,-4.972168977494445530e-01,-6.108358160594394848e-01,-4.421575253977082509e-01,-6.161673254004773614e-01,-7.916361034676892006e-01,-7.163054014733989394e-01,-1.953039448328640626e-01,-8.048080465679042783e-01,-6.882975538472411170e-01,-5.165731744748245369e-01,-5.645872183524121013e-01,-3.773676504249718899e-01,6.916399693819585970e-02,1.715530672253720024e-01,-1.224688088147162235e-01,1.727971759765973836e-01,1.803824414129682197e-01,6.841806248648052424e-02,2.536251577158163961e-01,2.951413369266555620e-01,-4.239542836757548283e-02,9.861726495735712028e-02,-6.906756485340914686e-02,9.503566620581360702e-02,1.190599319203506923e-01,1.961025830241049928e-01,1.097890523421416464e-01,2.394962659763402169e-01,3.116970878157709901e-01,1.304204622302871375e-01,-3.301149866751829087e-02,1.888220523257788663e-01,1.469673556804753645e-01,9.909063267395201713e-02,5.081245514865151414e-02,1.905317502144681097e-01,1.687956526265648183e-01,3.444689645301466374e-01,3.064494418428937994e-01,2.670854440775720651e-01,2.369752942904761461e-01,9.780148152623402424e-02,1.760356469661461531e-02,1.393981580626697525e-01,1.805065138857320228e-02,-9.432210833658349891e-02,4.279426485324719920e-01,2.061016354255840177e-01,2.495676019841668314e-01,8.684424698912707186e-02,1.863278039970674982e-01,7.734540073977402841e-02,4.775891870917292614e-02,3.307217733865785991e-01,1.964399424823879414e-01,6.552019472700076896e-02,8.244447333391224930e-02,1.193578554568808237e-02,9.465558749579905395e-02,5.443222755598497997e-02,3.369368329387403271e-01,1.457433101252609831e-01,6.275390111207057586e-02,1.447728721423475751e-01,6.280553534191857246e-02,8.637823709634218083e-02,2.418372478861987585e-01,2.948609412656140183e-01,-2.782188815928010595e-02,9.166650573674695046e-02,9.210800033876198611e-02,-3.052928322173442677e-02,1.120080511710375148e-02,1.096384435145871805e-01,2.305773320408592841e-01,8.315613240990127331e-02,2.803347054631841750e-01,5.169678933122723308e-02,1.598014214697054403e-01,8.666283311819067414e-02,2.766724439608754249e-01,1.502553787004665686e-01,1.173648633704980071e-01,-6.651421658505991541e-01,-5.850073011836711689e-01,-7.484857033995053754e-01,-4.653613613915997815e-01,-4.374969445791521139e-01,-6.471216470161346157e-01,-3.712489546298100018e-01,-5.605074381089601987e-01,-4.600092602132511699e-01,-4.657814406266594931e-01,-4.402468575061760925e-01,-6.834011127000318986e-01,-4.513646012075678282e-01,-4.875125610747026439e-01,-7.982194857542858069e-01,-5.194199941849457769e-01,-6.646963450208014379e-01,-4.952460978090695853e-01,-6.421986299559447886e-01,-5.207360880579751106e-01,-4.706950536256253592e-01,-3.016561109226103543e-01,-3.495638043976843079e-01,-4.880262421856836896e-01,-6.114388627235420870e-01,-4.686262824271540950e-01,-4.350712002513025256e-01,-4.440789710986048355e-01,-5.525150289664866321e-01,-5.490983878777875304e-01,-6.402726494477046781e-01,-4.313965822081275991e-01,-5.451849318529220501e-01,-5.122125166796220874e-01,-5.744631009271541355e-01,-3.863019509201506274e-01,-5.858463664091968504e-01,-4.134731319857296583e-01
-3.550361409041241645e-01,-3.619708215175709842e-01,-4.277701136776587143e-01,-2.671039752926723798e-01,-3.764997436808935616e-01,-4.984399723308424734e-01,-4.031832585413780423e-01,-3.458504768650205730e-01,-3.581432067704926059e-01,-2.865303239618177678e-01,-6.510251415688815824e-01,-2.574642119729344536e-01,-1.674804355069302586e-01,-5.888242711807600838e-01,-1.971394654645293176e-01,-2.310235592411804539e-01,-2.618434225604329146e-01,-3.649242613451548767e-01,-4.658621393394177801e-01,-3.070128511980828590e-01,-4.972005026767410962e-01,-3.876491770907000145e-01,-2.983172088746288697e-01,-6.687917687312987525e-01,-6.643058337365572719e-01,-2.481566367768560655e-01,-9.732673286909998556e-02,-3.439214216063611884e-01,-5.830335631484511172e-01,-4.439070799634698972e-01,-4.646549168046258949e-01,-4.674862332994751402e-01,-5.861576893843972735e-01,-2.358141138955884841e-01,-2.110113537406858031e-01,-4.188125673500705526e-01,-3.782201186853662023e-01,-4.436878772300707485e-01,-9.772985602436212726e-02,-6.857972962694647290e-01,-5.406283675035202796e-01,-3.938054351877675607e-01,-3.938054351877675607e-01,2.077372228386706876e-01,1.311441469968044338e-02,-4.493640930646036757e-02,2.322913165991380424e-02,-3.892405456369382177e-01,-1.159731234447561876e-01,1.788294191400874311e-01,-1.383033527186461331e-02,-7.761660451535190575e-02,1.665020722199535008e-01,-1.920513702688178004e-01,-3.572300058959687608e-02,-3.381874004639457976e-01,5.940776710725503840e-02,1.593497460274133637e-01,-2.013872026010590233e-01,-4.444234438391442277e-01,-1.842896357355766623e-01,-2.891537405777331315e-01,-3.326034954697779655e-01,-4.447284770617325744e-01,-2.540466142952160222e-01,-1.108911723555844331e-01,-2.573576709718566891e-01,-2.760115524306980817e-01,-1.067020748451807943e-02,-4.183064670272576002e-01,-3.890629401410825583e-01,-3.105045521590066304e-02,-6.470833834553614272e-01,-2.997738530057124651e-01,-3.678015013053305138e-01,-2.433287068229073036e-01,-4.967075500586450865e-01,-4.620067115867924068e-01,-3.670295483515293444e-01,-8.130607845792103827e-02,-2.593370694248078312e-01,-4.437303591326471341e-01,-2.116516246639577048e-01,-2.641165082271150766e-01,-4.304048403404379108e-01,-9.923249194855925381e-01,-2.618583935382052807e-01,-2.714328067238858111e-01,-3.820668903862265431e-01,-3.534037289350377975e-01,-3.425183104983667848e-01,-3.132083977727300184e-01,-5.521388305555392506e-01,-5.608478183746725687e-01,-3.770090769868956748e-01,-5.472552997638916450e-01,-6.247378595457605543e-01,-3.622876107157390058e-01,-4.233744360934703632e-01,-4.196347304387885169e-01,-4.345228733560649870e-01,5.458173954274683215e-01,4.182487696053549531e-01,5.074767681028624633e-01,7.098977294856156917e-01,3.458963679645528089e-01,4.348198403035767878e-01,4.109098258414611848e-01,5.229431223317322353e-01,4.340268783533434149e-01,7.635204058239011271e-01,8.701397680847018368e-01,4.213370776960660979e-01,1.477631622243713583e-01,5.241117432630149064e-01,1.948395258986586054e-01,4.066670658447910647e-01,4.544163575283823864e-01,3.735167251138959976e-01,5.366517981805749571e-01,2.126679717274000403e-01,2.016847114958084664e-01,6.786594160095948958e-02,4.757495872911743362e-02,4.234156089794938183e-01,-3.078188385822633322e-03,4.330589972681471167e-01,3.687503584961198122e-01
-4.558423440602565879e-01,-1.841296962092643374e-01,-6.340565469977400559e-01,-5.524233978077929264e-01,-5.278750939282310650e-01,-3.507386611385892028e-01,-5.887218873860972090e-01,-3.185920915621117677e-01,-4.470690777744633637e-01,-5.374292964737288347e-01,-5.048051947818429364e-01,-2.805381640359569939e-01,-5.321090791985583213e-01,-4.687289143595699814e-01,-4.839062672224233586e-01,-3.552003217879152741e-01,-7.041960633484896093e-01,-5.181740909302594567e-01,-5.931059060920875758e-01,-3.601224829526666893e-01,-4.939579751743573555e-01,-5.238440601665723673e-01,-2.186131257319390286e-01,-3.169916569973858511e-01,-5.008703413710187125e-01,-5.211903527637781197e-01,-4.358375359417646644e-01,-5.700420773301528854e-01,-3.795755801523602591e-01,-3.739889852011003546e-01,-2.901762731040073984e-01,-2.359134121512338478e-01,-3.965984413712525525e-01,-1.458903874850825400e-01,-2.488399829755938431e-02,-1.154323701452882878e-01,-4.261808345232258599e-01,-3.361695766212521308e-01,-3.499091725918546114e-01,5.654382948836689238e-02,-5.458784229299440405e-02,-3.969991263033750828e-01,-1.225780577538823080e-01,-2.998844972702150447e-01,-8.574787370219916216e-02,-2.868308691276537647e-01,-2.502250052010034365e-01,-9.762113213029688374e-02,1.334537412789917887e-01,1.234825090754583243e-01,-1.832456669843907093e-02,2.449441483273973041e-02,-1.427928389602166614e-01,4.985306828624969100e-03,1.368587127008948912e-01,-2.088060528350009770e-01,4.394529677365179854e-01,-1.999789492876559160e-01,3.589630143486552960e-01,4.291914647086070289e-02,1.065907904571974374e-01,1.554640238917095463e-01,2.089524145511574282e-01,3.807354838964889243e-01,-1.189145231970140104e-01,1.389713431462824555e-01,2.387838229288992142e-01,3.874192361061279399e-02,2.767356291829417003e-01,1.695676954853491125e-01,-1.291025199108071231e-01,4.290552766403297191e-01,3.656341438986792092e-01,2.711827737737093624e-01,4.402802014662783314e-01,3.064823830286722561e-01,2.564046961328450003e-01,1.034620862595156954e-01,4.431236083832441608e-01,2.658120658600748865e-01,6.491247659998051756e-01,3.948577586292150166e-01,2.576228007667815678e-01,3.753747374549731841e-01,3.992894629381991134e-01,6.313939569826234610e-01,5.354228330246895151e-01,4.031128701320720875e-01,3.368317519945869254e-01,7.041793050596545367e-01,5.449057588996493173e-01,3.994351809346772253e-01,4.946261094499666555e-01,-3.078367980016639693e-01,-3.917554073801562398e-01,-6.672872627834547377e-01,-3.856109987598507205e-01,-4.419918772645943239e-01,-5.003817761160940236e-01,-5.429512964927887264e-01,-4.904041822359621605e-01,-1.639334429454887276e-01,-5.499874402738722523e-01,-2.567571272624814549e-01,-3.677005775675920018e-01,-4.012460722760543552e-01,-1.565144970886069853e-01,-4.589565232088814728e-01,-4.523477553512794680e-01,-5.291218243087612016e-01,-4.268728583509232566e-01,-3.922242726552017666e-01,-3.419118186753148381e-01,-2.656637154456941152e-01,-4.434285588932481703e-01,-4.989605365673235315e-01,-5.719656483848480910e-01,-1.863860606279648113e-01,-8.316854648995662957e-01,-3.643969470425487689e-01,-5.150191524585328029e-01,-2.941095405909311955e-01,-3.811047200655516276e-01,-3.848098302827674955e-01,-4.776815518750854306e-01,-4.207708956712010728e-01,-6.661985134390868701e-01,-4.008185596969986442e-01
-5.934712799430794661e-01,-4.880216426467524071e-01,-5.184238937236792522e-01,-3.948485415703559820e-01,-6.648190113796333955e-01,-6.242201866535334043e-01,-6.027310976121775798e-01,-6.892630614408856715e-01,-5.028451906318289755e-01,-5.690180236115659484e-01,-6.183237143992001972e-01,-3.657049962176973645e-01,-4.718897541943821716e-01,-3.793937455261033875e-01,-5.112951010594943835e-01,-5.729731955485526385e-01,-5.024742750376838263e-01,-3.786391730036194891e-01,-3.767258583093872071e-01,-5.629053478540670952e-01,1.765427074741787727e-01,1.405322770576589164e-03,8.651925486030820345e-02,4.000007911638481239e-02,8.859729706062835497e-02,1.610046809928458167e-01,2.685137465618085972e-01,-3.519214762685918263e-02,1.598356069404487378e-01,1.486790458635884882e-01,2.529761156624010798e-01,6.155668679998838044e-02,8.421267059695280999e-02,2.065199812925708756e-01,2.796230535795938277e-01,2.515071401638464543e-01,3.771076020596870748e-01,1.273044454238092538e-01,7.192928361731620868e-02,4.461462858363507422e-01,1.062692758531216253e-01,1.028941672703787003e-01,1.326468440563903783e-01,2.729010018471877963e-01,1.576852164021931291e-01,2.568680304533350611e-01,3.057323596983274605e-02,3.689363539249912449e-02,1.096305031064868096e-01,2.152317741471747592e-01,-9.983643766249217233e-02,-2.097787204614931511e-01,1.769336323213446249e-01,1.716562673572785691e-02,3.592101811279728718e-01,2.499391612979904309e-01,1.059625128586600962e-01,-1.503887401560932702e-03,1.873220272422886357e-01,1.215153053344040224e-01,4.507757091839916797e-01,1.678961173094601911e-01,2.075903540584098650e-01,3.712845641954842790e-01,2.886899711171251326e-01,9.623718157228355885e-02,2.013647936042313180e-01,1.696372963270036394e-01,-2.518335312142017113e-02,2.611868860276327364e-01,1.398939552744287163e-01,1.545562532781603604e-01,-3.769323592667861433e-02,-3.871853393023061418e-02,1.442686885937727315e-01,1.009492096183226550e-01,3.729215181643128485e-01,3.538874105512848089e-01,1.241857890070274806e-02,-9.711874308518497756e-03,1.680309675915909740e-01,1.588329470116212061e-01,3.316526136187691876e-02,1.892126247454113397e-01,1.549388313467028322e-01,3.729727640046338610e-01,1.103457799589924182e-01,1.060102236350488614e-01,-5.780766339286662614e-01,-5.554015902753017819e-01,-5.091889401766849232e-01,-6.168780422722441870e-01,-4.950056739034784936e-01,-5.591975584683572809e-01,-4.645007261625478945e-01,-5.422702842274115254e-01,-4.006135116041261712e-01,-5.593272733778580363e-01,-2.806621681809363666e-01,-3.219056547896790299e-01,-4.459584275762319416e-01,-6.315409696108571502e-01,-6.908542357923606048e-01,-5.413908696455065339e-01,-5.727579989811968364e-01,-4.442158676181491295e-01,-4.965495294642905399e-01,-3.889404787656118856e-01,-2.883814783507903101e-01,-4.515733641743387983e-01,-5.462154587302864295e-01,-7.268431645331316915e-01,-6.512345842173241639e-01,-6.725988851422486370e-01,-6.109035324926499477e-01,-5.696037365949423448e-01,-4.287066898477674970e-01,-5.773610621878162430e-01,-4.749661588653416588e-01,-6.046924287597410519e-01,-4.630125109976271913e-01,-6.272861263844693447e-01,-7.383886905285281799e-01,-5.258165683016249314e-01,-4.583899851602835085e-01,-5.198097430749339942e-01,-6.265642612948081336e-01,-5.652075627352476372e-01
4.865521385068976024e-01,3.432099351479394045e-01,6.768979975822750905e-01,4.003897560823865831e-01,1.988355506599295275e-01,3.020934375296124852e-01,1.946708281885205505e-01,2.397863713755479242e-01,5.187637633290878014e-01,5.476751919965863191e-01,2.717264471870257658e-01,5.855156958816503110e-01,4.753223947738591804e-01,6.295116343341375931e-01,7.766425775255163533e-01,-3.833222696261230356e-01,-3.762503041036050488e-01,-4.689406477869799694e-01,-6.744234887916358279e-01,-6.356207138923157807e-01,-2.119828094480068481e-01,-6.301153283141180950e-01,-4.781003508631875842e-02,-5.883662951972579158e-01,-4.059031144344789066e-01,-5.737927334117665090e-01,-1.788367366864656027e-01,-5.543910223041677021e-01,-4.531748020786752207e-01,-1.044503398138643124e-01,-4.657417673557524562e-01,-3.396324144864260042e-01,-3.296548565682873022e-01,-1.391943132580901743e-01,-3.680180644284282154e-01,-3.419329535387231056e-01,-3.731841989475004340e-01,-3.629173375826025838e-01,-5.017987325914734509e-01,-4.250681848381721029e-01,-5.732635167197196457e-01,-6.511132484522408337e-01,-5.383072006519190600e-01,-4.727042609747463819e-01,-6.421399399830296506e-01,-3.184810193498899267e-01,-5.372344184325354988e-01,-4.010902813252786858e-01,-4.598564433193135237e-01,-2.884500902376315734e-01,-2.179599300683080498e-01,-7.504331891796836018e-01,-4.514069716279653921e-01,-6.365928384927106443e-01,-3.074424783423391760e-01,-2.955934798748595105e-01,-5.852046246404025709e-01,-3.109139291048862441e-01,-3.141679716374953246e-01,-4.260772675789865627e-01,-2.865601472427851126e-01,3.033487268645251866e-02,-3.812259587332532673e-01,-2.353796067088538280e-01,-4.017529278007245797e-01,-6.325844787677694647e-01,-3.312945472447988982e-01,-5.595282649578967593e-01,-7.718153991772256362e-01,-3.328865523183169861e-01,-2.025429146152598614e-01,-4.670242115917372372e-01,-3.954856514344251561e-01,-5.266396556135682916e-01,-4.193666301832246202e-01,-6.270431311963639009e-01,-3.260732038737540472e-01,-2.905418699193571541e-01,-2.509608774870191183e-01,-1.124804838758111103e-01,-5.638749910769305096e-01,-3.088543857538722515e-01,-3.236585178588158307e-01,-2.910946453131544320e-01,-2.679947143062384463e-01,-7.165390465432703859e-01,-2.832767669161170287e-01,-1.845584289787496335e-01,-3.024819025764431402e-01,-4.412574686317020101e-01,-5.386699133154135843e-01,-2.862891808163625651e-01,-2.675776810520034132e-01,-2.163963817200155182e-01,-7.828426049645187401e-02,-1.283511228323253039e-02,-1.989883448978114755e-01,9.675861968519772205e-03,7.461390754567109873e-02,-1.830224868545438088e-02,-3.046442576698404903e-02,-6.907883893827981847e-02,-5.616978520081272741e-02,-1.245799180677910067e-01,3.102169281373279297e-02,5.307611517691412928e-02,-1.088910274287517854e-01,-1.005216682696725705e-01,-1.465825947189458578e-02,-3.529626838579380532e-02,-2.096275829926385059e-01,1.424379678093408153e-01,2.224193898436497285e-01,3.475655798412888853e-01,1.090819064963002294e-01,4.472444212609461012e-02,2.680177587514860349e-01,4.540349805904133618e-01,3.413664514521181914e-01,3.322038750126532491e-02,4.685250386276758050e-01,2.418410238954857849e-01,2.124802501228550966e-01,5.639981609036670562e-01,1.959310443165036553e-01,1.267194624688952054e-01,4.249260846182103535e-01,3.190519987046487316e-01
-3.616796840091581755e-01,-5.322225392871291483e-01,-5.551646367020550699e-01,-5.931990836164890979e-01,-4.517917649552893877e-01,-4.381768204455439575e-01,-1.873233679053956102e-01,-3.240038464947935237e-01,-5.520282474264249784e-01,-6.976215996362085114e-01,2.770285396176186410e-03,-6.584475171570175478e-01,-3.851199053768036284e-01,-3.429947565615804050e-01,-3.306385069875052984e-01,-2.105699778132483768e-01,-1.250350602462282357e-01,-3.294845333760563211e-01,-5.357512019846705220e-01,-2.552265632543591067e-01,-3.213343122187886092e-01,-2.634612303640775366e-01,-2.615576901395991749e-01,-6.324073659512208234e-01,-6.208678096466968555e-01,-3.489984207290683926e-01,-4.200891785507570031e-01,-3.317920130930426259e-01,-2.037957560172957150e-01,-2.342540538606369127e-01,-5.244711114611411151e-02,-3.003316235203667972e-02,-2.033759968439755594e-01,1.765007721938991470e-01,-4.051771388889938708e-01,-3.396535385612362568e-01,-1.947041077766552553e-01,2.124327083678334560e-02,-5.542230078719023734e-02,-3.342670073705903411e-01,2.421907183174143441e-03,-3.700757521405927397e-01,-2.488636423709239542e-01,-1.644219229704894092e-01,-5.008113529135598263e-01,-4.945872812859002376e-01,1.665978893546560258e-02,-3.791138928911591544e-01,-3.018475869592462946e-01,4.132504840933792778e-02,-4.800261407728628749e-01,-4.585524398684007741e-01,-4.550479831884874926e-01,-2.216773752491941751e-01,-2.518226527112557012e-01,-2.773080074592366717e-01,-4.787216770084369299e-01,-2.435162845794794917e-01,-5.728262908062985437e-01,-3.775593710031617256e-01,-1.721417916660598069e-01,-3.928368600361022978e-01,-6.675616887536239830e-01,-3.700130128472424174e-01,-3.208732003494787488e-01,-4.724171655943699699e-01,-3.330858500884755768e-01,-3.759507442963829771e-01,-5.915974083629975677e-01,-3.980410819021809044e-01,-4.837364223247020423e-01,-4.904197393942238969e-01,-1.489913664244807423e-01,-6.614785737545425537e-02,-4.680329850594101559e-01,-2.370810045695107560e-01,-2.158558981354966599e-01,-5.065880393647181901e-02,-6.102842310076174170e-01,-5.038025672188091164e-01,-5.436348620596836989e-01,-3.697610882962233392e-01,-2.799318915810637964e-01,-5.662643778296470032e-01,-1.289545578859527808e-01,-1.289545578859527808e-01,-1.974548007193117627e-01,-9.746986160206727590e-02,4.754836483514031098e-01,6.367124840441107381e-03,2.278185796559049070e-01,1.187260427944123453e-01,2.738177449780423434e-01,-4.172055841063815329e-02,2.185593373786978155e-01,3.048618277287467038e-01,9.751166382296894142e-04,-1.878022766459040982e-01,1.818562286262142003e-01,8.471627875363618720e-02,2.691826036734814576e-01,1.172131541059506787e-02,3.046681723953215126e-02,5.160261206341463236e-01,3.153680521204358378e-01,2.730349962338800562e-01,7.454848908382682993e-01,2.636163704027760790e-01,7.916592989533079994e-01,2.582642188776367309e-01,3.470142824854123287e-01,9.229970293595508579e-01,6.959806538861337266e-01,6.711449057948615238e-01,7.076581963585963919e-01,5.777304278200541265e-01,6.585067465598306580e-01,8.127884803666398650e-01,-2.842069454476343626e-01,-3.666109004037992891e-01,-2.798513475048761689e-01,-2.950997864397033599e-01,-4.369380880123033828e-01,-3.883354074412916912e-01,-2.020456756871932269e-01,-1.107562933038589437e-01,-6.415927422943787928e-01,-8.748258315716461730e-02
2.214781206334270891e-02,1.795623173692650898e-01,-3.346144793413663443e-03,-1.618268307756265401e-01,-7.019767768236473415e-02,1.439160344997785224e-01,-2.166579548738123417e-02,-1.082233318894594287e-01,7.707983940093066089e-02,-5.314192562448472046e-02,1.347788400351204174e-01,-1.724989550343823952e-01,-1.125567304938103197e-01,-4.794137188171321284e-02,-3.988284661472674131e-02,-1.735546340894164041e-01,-8.333859637103935292e-02,-2.836728954637003364e-01,1.360292097693631685e-01,3.837162296655138860e-02,-1.185957417044223305e-01,-6.850862557397607855e-02,-1.833551151529995149e-01,-5.707052164849057974e-02,1.735371407374399766e-01,-1.271705697116944922e-01,1.046619869324860730e-03,1.420981341659253161e-01,1.737963044376917843e-01,-2.405171550395268643e-02,2.856401783211381940e-02,1.121446887642325585e-01,-2.656727131363967320e-02,-2.316746547244079579e-01,3.246270067016965299e-02,7.993444847878050652e-02,8.154979648208993126e-02,5.642895609346298968e-02,1.662007826408580247e-01,-8.648513771735204525e-01,-9.260529716563752345e-01,-8.026499673555007597e-01,-8.026499673555007597e-01,-8.663886444971767853e-01,-6.882016432113556847e-01,-7.022647245032616059e-01,-8.143001787131253222e-01,-9.986327609802304606e-01,-8.040874041860121002e-01,-9.417487634019111598e-01,-6.455453968918409835e-01,-9.813995580630655580e-01,-8.142020384336610128e-01,-7.138310005687389381e-01,-9.988309834867922232e-01,-7.283822659184415738e-01,-7.654788959740009835e-01,-8.969956092204394160e-01,-8.299984158741993134e-01,-6.440218310875969188e-01,-5.928316599318844693e-01,-6.486238873584064812e-01,-7.406820947213728079e-01,-6.751643777757041498e-01,-7.760649200286185989e-01,-8.681353904312688607e-01,-9.939950663741518033e-01,1.022150573944420326e-01,-3.745263688618047926e-01,-3.194541149241013622e-01,1.727852078252576362e-01,-6.064430226271066982e-02,-2.206215167438142499e-01,1.480422129068672543e-01,-1.343001592936490241e-01,8.056547357359722383e-03,-1.231529066191106025e-01,-1.093863283650041707e-01,-6.333601429992707921e-02,-8.559909174389968012e-02,1.358794496448481048e-01,2.608943711748799021e-01,-2.043555691731636648e-01,7.823895198120922601e-02,1.556446286177990412e-01,3.097276292577424428e-01,-1.917149641629748436e-01,8.105631522269374223e-02,-1.806962252673639524e-01,-1.661359215899094188e-02,1.287675878870655488e-01,-1.728434087150843013e-03,1.039853943960784566e-01,-2.727668636125235579e-02,-6.785070090823819289e-02,1.746750393379252753e-01,3.490351666937279163e-01,-4.876240576384449632e-02,2.565726746031171679e-02,-1.950437173768532206e-01,1.104520440527223535e-01,-3.334429095266377985e-02,6.944029652821104293e-02,-1.104825434191625266e-02,3.192235014502571300e-01,2.222299061014376687e-01,6.281890241479382020e-02,5.782291487418600440e-02,1.324211214136228332e-01,-1.629324398216500658e-01,6.568755824719074710e-02,-1.179127695104152940e-01,1.794669137974840289e-01,2.618807367245850060e-01,-4.044687811239811026e-02,2.331240525138600361e-01,-1.281388463788162291e-01,-4.142586785729651666e-02,-7.889888332616801225e-02,-1.376485966641296521e-01,1.653440744614642632e-02,1.409433226400345074e-01,1.161719321318070985e-01,7.030628649805170660e-02,4.683455882815668048e-02,-1.267421293132141580e-01,-8.659640052813788458e-02,8.557301929882377145e-02
-1.504013851121305256e-01,-5.731682533997120021e-01,-3.540310355597583447e-01,-5.505910623298662099e-01,-6.459277807656201853e-01,-4.769531596836568133e-01,-5.373470154332693483e-01,-5.514154910241563234e-01,-2.696408241985376320e-01,-6.051437158125063664e-01,-2.694181187670000588e-01,-2.627531243330174515e-01,-2.524587052927242947e-01,-3.552933338871481217e-01,-4.952678620073589499e-01,-6.968479852383211437e-01,-3.481409357706215513e-01,-3.716602771195235411e-01,-3.587098419164721497e-01,-3.076747784336646419e-01,-1.986974932872445088e-01,-2.550772994053505105e-01,-3.422934329624394145e-01,-5.537162314636154825e-01,-4.439123447992755489e-01,-1.230136905510043066e-01,-3.837068975282783567e-01,-4.287932215958243365e-01,-5.135300634171771073e-01,-6.867862151206876042e-01,-2.978692950568262443e-01,-4.494843247964956934e-01,-3.724286878169937864e-01,-3.606372105576501896e-01,-3.019765610516869092e-01,-8.379499002684032138e-02,-3.490729735371875808e-01,-3.999919157439270068e-01,-1.182601228066105792e-01,1.686036335638307904e-02,-1.495704721108450652e-01,-5.570473549324661544e-02,-1.859128169802463093e-01,-1.387365005420372333e-01,-1.629009155384042451e-01,8.450263574438698910e-02,-6.588037926237277908e-02,-1.682304243856839188e-01,9.450178524324770457e-02,-4.329839661655183747e-01,-2.224263161235416897e-01,9.910499589403931608e-03,4.036938720943372694e-02,2.918497716503334338e-01,9.068850854286125696e-02,8.360345645101507905e-02,1.785230697085478102e-01,-9.128903067504079427e-02,7.645263706599036979e-02,-7.180470048424814067e-03,-2.828978965290762648e-02,-2.144573577968388323e-01,1.611041554622580918e-01,-1.642085323065465285e-01,3.500983830229182914e-01,3.682102453201310244e-01,1.479690841936789347e-01,3.463357156355733046e-01,3.034963508466441695e-01,-1.249989508088482637e-01,1.555557377629877003e-01,2.572813416412729204e-01,4.180378165531974943e-01,3.310633044360735688e-01,4.547074339014067768e-01,3.436497503248714391e-01,6.280955229655984517e-01,6.864092974698758898e-01,4.126242779056525922e-01,3.181276675932274145e-01,4.184221783366031122e-01,4.617947156368320538e-01,2.867187504214294691e-01,7.385290501880183989e-01,5.523670813264294210e-01,6.056103586363716929e-01,6.155897757895592015e-01,5.319030169774772165e-01,7.779967983037445745e-01,-4.413347833208994819e-01,-4.257529839014340123e-01,-1.133627790133719948e-01,-5.077739472261346698e-01,-4.437840755619016919e-01,-4.557887570941775435e-01,-4.879611689589741230e-01,-3.506847253411760068e-01,-4.484740445213073468e-01,-1.921724909811816095e-01,-3.396264987385433365e-01,-5.721024837690040776e-01,-6.053488430217641714e-01,-3.840394236946740314e-01,-4.568213014393609495e-01,-4.281002483715061757e-01,-3.330195289806017200e-01,-6.594707437497606684e-01,-6.593871680775456046e-01,-3.121108880868166402e-01,-7.015373572286394133e-01,-3.158329435952320630e-01,-4.829692343350008299e-01,-3.477052526267089272e-01,-3.854556429491927672e-01,-3.386011324072041306e-01,-6.567822251375412534e-01,-5.448519957198036945e-01,-2.858664907405960021e-01,-2.733337325114579830e-01,-2.861921265890930988e-01,1.145051440934130582e-03,-2.832111003165195262e-01,-2.313578547376421435e-01,-2.549028154105053012e-01,-1.668295929652588994e-01,-6.736090575314573892e-01,-4.478574042237721820e-01,-3.891405892768170505e-01
-1.694856014472556627e-02,1.863002067634789150e-02,1.734828381276962705e-01,5.569253358895109862e-02,-6.934254463827371762e-02,-4.197079994037511419e-02,-2.519742181278293858e-01,-4.465233113731426062e-02,-2.318807385226862028e-02,1.363081633544771520e-01,2.112078428791746010e-01,9.318748227748008262e-02,-8.614283348500317850e-02,2.256279908016411984e-01,3.238529607598912285e-01,-1.517597911471291194e-02,1.473503437157404061e-01,-6.561769128678784924e-03,2.806570328083062282e-01,2.661528057457194230e-01,3.975070427068447820e-01,-2.815347248107366029e-01,4.600063976385904141e-03,-2.290412514629791563e-02,-1.351502670088090552e-01,-1.176410299011398930e-02,-1.007405473451328248e-02,2.213065459638325905e-01,2.738935168977314483e-01,-7.471259085123305166e-02,2.094512073969503341e-01,9.555153020978246481e-02,-8.633547828641829902e-02,2.384632936834376604e-01,1.694136235178487215e-01,4.278151632665498916e-01,3.389459575752762355e-02,4.455328101942181984e-01,4.737360393294731686e-02,5.616845460706396675e-01,6.662644677346298838e-01,4.930240026525565256e-01,2.099446778677485081e-01,3.954536488566691155e-01,-2.734890523601229972e-02,2.270964987942842850e-01,3.929687470499925173e-01,4.045626778882467356e-01,3.680129218633991783e-01,6.322243553677859840e-01,5.293405451514512361e-01,4.505585347070095725e-01,6.944522332128064690e-01,-7.756322253263416844e-01,-6.454850886292313739e-01,-4.661966002610481441e-01,-3.305825932804656864e-01,-5.816262624682478899e-01,-8.329143940934584656e-01,-5.897318080413535002e-01,-5.474239255500432666e-01,-3.143296603551571922e-01,-5.364927382846165216e-01,-3.645773827472698070e-01,-3.154042550589984950e-01,-3.109942717939119250e-01,-3.401568662143727995e-01,-6.713466885387510130e-01,-7.719050164642996537e-01,-4.838167290517344510e-01,-5.133340741503935600e-01,-5.187724193808531670e-01,-6.467161395807228264e-01,-1.350952843577737372e-01,-5.733069947695079716e-01,-6.356800511811088183e-01,-3.740562988599869243e-01,-4.574486440260746578e-01,-4.430666661631988967e-01,-4.215314378845574916e-01,-3.958571891710527257e-01,-5.523175616617821415e-01,-6.252600636491318919e-01,-7.115513338572996282e-01,-4.603460334910447482e-01,-6.718758692688047152e-01,-4.590490821869999127e-01,-4.105990063341657947e-01,-4.789042128935614429e-01,-6.890090978448517589e-01,-6.104509148461357837e-01,-3.687389297746784811e-01,-2.980026996668302397e-01,-2.943077990594861193e-01,-6.651377425254345610e-01,-3.496414535334188001e-01,-6.614709498119817344e-01,-2.993144852930732513e-01,-3.620897658101059902e-01,-4.775352800639117712e-01,-1.135139776176151694e-01,-3.520620948544321838e-01,-7.619758022536315956e-02,-2.726277734113924378e-01,-5.078290625769250610e-01,-4.759419264156484752e-01,-5.035526673280077414e-01,-5.819502440650574648e-01,-2.518251664545808621e-01,-2.699982864110237468e-01,-4.441033749071956471e-01,-2.777916710944871026e-01,-4.161328666185855063e-01,-1.919392673858707488e-01,-1.200972196524382474e-01,5.464053020924297677e-02,-3.725033413186940034e-01,-5.239789859688890328e-01,-4.680346968502879790e-02,-1.364014789729326438e-01,-1.597640461701647085e-01,-9.251344304258612983e-02,-2.198773372373673540e-01,-3.737953478486727432e-01,-2.154098003983511145e-01,-2.021059803536034982e-01,-6.637646417007725397e-02,-1.892994010350235179e-02
-7.634629745207480722e-01,-5.269010993041893798e-01,-4.371703881036304029e-02,-6.077076980422471131e-01,-2.290826077551679774e-01,-6.744079532105698993e-01,-5.517857557062243457e-01,-4.364436213942932685e-01,-4.374775251028198975e-01,-5.173352270918956108e-01,-5.927689781777232270e-01,-4.162981982861593266e-01,-4.085061334078466944e-01,-6.142618791903589059e-01,-4.202373779247664531e-01,-5.104725747546449144e-01,-4.941739844827596206e-01,-3.217621592443811185e-01,-5.526804541352426936e-01,-6.199407094617982450e-01,-5.030870566133477384e-01,-4.953073518721005097e-01,-6.403547147162050868e-01,-5.545719830539896922e-01,-7.232521437393677477e-01,-4.080752547862267487e-01,-5.464709327300349972e-01,-4.022929906299228531e-01,-2.412295153743814202e-01,-6.049030221919662331e-01,4.757819890470555979e-01,4.598453238710136226e-01,5.879729788775434063e-01,5.533240659276834617e-01,9.129773707359640778e-01,3.411765002039943706e-01,4.601676152541425147e-01,5.749813492112725299e-01,4.756499006460033208e-01,3.121104349657020105e-01,4.512265646928388385e-01,2.177520265931747190e-01,2.959127936049505969e-01,2.598074558921656951e-01,7.562339665700901215e-02,2.459119934506017735e-01,3.669960965054472890e-01,2.713623320057962918e-01,2.449549369253611886e-01,2.235492797082474503e-01,1.512961259763005994e-01,3.765659425179903597e-01,-2.351305699058892085e-01,3.057306694846484429e-01,2.455447495759630616e-01,3.290237199912899868e-01,1.889794076232591546e-01,-3.620414328912346935e-02,-1.137709476362812611e-01,4.394003913024469021e-02,2.595064540090159522e-01,1.034444504980465140e-01,5.081299457854981938e-02,3.949259785303249615e-03,1.788125098108812594e-01,2.188727821114966332e-02,-2.221709823755666502e-01,-1.317205889783323869e-01,6.015559315981300337e-02,-1.116532897042432637e-01,7.592522926220190982e-02,2.008739843209284004e-02,1.171566793918179528e-01,6.451501745864840487e-02,-1.323362014821017896e-01,-6.848887884350551847e-02,8.208294381999436951e-02,-1.810447653093352205e-01,-1.716961923621402875e-01,5.550294915315778788e-02,-1.560916811458642472e-01,2.225906408553055549e-01,-1.921281365376189543e-01,2.727903467940870907e-01,9.449229127704072972e-02,-1.747409889584093934e-01,-8.322293540848424431e-02,-2.067540435215639016e-01,-4.037387562580612155e-01,-3.051389508484070312e-02,-2.289455314256575447e-01,-2.476745986236985608e-01,-4.334374792656633391e-01,-3.062502987093060902e-01,-4.502152055578542145e-01,-4.220879641142463168e-01,-2.486421812243513330e-01,-3.623312829602906016e-01,-1.399637298125103735e-01,-7.588387297001308873e-02,-2.164144058710113505e-01,-2.542123163713199130e-01,-2.965950609438908758e-01,-1.772690135103813791e-01,-4.887394116653873688e-01,-5.037564064043276169e-01,-4.529557395970496003e-01,-4.845831043003890892e-01,-2.044181430413454237e-01,-4.044671844114829939e-01,-3.400359224350154586e-01,-7.153219848071368236e-01,-3.062190405448099728e-01,-4.184910311687990436e-01,-5.271377651814903587e-01,-4.174572245576541052e-01,-4.815674286473597965e-01,-3.798169822241665994e-01,-7.790689691692438412e-01,-3.290907711276261916e-01,-4.103309096748011253e-01,-5.531782760072190275e-01,-5.344782912730852154e-01,-2.894643299282720905e-01,-7.258034313855059594e-01,-7.122337486404120011e-01,-1.259183803005956559e-01,-5.287504807668967910e-01
-4.276620802538629862e-01,-4.681223793821263079e-01,-5.312713445667812673e-01,-3.342959819485179507e-01,-7.750562940051177740e-01,-4.883511803715125943e-01,-5.061949891637524956e-01,-2.670864941677738580e-01,-7.130208487857523370e-01,-7.402905405393256366e-01,-6.496444168016590748e-01,-5.696867368752660532e-01,-4.548267090442795757e-01,-4.009311566977324937e-01,-1.755862320947484401e-01,-3.570966947871473396e-01,-5.414326574816140658e-01,-5.390981846925260168e-01,-5.467060522416280488e-01,-4.328769432737318290e-01,-5.696581470906658673e-01,-4.684832004447779807e-01,-9.163631204724975721e-01,-5.772139057116096872e-01,-7.396691892206803676e-01,-6.610875949643860716e-01,-5.323822105369719893e-01,-7.426762232067418701e-01,-6.907433290053075492e-01,-5.891024371982227503e-01,-4.070327237955295718e-01,-3.719873154857558095e-01,-5.440399379511769995e-01,-5.155651741900055818e-01,-3.275734663063994967e-01,-6.187987004054895657e-01,-4.274581649637765324e-01,-4.083024626593139139e-01,-3.080004502441550107e-01,-1.206673862661508112e-01,-4.892601413270372124e-01,-3.315193348757432545e-01,-3.900543655432320289e-01,-3.467990319750668959e-01,-2.317784913835964078e-01,-2.125331394262660600e-01,-1.889657348734417042e-01,-1.855366034652617957e-01,-2.176386456209891129e-01,-3.090261006752405004e-01,-1.378983728456744107e-01,-3.394236155576618730e-01,-2.688258427198632061e-01,-3.633553043130837157e-01,-3.546099409378205003e-01,-4.039493892484788962e-01,-2.214531917797356586e-01,-2.158345187305344970e-01,-2.554420654986577777e-02,-1.724165398556898321e-02,-6.667823923608096059e-02,-4.248805207728167943e-02,-1.891512710676594988e-01,-1.978051676305381257e-02,-2.964471888240205466e-02,1.718526558021959971e-03,6.105914902774234321e-04,-1.417321327781522200e-01,9.445574310334370338e-02,2.830337249774195207e-02,-1.025497520690283881e-01,1.546627762982413223e-01,1.013064704436468233e-01,-1.050765208281989604e-02,1.035603811755507753e-01,-4.060498861173578167e-02,2.660326567264119646e-01,1.409594659787856141e-01,1.014899593215912166e-01,7.418756013519556269e-02,3.364043077433183093e-01,1.786801373100823653e-01,1.266355919083357318e-01,1.149572798492184411e-01,-1.967903921061997519e-02,2.438964316172809177e-01,4.855187706320696073e-02,1.234970125473191516e-01,3.060366700848540233e-01,2.954657500673836257e-01,6.377718884020233681e-02,9.152656323637775593e-02,2.113419091898536273e-01,3.010071695627758448e-01,2.131933045241805047e-01,3.601699707646974780e-01,2.801308369236887863e-01,2.416262948340415218e-01,9.170361132133897364e-02,1.118970472866045451e-01,6.088390263865728347e-01,3.580172858512751244e-01,2.859525082321496825e-01,3.829154999247492697e-01,3.853962661022072300e-01,2.456737812075926453e-01,6.911480812388619555e-01,5.183334061563695805e-01,3.111806735933062562e-01,1.661622313841393250e-01,6.332048231506051117e-01,4.228712163263133039e-01,3.569692095212253502e-01,5.499687400374038138e-01,1.487730001670433122e-01,-5.352955994927202088e-01,-4.150066376848964289e-01,-6.805363803210939810e-01,-4.670984479343162077e-01,-3.198375812538760687e-01,-2.326037256265344189e-01,-5.391864713858511848e-01,-3.204434041838543079e-01,-5.115563433629535250e-01,-4.564381767485216068e-01,-4.550720525505415059e-01,-3.870566996564012152e-01,-5.346602949207102107e-01
-6.909710403462996364e-01,-4.070814882583193572e-01,-5.664772728294374948e-01,-2.901901688181829364e-01,-4.188448360465759635e-01,-7.474234580441315723e-01,-2.848456771975971247e-01,-5.793647565633786023e-01,-5.118845756673602310e-01,-5.040394488680693952e-01,-5.729104059084116907e-01,-4.437471641720732718e-01,-1.374573356802131219e-01,-6.336621158562363298e-01,-5.139287920168691404e-01,-4.067307293613671160e-01,-5.617806005544980774e-01,-3.028483588834305351e-01,-4.475476348066783627e-01,-3.692720735163835810e-01,-5.815765270316413105e-01,-3.899004194427078129e-01,-6.148113424845818020e-01,-2.531965806617618719e-01,-4.378820687568137915e-01,-4.937634927150892361e-01,-7.423886711090517121e-01,-6.200252201458367196e-01,-5.881017228132277008e-01,-6.932535120932092898e-01,-5.579875093208992443e-01,-3.813764992330206383e-01,-1.549653378530367887e-01,-3.302022772212960255e-01,-2.827241533512891980e-01,-1.639282461497741927e-01,-3.649265880861153333e-01,-7.867516017022250230e-01,-4.232147432664314923e-01,-2.019214543317749966e-01,-8.670416064078523277e-02,-4.766733142411111457e-01,-6.675648534090261599e-01,-5.558199361422877516e-03,-2.264043383110136975e-02,2.364416902352579619e-01,2.541015822018339865e-01,4.277035012776395639e-01,5.046595055549589759e-01,4.626044718378932163e-01,9.947962995828207866e-02,3.862411212086394041e-01,1.093066617614508740e-01,2.326215196207734870e-01,1.422600602327424024e-01,3.630105366841998027e-01,1.072246853190734761e-01,5.356154094983174296e-01,6.896225015629979804e-01,7.255379599516453837e-01,3.617543842614494576e-01,4.081092496584057816e-01,5.773346660848015510e-01,4.553657901110630402e-01,5.368580402116218675e-01,-5.454426354962496060e-01,-2.515460222709027249e-01,-3.634458925739743052e-01,-2.455928019912875238e-01,-3.385164095474058055e-01,-5.638294272315360622e-01,-6.934428160254553219e-01,-2.651019567459934612e-01,-7.641252865496572788e-01,-3.065536489106124307e-01,-4.356942741494225224e-01,-8.666706584479128006e-01,-4.828915851992663377e-01,-2.221364912278809278e-01,-5.061009988983043995e-01,-1.525983360026123004e-01,-2.157044010467097372e-01,-4.240545565014159912e-01,-4.254007397741623731e-01,-5.989658769233148217e-01,-5.989658769233148217e-01,3.530736266069833817e-02,-3.120054762923257785e-01,-1.773420483627674571e-01,-5.971096626818994668e-02,-1.854166184326434541e-01,-1.800425415994852951e-01,-2.820656640822583050e-02,-2.765165091621269999e-01,-2.406060207209408386e-01,-3.469753176657718319e-01,-1.092787732357181074e-01,9.646629902721004513e-02,1.276619651754844487e-01,-2.247641261855995998e-01,-2.649481041466517084e-01,-1.766814963138059191e-01,4.370326177076488960e-02,-2.225333498039262503e-01,7.902996479141033426e-02,-2.892485184108324336e-01,-2.470036557164201341e-02,-7.269176777830588243e-02,-7.265665448813785066e-02,1.914295917216930487e-01,-3.842323202300490514e-03,-2.743207453770413196e-02,-1.449367023967050860e-01,1.999309889350340264e-01,-2.109411595261432293e-01,-1.098810215435715998e-01,-4.478042775712076651e-02,4.286615287766968319e-01,8.545370819395792239e-02,9.420389407251050784e-02,2.039444552630107488e-01,1.704966405204992874e-01,2.069896089618723511e-01,1.952486654953844436e-02,2.377619988538912654e-01,1.334190739175395990e-01,3.787212886189101901e-01,1.809999951451308764e-01
-6.743660934504760451e-01,-6.013101673365488509e-01,-4.120374644852842216e-01,-7.078888565830316892e-01,-5.708093624172358993e-01,-7.165963699604436243e-01,-7.596187453328075989e-01,-6.096863269085435189e-01,-6.888225270240894149e-01,-6.471322917661241902e-01,-7.467399644012229221e-01,-6.473202291426283228e-01,-8.455259774155087227e-01,-7.694469423045560141e-01,-4.690566503884705529e-01,-6.475376553535630020e-01,-6.931946063483347409e-01,-6.375612949697981868e-01,-5.711593085731414554e-01,-6.149599014785234186e-01,-7.551452891497092423e-01,-6.976096962164568538e-01,-6.263469429698529378e-01,-5.782935926336891796e-01,-6.700194032934353450e-01,-4.787841322020410795e-01,-6.868814424787020867e-01,-8.508808620521316479e-01,-7.170952347302230745e-01,-4.980358458359712692e-02,1.870811214459866534e-03,3.644539791675760476e-02,9.010936941184333193e-02,2.302729137683545702e-01,5.522509960123533901e-02,9.898728150167213080e-02,1.279975517075022662e-01,-3.311821588236263381e-02,1.187604044789223323e-01,6.661532013276438846e-02,1.225488602115967218e-01,1.029241236107207857e-01,1.198455468353714082e-01,4.708486149328217074e-02,1.931608919797023205e-01,8.002140098215781983e-02,1.496931057442629776e-01,5.586409746994780434e-02,1.910759594614819257e-02,1.040812978395653232e-01,2.012626255815286314e-02,-1.070077877494401974e-02,9.223279924379101935e-02,2.532456508014946372e-02,-2.538773591741849689e-02,1.295220129653773533e-01,1.026463028283925993e-01,-1.886813582197532924e-02,9.814128280385592262e-02,8.231680466182500489e-02,-2.389410487632048774e-02,-8.146107105244770885e-02,1.613205675449842502e-01,5.785135361841464707e-02,-1.184046432687151373e-01,3.324201864017992669e-01,1.522362875571325880e-02,8.437886535236360785e-02,1.943862609362667637e-01,3.093638017724575917e-02,-8.951404738388202276e-02,-1.597067234722311380e-01,2.056258942174371551e-01,4.734881892722642149e-03,-4.768959117866700126e-02,-1.065857737591457965e-02,1.288784659045241199e-01,1.076637165245537542e-01,-1.488540926636275907e-01,-4.156814429102539954e-03,8.181353095167831491e-02,5.630060773970413379e-02,2.213535482889552597e-01,5.522650211897039974e-02,1.189593462253482059e-01,3.639294375346469046e-02,1.474423956297548077e-01,6.521560743312804220e-02,2.135750051200886457e-01,1.404339210062452992e-01,8.226512008518671593e-02,6.426797654630722612e-02,1.725556839998079184e-01,6.057396779639456774e-02,2.292382512617696655e-02,8.071789128941175839e-02,1.283927524356607286e-01,4.263343203102367696e-01,-2.474651919372494735e-02,7.844106197923661483e-02,1.307126534251010774e-01,1.924189385206349634e-01,6.279200644007376653e-02,-3.697381984875469652e-02,3.646555461395069031e-01,1.143492560452559204e-01,1.491242157813092994e-01,-6.763622358074650176e-02,1.503811521755116232e-02,1.582913306243163287e-01,1.851107062989407748e-01,2.982761798365778372e-01,1.836854677765256127e-01,-6.825386002549346243e-01,-3.933851869313398364e-01,-6.588322385603551101e-01,-6.644448268403055913e-01,-5.979469298077635386e-01,-5.884750442647184165e-01,-5.510664439180807950e-01,-6.110705759511003698e-01,-5.093340396268799530e-01,-5.877633204571417469e-01,-7.339185428488048668e-01,-7.934368283535863098e-01,-5.843453487746941288e-01,-5.136214716115126144e-01,-6.401118993380656708e-01
-5.002155957454805790e-01,-4.000292155232821889e-01,-2.289795478750329405e-01,-4.380555206424538994e-01,-1.269711065163672270e-01,-6.740172980783529777e-01,-5.431006466505809982e-01,-6.108673547274827698e-01,-3.487137168212403049e-01,-6.164288050530917218e-01,-3.336104276833985471e-01,-2.093799487074091692e-01,-2.258788832434553973e-01,-3.353381605116817488e-01,-4.028606686737055131e-01,-5.889411476586855487e-01,-6.247428942248096639e-01,-2.440855377585646746e-01,8.432332565005347114e-01,6.990385740925844082e-01,5.922005269510866032e-01,7.203582461839377338e-01,6.145058813142740828e-01,2.013098436786098233e-01,4.910872335463538629e-01,3.246547693604535656e-01,4.115863788196805206e-01,6.313567363196532778e-01,7.404293178711145451e-01,3.121763173372587019e-01,4.074273743051917140e-01,4.810645181533443893e-01,4.206218655751481350e-01,5.956535256149184665e-01,6.523508804484889900e-02,2.688819973722571532e-01,4.818668661838048095e-01,2.305892354606109418e-01,1.416489365049653504e-01,3.107587674889915608e-01,5.512333794905499573e-02,3.465038019918267320e-01,4.028163634980730379e-02,2.582339388793557511e-01,4.536652553382429787e-01,1.346397965845813616e-02,1.686834619963544224e-01,2.569459600926162768e-01,-3.252666123280950616e-01,-1.436160848645501309e-01,-1.139320933278455961e-01,1.386614154964185275e-01,-1.873738448783019983e-01,-1.160608419385887879e-01,-2.856405846916628688e-01,-1.538877356477035274e-01,-1.864872835694868503e-01,-1.297230369112101211e-01,-1.896555369691987902e-01,-4.010091294914057691e-01,-3.981135525108934203e-01,-3.407724708065035246e-01,-2.561517250878236895e-01,-1.300030549713231398e-01,-1.411679052876176899e-01,-6.670795463106862222e-01,-3.126890634364166699e-01,-3.757347889309704536e-01,-3.941662346732233146e-01,-1.828853234970090336e-01,-4.196515246896166396e-01,-1.569861789069605384e-01,-2.423824352994294884e-01,-4.525672709540197181e-01,-1.359829230879053830e-01,-2.842107789961102471e-01,-2.189652152226398973e-01,-2.927231697907750618e-01,-2.451858704609446438e-01,-2.853380076732104920e-01,-1.206143351337705116e-01,-4.031284308865333843e-01,-5.082432440450985744e-01,-4.699767092150990422e-01,-4.819060072172124398e-01,-1.222793754192944560e-01,-6.266748803859154560e-01,-4.487152703793469977e-01,-5.682913755768079778e-01,-1.848991897223500880e-01,-9.733049808978899708e-02,-1.866219116064996575e-01,-4.642659734632856861e-01,-7.372365761521280092e-01,-7.606476179584844566e-01,-2.602195407761354051e-01,-5.285422248642300813e-01,-2.328525286765429358e-01,-3.212064241785427265e-01,-4.179985748262092793e-01,-3.905333721003620973e-01,-4.133059590641036118e-01,-2.575985839605554606e-01,-1.838327731353842642e-01,-6.580798417384603471e-01,-3.994115826747344222e-01,-4.929875443838425131e-01,-7.796532436728931259e-02,-1.583558076011786220e-01,-1.785865663614752963e-01,-2.430660691941115559e-01,-5.280098794787742023e-01,-2.881512065158817748e-01,-2.602975135698086806e-01,-2.865296478763454946e-01,-6.157590848535816619e-01,-3.018348204516575484e-01,-2.643170610708367452e-01,-5.095235845044806533e-01,-2.036584854930219013e-01,-4.466053550644466519e-01,-1.626402770368108319e-01,-4.510459383895537577e-01,-3.522654491374247465e-01,-5.661927775011701414e-01,-4.807031360835987144e-01,-1.203074246951367776e-01,-2.181127901166374228e-01
-6.888632360004007804e-01,-6.865588633996275725e-01,-5.528976286122249117e-01,-6.225386038511340203e-01,-4.187780330479929924e-01,-8.500768597699834839e-01,-7.356231413268573549e-01,-5.669344216870958464e-01,-8.601691256578573030e-01,-4.763852586755161767e-01,-7.144555165427866061e-01,-5.109360565193070691e-01,-4.300668227776792696e-01,-3.711590748201856194e-01,-6.162593161791030116e-01,-7.210582104197358344e-01,-1.775268228819690819e-01,-6.531038886242686026e-01,-5.103041935100469662e-01,-3.363912247701894564e-01,-3.780690423519000865e-01,-6.760159577748661164e-01,-6.298541363574492458e-01,-4.734269388054541672e-01,-6.052675689171143070e-01,-5.792801379933603112e-01,-7.984535623680757421e-01,-1.787949430964391739e-01,-6.613664802217129601e-01,-5.272170613765136959e-01,-6.718873771066311562e-01,-5.237420827424328351e-01,-4.472562455643129820e-01,-3.252272986771201913e-01,-6.415289097564349508e-01,-4.898883110395948481e-01,-5.326579671008898620e-01,-4.616388132038774517e-01,-3.334684461380146292e-01,-4.220086894964187874e-01,-7.049749641593785476e-01,-1.608647161960411465e-01,-4.415465455179040655e-01,-1.379290192966661222e-01,3.206095126304813192e-01,1.251042259477648244e-01,2.777745352047233940e-01,1.098231047535100924e-01,1.065120732502646828e-01,2.047079643408065142e-01,3.717884276823180123e-02,9.295384440000731274e-02,-1.040966643992669027e-03,-1.047240357555714318e-01,-1.264653334476926183e-01,1.817946688862408511e-01,2.992962417739186698e-01,2.708046693771219982e-01,8.094707347592611235e-02,-4.847201986109106464e-03,4.347441043458810661e-01,3.738786466135399777e-01,1.285086615359689599e-01,2.406927214903655798e-01,3.355642715439759449e-01,3.626518877259379270e-01,3.112109535915872360e-01,-8.536264523475722843e-02,3.978259536626120862e-01,3.387182821962779755e-01,2.876357812482297494e-01,6.120310848276888649e-02,8.745150120643496727e-02,1.107025948556008554e-01,2.620285764786625116e-01,5.666845937202806827e-01,5.940559140666592519e-01,3.722436705543377133e-01,3.826849475862938998e-01,4.405521100969229664e-01,4.946078767194101999e-01,1.872245162977055344e-01,2.753611977645304965e-01,1.351664887447052710e-01,-3.163554353945490227e-01,-3.163554353945490227e-01,-2.147423386120145272e-01,-3.303076134956011156e-01,-3.893136743501264263e-01,-2.504509292309330393e-01,-1.297669932555081118e-01,7.510177873412704486e-02,-3.798354379190809205e-01,-3.504679716195142625e-01,-4.851187294196256383e-01,-2.759046338286920141e-01,-4.162419069781910785e-01,-2.739140727730491331e-01,-1.944730667147119840e-01,-4.886474172905623803e-01,-6.727157256581810518e-01,-1.788064189280916816e-01,-7.208155029275764569e-02,-6.640821141768127323e-02,-1.927689792565829840e-01,-3.214021724999717167e-01,-1.831592197470183203e-01,-5.822350270892704405e-01,-2.304416510366854576e-01,-3.326582008538456758e-01,-8.017545496866196331e-02,-2.055407290251225483e-01,-6.012112358932342193e-02,-5.226461841538165842e-02,1.828064164107521261e-01,-1.148978274820473544e-01,1.125252637497533570e-01,-1.184921459905884378e-01,-4.759566924100600005e-02,2.385050455575510320e-02,3.268366194503657951e-02,1.914151206156260443e-01,1.411121929677399134e-01,-1.390970727476960045e-01,-1.174976638190162737e-01,6.790979365547711311e-02,1.607190852275863779e-01,1.514404090892498278e-01
-3.590099663269877839e-01,-5.100148289278992886e-01,-4.569195460086054039e-01,-6.151956683059942588e-01,-5.135967801069761807e-01,-6.257962929298541699e-01,-3.199331035002348500e-01,-7.616121905403057113e-01,-1.754283298153513915e-01,-4.259413348408601641e-01,-4.134208252666087269e-01,-4.899909321834127196e-01,-2.852485486189066943e-01,-2.126569134144888906e-01,-5.950430707802152330e-01,-3.298832080327586125e-01,-3.988612706774719019e-01,-5.500501579900267668e-01,-5.878398475786881239e-01,-5.890637420935311841e-01,-5.481788397114626399e-01,-2.321845885956967948e-01,-7.306739798976054079e-01,-5.993008628900461376e-01,-4.994090221808180630e-01,-4.633345254734082541e-01,-3.279028386059910094e-01,-3.748837627465038125e-01,-4.355458733882510147e-01,-4.551306310412778222e-01,-2.042704507314400120e-01,-4.630955903943358987e-01,-5.436283169769198231e-01,-5.533215845501524566e-01,-2.429133745709509684e-01,-2.453258812891009333e-01,-3.174193529826069282e-01,-2.970502966235105680e-01,-4.913333538316695392e-01,-2.707463893709295411e-01,-9.976507108697119097e-02,-3.140625706316023669e-01,-4.007331607517279348e-01,-3.302268572436535266e-01,-2.077685852929473942e-01,-2.509047120460271563e-01,-2.947449674337181413e-01,-1.513829997229129143e-01,-2.865442484455879013e-01,-1.153905211737923375e-01,-1.700421578850176418e-01,-3.888055349822986395e-01,-8.204541748008220559e-03,-2.291340154244585481e-01,9.341636238325157215e-02,-2.015496911134498914e-01,-8.669078277931197007e-02,-2.513269597892772156e-01,-4.002767095567378863e-01,-2.202584444603875591e-01,-2.353796462670463274e-01,7.645221631066978496e-02,-3.269398303708870301e-03,-7.235813757871867313e-02,2.190775856628162099e-01,3.489966154370092166e-01,-7.542418519563420798e-02,7.905049549333265091e-02,-4.032309693177671406e-02,6.196403189325327965e-02,-9.189143361946494615e-02,1.767596266210094136e-01,5.797416742141892065e-02,3.096436580036021624e-01,3.720794321313574127e-01,-6.655845702907559058e-05,3.541450782326189817e-01,2.288319167005159471e-01,3.295554899848545105e-01,4.999320498138335456e-01,5.148107131497003941e-01,2.688605280623117544e-01,-3.174168140658863990e-01,-2.399204376862362764e-03,3.072724680194489633e-01,2.033883749620375436e-01,1.037649437815149067e-01,7.760741982228647196e-02,4.882171068684351134e-01,3.729242872377898088e-01,3.295026258548390263e-01,2.763180385178118925e-01,1.960711882040344634e-01,6.458302878020334425e-01,3.852660117628081693e-01,1.811172528201843157e-01,2.264619494241315589e-01,4.625494499882853994e-01,2.550004522220645775e-01,2.228980080112530349e-01,4.874926884772559088e-01,2.126466822274208912e-01,3.055079568607121931e-01,6.264255558870051033e-01,5.798436264649342586e-01,5.418123442059024075e-01,3.391940234044246161e-01,-4.803815279783408831e-01,-5.427335825859083140e-01,-7.172733544825815599e-01,-3.617133803967939043e-01,-3.096296004604575103e-01,-6.672488194127155214e-01,-5.174979407263640141e-01,-4.833117039925185487e-01,-4.762214338154578952e-01,-4.713783027269801140e-01,-3.933584455931904422e-01,-5.715870045583625325e-01,-5.178165963519796300e-01,-4.231156463979478533e-01,-7.185127486164972765e-01,-4.819917082432261246e-01,-3.465806779447074826e-01,-3.366147860971654415e-01,-3.971955363254791038e-01,-5.057996625686177472e-01,-6.929098592861149264e-01
-5.573718759591739236e-01,-5.981040837180817693e-01,-5.697926449452632713e-01,-5.970386377453125171e-01,-8.688622182759928592e-01,-6.244214299675245883e-01,-3.783659769336180645e-01,-5.433153037880386060e-01,-7.472038381516110661e-01,-5.882753832784284320e-01,-6.752945961531096053e-01,-5.007582945887809611e-01,-5.425414016942055051e-01,-4.981762594384500087e-01,-7.355861004738533104e-01,-6.577195744905039998e-01,-5.388111360627407809e-01,-8.088957384498619563e-01,-6.110295073548570599e-01,-6.653833269770511594e-01,-7.253671404839082681e-01,-6.060896960438392211e-01,-5.268393525618515483e-01,-5.917529080216283877e-01,-6.082998482224077907e-01,-7.134504507566135079e-01,-6.507603174508989063e-01,2.249807108858929983e-01,1.657741187648420489e-01,3.081691443580925061e-02,-7.148025857392359406e-02,1.835851014496816536e-01,3.176430437727584266e-01,8.519235440831995909e-02,6.662491479255239213e-03,8.884102227719603562e-02,-6.252585532454191242e-02,-1.797594394388357664e-02,3.491979306749866119e-01,5.010218780179975795e-02,-1.168442919416201597e-02,-7.918165607496141511e-03,-2.056542358642845514e-01,1.541201709561230704e-01,4.101177629410557302e-02,-7.503456217262227668e-02,8.923827643516668573e-02,1.323919634295298575e-01,1.803870121823050177e-01,-5.599204304938287802e-02,1.714520212168566538e-01,2.562789370425970770e-01,2.409505689816660023e-01,1.784359373952044692e-01,3.287615210988112935e-01,1.972170811556097636e-01,6.168804517257875375e-02,-1.585988614073331471e-01,1.803094169895602672e-01,1.473694683037283237e-01,9.942966796111862848e-02,1.849294830265686418e-01,1.907420307773524115e-01,6.411618816537534293e-02,3.123302346681884334e-01,1.996444078111605513e-01,1.770339914557899075e-01,1.704962809005674540e-01,1.279691453290674463e-01,1.467979279418751837e-01,-7.407325853598367704e-02,1.137588032711747132e-01,7.552856488091985732e-02,1.270868609801045768e-01,-3.542542588439978601e-02,-1.551634499562792868e-02,9.099529671071815429e-02,-3.636987413482284381e-03,1.594474367819624927e-01,1.079493446556072378e-01,7.773153185324543912e-02,-1.467087993782891786e-01,1.273586725133672992e-01,1.349756780049435889e-01,8.328960175149280332e-02,3.188525534903181580e-01,-2.503799114867466535e-02,1.757117265047261068e-01,2.440376184026127326e-02,-7.818596198421745580e-02,-9.615026143470017939e-02,2.376340101200644650e-01,4.177201283051990011e-02,5.167159795498532660e-02,3.424473251199722235e-02,8.680796133798018843e-02,1.420960519665186439e-01,1.172773390714290098e-01,1.635387680176327851e-01,1.792202396974733603e-01,-1.912653737970489987e-01,3.963047973119127043e-02,5.291680354700334377e-02,1.089462578579201146e-01,1.758869225470367503e-01,3.882200377708815431e-01,1.689352750651940127e-02,-5.662994048110314704e-01,-4.278952937798160550e-01,-5.547359697430174208e-01,-4.614012195071517386e-01,-6.357932954977203455e-01,-6.686424904974929140e-01,-4.069676937232117320e-01,-7.172978086379628859e-01,-7.196078272716697199e-01,-5.681258425220720998e-01,-4.218890367526176854e-01,-6.564704706184222305e-01,-7.388442930204784931e-01,-5.804462775471116442e-01,-6.058460895018491499e-01,-4.707458427486328478e-01,-6.673442985046824649e-01,-6.571597901042305345e-01,-7.160229200167511632e-01,-5.451349806443562818e-01,-4.924082434238551409e-01
-7.695939549327898144e-01,-8.282818420524085123e-01,-8.262263624066270573e-01,-8.553115234633126285e-01,-7.982448029975041104e-01,-5.330196368665811590e-01,-5.734236195134810865e-01,-6.382169180679708731e-01,-8.200283488392458020e-01,-7.305684674095336284e-01,-7.814023990605289960e-01,-8.278483561862810536e-01,-8.995560312128524361e-01,-8.574879792542453583e-01,-9.114016240795753676e-01,-6.229364154199992232e-01,-8.538544154225166105e-01,-1.000000000000000000e+00,-8.638924865866260960e-01,-7.756920660830395331e-01,-8.056254626735188662e-01,-8.391031294665920459e-01,-7.412829477038896941e-01,-7.268338503768907444e-01,-9.063855373809636129e-01,-8.896477109202368672e-01,-7.173012250273176349e-01,-8.920034732093040653e-01,2.073828893195934775e-01,4.395693047845461443e-02,1.346329278438787025e-01,-1.506592390765896239e-01,-1.142582038746530193e-01,2.692462564014586057e-02,-2.350829706116793760e-01,-3.956383496537851929e-02,-2.558273622938866954e-02,-8.238574380280472287e-02,1.752715337268653251e-01,-6.744306092662921692e-02,3.047810930539949226e-01,-2.587278840484645848e-01,-9.213215600959978602e-02,-1.041076651729853086e-01,-2.100272609889513031e-01,-2.470881160536676502e-01,2.823571000752145288e-01,1.877483602679670405e-01,-9.370752866125919844e-02,2.477428185248138348e-01,-5.654683231479984418e-02,-1.392821105086878841e-01,6.171068324730311083e-02,1.550011283075367619e-01,5.629000614410650805e-02,-2.345839476091299280e-01,-2.214610782448461768e-01,-4.734402878973342776e-02,4.985895166833986814e-02,1.792784837416716570e-02,1.021181326303481907e-01,-2.985936882746120791e-02,1.147652607864850793e-01,-7.027171263778275723e-03,-6.155154063876056014e-02,-1.337723016053256053e-01,-1.849760617194113888e-01,2.957127729987283349e-01,-1.278699549594016771e-01,1.227654125460964085e-01,-1.063369599205383764e-01,1.598510957709220470e-02,2.552144620436445077e-01,3.507438648390048819e-02,1.809166460334730164e-01,-8.399519763542706574e-02,-1.156887539834652312e-01,-4.207898800074161283e-02,9.413957964385755162e-02,1.834849580871957819e-01,2.780282470668049566e-01,-4.092071333490487905e-02,-1.357616302434608846e-01,-1.377720502309942585e-02,6.286850479202543696e-02,-9.753367256281508801e-03,-5.037482646090662985e-02,-1.446441713610557844e-02,1.011748639333034383e-01,1.698680320716248193e-01,-2.417675319661662936e-01,8.542739480352778969e-02,-8.957784036363336533e-02,4.151591668828880088e-02,-1.624073461721253775e-02,1.896920160958688317e-01,6.959978437188851785e-02,7.933203114955911239e-02,8.180701104230969634e-02,9.639360545413966364e-02,1.148609736314079033e-01,-1.773639751092670469e-02,-9.035407639082726483e-03,5.328348641454794254e-02,-1.525148131945375241e-03,5.119771957808660900e-02,-6.322884756016766694e-02,1.249969333410290151e-01,5.399882080624252012e-02,1.827328777308412366e-01,2.272680375018856225e-01,7.360315976457121323e-02,-4.705993623579041163e-03,-2.372586388349606779e-02,1.315564620375309079e-01,-3.462573400675762469e-01,-1.940623678059606450e-01,7.796687792539569450e-02,3.211673550691207524e-02,4.522785968421394465e-02,-1.292139229733668682e-02,-5.304628470354832981e-02,2.432936007251376154e-01,-1.360618693727347894e-01,-1.936755350740017034e-01,-4.116999108322383361e-02,4.854817297790647856e-02,-1.117274649114338159e-01
-6.396705377954255978e-01,-6.526066061821904629e-01,-3.735267153556094399e-01,-4.235008604805925447e-01,-7.889072714610836368e-01,-5.842699364749370794e-01,-6.872861587502632208e-01,-4.771239755551948125e-01,-4.103226599935593244e-01,-3.396026379560498354e-01,-6.666030499006820875e-01,-4.661609475409819181e-01,-3.390100490395721033e-01,-5.929506941294024891e-01,-6.180059182652222205e-01,-1.617940787499324573e-01,-3.664901184534113954e-01,-4.615494728241511524e-01,-3.216652740384797760e-01,-2.969225991818287280e-01,-4.182337338959947193e-01,-3.333792280290652776e-01,-5.402537514202740976e-01,-4.803666972523419343e-01,-1.084254023292944291e-01,-7.248404051693928540e-01,-3.697888977055709958e-01,-4.725194415030531392e-01,-5.782933408997368296e-01,3.909367505857759273e-01,5.108361217363814877e-01,3.794546255844049032e-01,3.586160530381858891e-01,5.674405148175101221e-01,4.537679268288514756e-01,4.091540534470738955e-01,5.390542750988189802e-01,3.200944649637584849e-01,2.730036014138097489e-01,4.758225182134008246e-01,4.963820256923268115e-01,3.647530031411001517e-01,1.979913428693751420e-01,2.862236256989436622e-01,4.063921723687102805e-01,3.241737417393053544e-01,2.244446614151367481e-01,2.975777979284812691e-01,2.388316164178725387e-01,1.212327627423679388e-01,1.927058289176497574e-02,1.234434615432333793e-01,4.830633216978303945e-01,1.513451277882456036e-01,1.073853239465338838e-01,3.199901751834555164e-01,-1.548617475335019034e-01,-1.373730102004396825e-01,1.234856917118574149e-01,3.573596488814829719e-01,7.308062121466285532e-02,1.013908840302946146e-03,3.543334831150348752e-01,-2.457197046729209244e-02,3.136899935933707972e-01,-8.498029013057273318e-02,8.927864017634301597e-02,1.343919968741835724e-01,9.490868081159731240e-02,7.326405255341827960e-02,2.253176028382644080e-01,1.632743322891767601e-01,7.862543552221379350e-02,-4.767049176407422983e-01,-8.099065941169425464e-02,7.297534247954695630e-02,-4.964782024469619470e-01,-2.062736596200940298e-01,1.112059189125380598e-02,-1.072521458970873143e-01,1.576897440171376452e-02,-9.545382147423675523e-02,3.123532503438397612e-02,-5.160895575901669474e-02,4.161589462560577601e-02,4.030692122722889792e-04,-7.493948945117867577e-02,-1.011070755761066531e-01,3.725662496333992380e-03,-5.696441578753079771e-01,-1.328070906981249077e-01,-3.596044324595115693e-02,-3.537819879681960433e-01,-3.956177434316768826e-01,-3.494958901735113477e-01,-5.476636841587601001e-01,-5.050226821281660339e-01,-2.784622471894354634e-01,-4.436897508499169085e-01,-2.278391103578273347e-01,-4.390608093929849742e-01,-6.143702686378874622e-01,-4.113420854036203833e-01,-1.488132168236678821e-01,-3.527839347706982487e-01,-4.439689022259935003e-01,-3.469511044557449519e-01,-3.397917153277387747e-01,-2.691618536034008358e-01,-3.928186416903431954e-01,-5.178290931446192236e-01,-6.914455588466773550e-01,-4.123279295044240955e-01,-4.413877265673001871e-01,-5.675003196122146987e-01,-6.555625741378967586e-01,-6.581494281953175207e-01,-6.490383852921202124e-01,-2.705135174839120582e-01,-4.220321331197910419e-01,-3.782212982387435085e-01,-2.040487090813204452e-01,-6.929195330622879290e-01,-6.299241543582250191e-01,-2.347875356450781492e-01,-7.338368372002366247e-01,-4.667942418375715663e-01,-4.392247133694284766e-01
-2.354693642477012627e-01,-3.883545464140768511e-01,-3.818732026870081953e-01,-3.917334130251103330e-01,-2.216549529464291179e-01,-4.423977047617455582e-01,-2.898932773908567961e-01,-2.065114475115830128e-01,-1.660350483428084667e-01,-4.486194640332419326e-01,-3.865019823149705713e-01,-1.284816756562660034e-01,-4.588376903985255106e-01,-2.958385141079798997e-01,-4.591948181644747162e-01,-4.210954562561012304e-01,-3.063002643026692118e-01,-1.282079976955554645e-01,-3.271007998486720192e-01,-5.865791999067866413e-01,-3.639075798351755209e-01,-5.879371247703153447e-01,-7.289460061239678712e-01,-3.399901643948577412e-01,-5.883619797580730282e-01,-7.733454381402471434e-01,-4.849752518553243075e-01,-1.704887824653636974e-01,8.755576221714318486e-01,6.301935096873516606e-01,5.588892203385926738e-01,7.029126157728942115e-01,3.367583895284429474e-01,4.803029510231815458e-01,4.434501073195780130e-01,6.554463809378419104e-01,4.114439333645842911e-01,5.454289699388301660e-01,4.075803925862910848e-01,5.914257977314094639e-01,7.793185454021060998e-01,-5.018079352655357983e-02,5.538443640454147054e-01,3.278969947820944419e-01,4.109635890213068077e-01,3.952651360882737386e-01,2.267034701705155086e-01,5.520443583993819292e-01,6.220588348997480033e-02,2.565192710432051548e-01,2.401551975778877246e-01,-2.978170530692936246e-02,9.511087711840837677e-02,5.355799509730130303e-02,9.277736091833976850e-02,2.470950711031538738e-01,1.016604803047849170e-01,-6.971685864077692418e-02,7.960030402269047123e-02,1.619212766795283809e-01,-2.207938645962629343e-01,-8.294712849777585717e-02,1.074413563281508832e-01,-2.680419755577121421e-01,-2.275749982873100929e-01,-1.902814540225018503e-01,3.382194893504841815e-02,-3.440185693348128959e-01,-1.096146222902864009e-01,-1.991264842638409416e-01,-3.373771156215842337e-01,-2.785127558088958954e-01,-1.581764532735934203e-01,-4.568259944794744731e-01,-5.834488522460152815e-01,-3.374343635185718115e-01,-2.789709619491544945e-01,-1.588994454121217537e-01,6.801635263755145822e-02,-2.697881496961122005e-01,-5.770786886171481722e-01,-3.144163467397845801e-01,-1.929168373512770707e-01,-3.390124872627116037e-01,-5.117621106956902199e-01,-3.521081441867348616e-01,-5.576871907156204511e-01,-4.480264327842476968e-01,-2.165887100558905320e-01,-1.015700790462592540e-01,-2.784725538966887903e-01,-2.363477790861949757e-01,-2.459960006667354371e-01,-6.469603934385903532e-02,-2.840921691501120394e-01,1.189696097782078077e-02,-6.702975693108981226e-01,-3.545879825447678657e-01,-3.412516535774002824e-01,-4.713185734524610870e-01,-1.030747863812651044e-01,-2.862733575393511254e-01,-3.834462917520989889e-01,-4.563683169805160533e-01,-1.495325674507641533e-01,-2.757016859162225719e-01,-1.596457229412524548e-01,-5.787344866704176027e-01,-3.260114751124127963e-01,-2.383020508944916349e-01,-4.096346675053004205e-01,-6.514581239671042301e-01,-4.011902808397918019e-01,-6.841509202584157290e-01,-5.158337023932886289e-01,-4.736237300246861626e-01,-2.244535620084558980e-01,-2.971262411607669129e-01,-7.427188381686931073e-01,-5.091290310921999795e-01,-5.145741048115888283e-01,-3.606982740221170713e-01,-5.480927107377298046e-01,-4.789289259752937955e-01,-9.352562570721512092e-02,-4.442201614801382092e-01,-2.875499579514395609e-01,-3.365406612367654038e-01
1.559821930594431638e-01,-1.461650479274474446e-01,1.936776658220993319e-01,-1.068311568235995601e-01,3.862304045346620640e-02,3.227649666173806331e-01,1.307660965432071443e-01,9.640765220868674490e-02,2.484343316922077438e-01,5.673070958227084404e-01,4.183802826145159859e-01,1.629636350526579847e-01,1.203410096005934626e-01,1.120760517039960380e-01,6.204788806901535558e-01,4.372582792150288000e-01,4.095960263435984849e-01,4.039476199184128813e-01,5.418209391222792437e-01,7.860479693431199344e-01,8.236178951912880297e-01,8.494390738204420366e-01,2.948253029303449235e-01,3.503760815344694191e-01,7.969877155629299104e-01,5.998297199621607234e-01,8.668202243776641502e-01,-2.536932949043474439e-01,-3.938504128526726378e-01,-8.358261287975199405e-02,-4.263254484865126592e-01,-6.510453162470712929e-01,-3.650018025949095524e-01,-2.174007498435205354e-01,-3.490380975961745458e-01,-2.744133798753449760e-01,-3.251120908356794903e-01,-2.368187517340424320e-01,-5.641616081627971457e-01,-5.558558621735033567e-01,-3.849417029118605837e-01,-1.733664226825238908e-01,-5.796181807295143207e-01,-2.357898287615750599e-01,-1.833851513289664892e-01,-6.577767900216977548e-01,-4.931284758390247491e-01,-4.785060884553551386e-01,-5.948052900811249266e-01,-5.743499644965222029e-01,-2.841161198375885544e-01,-3.214078544948986149e-01,-3.032765223745632621e-01,-3.199436008060522196e-01,-2.652856577996979270e-01,-3.617635186077242659e-01,-4.518614053551364140e-01,-4.327668564201239132e-01,-3.094948292947116153e-01,1.166433471121708365e-01,-5.298768823181533305e-01,-5.341464699617562983e-01,-7.091446493858510891e-02,-3.136719910195711059e-01,-5.603544198278607169e-01,-4.982047269522733579e-01,-3.327437903976804279e-01,-2.092054179619727838e-01,-4.574786615018052727e-01,3.826866737619671888e-02,-5.039003442821420320e-01,-2.132795557686905097e-01,7.492058063514983601e-02,-5.882258636137827068e-02,-2.473364300205685984e-01,-1.447632476341055296e-01,-6.873114040694960902e-02,1.067068649826743432e-01,-3.185215125542419923e-01,2.140199269000562232e-01,9.419767624388475369e-02,1.174645787852648393e-01,-1.783606214735894424e-01,-4.047724801566221497e-02,2.436988564265969437e-01,-1.103315965488713690e-01,-3.524985367964014182e-01,-3.856420411523877601e-01,-2.266825223094720565e-01,-8.433003615798606578e-02,5.387124563533740584e-03,-6.517609239499143614e-01,-3.791829111485236492e-01,-5.213768480643548031e-01,-6.872036978998377066e-01,-2.772740665300471585e-01,-3.502726368610071805e-01,-4.596799778186426710e-01,-2.109425728324763050e-01,-3.628965012037378424e-01,-4.111320134202967047e-01,-5.883675898290133821e-01,-3.723240887635493879e-01,-1.811969517895317683e-01,-4.642463525997914120e-01,-1.539257571842622685e-01,-4.603300268078679425e-01,-6.987158152035440883e-01,-2.790177772719124594e-01,-2.256477663017064650e-01,-1.699589234921181635e-01,-5.157555785592439213e-01,-5.780769216246118836e-01,-2.199046251978135080e-01,-4.705694959225393825e-01,-2.717469599079517240e-01,-3.905893649237868193e-01,-1.627610611449185063e-01,-3.368081825042386068e-01,-2.908927834528800549e-01,-3.564492134842371929e-01,-1.329580386472752895e-01,-4.425100572209256233e-01,-4.540782392720430494e-01,-4.330753887446514572e-01,-1.380542673669906684e-01,-3.986710353296016862e-01,-4.182755936560886845e-01
-2.110675479512722497e-01,-2.472413896649188203e-01,-5.979459947959400168e-01,-5.028986229613372494e-01,-3.406496102529081860e-01,-5.152996596017533903e-01,-6.589679591227215472e-01,-2.432846138230351229e-01,-6.935386906993474820e-01,-8.876918100336479434e-01,-5.221439928996641777e-01,-3.715224959349463507e-01,-4.882919078143074243e-01,-2.599088363472180641e-01,-3.569071571019453160e-01,-8.739281123351971825e-02,-5.008546115951895139e-01,2.765037462507380361e-02,-5.040543730952506962e-01,-4.004119122664021591e-01,-5.243230631275032083e-01,-3.339325068907674776e-01,-3.737013899490185809e-01,-3.666017336917305469e-01,-2.160535416539677289e-01,-4.683482314880695885e-01,-4.464981235930994830e-01,-2.759248516612733404e-01,-4.006748303987448523e-01,-4.897247954526779967e-01,-2.920370077679703691e-01,-1.459352446773103384e-01,-7.002653815288775174e-01,-2.366182923915031155e-01,-4.128605158352344207e-01,-2.138451875750602138e-02,-2.597512652777785869e-01,-2.168806351319545467e-01,-4.544223164306572249e-01,-1.597042899241508662e-01,-5.056197914671900495e-01,-1.620917296945550978e-01,-1.620917296945550978e-01,-2.317189886696348067e-01,-5.224495619559512694e-01,-2.753082940763226238e-01,-3.377607869347202252e-01,-5.750757134814501459e-01,-1.874125554466508081e-01,-5.356057357221447601e-01,-2.948536877315840465e-01,-7.246801585276585467e-01,-3.898013081894270426e-01,-1.479490231553880486e-01,-5.032194974419337274e-01,-9.878269012611351485e-02,-1.552841801213969974e-01,-4.188384887547746960e-01,-3.254034225388556800e-01,-6.028576838282693195e-01,-5.101386856287065674e-01,-6.246098348499404818e-01,-2.479946783442451563e-01,-2.501237829787212874e-01,-1.929362316542140299e-01,-5.650262783274868639e-01,-5.222703022084080882e-01,-3.505613073766860044e-01,-6.313177894810091395e-01,5.450529872998419734e-01,5.776078693472017633e-01,2.070346333773687153e-01,5.932986264136885790e-01,3.975907622270327124e-01,4.861039082235547593e-01,5.214144139624594665e-01,6.324538288464451874e-01,2.630004493451050251e-01,3.869210186522271666e-01,5.802338500532326915e-01,5.096772824672513025e-01,5.890950649896147251e-01,2.453281504908721988e-01,3.402590378332754906e-01,8.167919132985110853e-01,4.468225511186247889e-01,2.499566028646962312e-01,2.731575906687258026e-01,2.460639328719049779e-01,3.463434474641129412e-01,1.963630557409095090e-01,-5.965145276563021959e-02,2.524548465708529310e-01,3.518787534206597734e-01,6.608813529333379400e-02,4.014904807704928746e-01,3.296480561553716271e-01,-8.043520125320358094e-02,-2.574742309842420473e-01,-8.412012959983117266e-02,1.811234670526107315e-01,4.525795268013110828e-03,1.305347890028942803e-01,1.988930898490619548e-01,-7.680312624799368049e-02,1.153819046802195825e-01,-5.495471935530227281e-02,1.323263615615188904e-02,-1.723816937631296176e-01,4.221444244435823556e-02,-1.043940736792913215e-01,-2.944251538319220263e-02,-3.897261548160212419e-01,-3.115949773322567173e-01,-1.601996412071937659e-01,-4.810763460529106084e-01,-3.278933122739902117e-01,-3.497537808192034969e-01,-2.353474746679226071e-01,-4.577730032238129798e-01,-7.010722607704822362e-01,-1.691112400828062023e-01,-3.857149037468261543e-01,-5.477896590209672123e-01,-3.584065564467537879e-01,-2.707106035914883524e-01,-2.723591588993257151e-01,-3.399747510845688714e-01
3.498020921608786526e-01,3.244736647626589310e-01,1.856334426398116300e-01,3.913161136521254857e-01,4.010932805555120773e-01,2.074736214284569336e-01,1.138195358853042460e-01,2.924579249174716900e-01,4.219062841245599937e-01,3.829950478537247349e-02,2.730046443116127541e-01,2.481434351291493812e-01,6.578047684524124250e-02,1.854517662463248673e-01,8.056079851448183504e-03,1.398727700642288241e-02,3.636343693803834043e-03,1.180403302965227219e-01,2.275156717871149592e-01,-1.030302690298731116e-01,-1.757803635649628493e-01,1.018800246771196516e-01,-3.920081159026272966e-01,1.045538528151135349e-01,-2.087241098372774051e-01,-3.898362057076376619e-02,-1.588742961114131269e-02,9.439027429470869812e-02,-1.487988946002528623e-01,-3.906759901730283424e-03,-7.955896930769768005e-02,1.115678296235840250e-01,-4.005112105220477448e-01,-5.402121074321393213e-01,-1.629330900144874139e-01,-4.286721123912982101e-01,-8.408249897013841956e-02,-2.164125933865534979e-01,-1.064034680307770486e-01,2.598035000729126409e-02,-3.703858631966221449e-01,-5.190427025294048757e-01,-3.681055096111124358e-01,-2.624288945984548649e-01,-1.620891393521842749e-01,-5.368092757488321931e-01,-5.588348098428694843e-01,-8.436359589004764903e-01,-3.702091567505966241e-01,-2.635286195431496559e-01,-5.248927370619087540e-01,-3.816179984022086691e-01,-7.548288955334665484e-01,-1.957218462096149691e-01,-2.937433791722880994e-01,-5.187459477576529254e-01,-5.042641573826287527e-01,-4.534288304062968900e-01,-5.400519686763847194e-01,-2.462270384920993704e-01,-4.374479211900111908e-01,-2.919234505820179626e-01,-3.645097706038397112e-01,-4.688528142147690980e-01,-1.071940097388673907e-01,-4.619105815827485584e-01,-1.055176630026790630e-01,-2.371601569165612267e-01,-2.271244088972129704e-01,-1.735311609772097752e-01,-8.210863506794210398e-01,-3.686774671320869334e-01,-2.604280160469607530e-01,1.965044942601961164e-01,5.509245738548755877e-01,5.772142653315415206e-01,3.056381392761247096e-01,8.287150042605972988e-01,9.147430326784833365e-01,7.255174975775102730e-01,4.342150674638001195e-01,4.967350645796482222e-01,3.862595697111548265e-01,7.608179699203099222e-01,4.754319709671634975e-01,1.130166915793373583e-01,-4.300913164912532061e-01,-3.874141726574852340e-01,-5.837958135564846884e-01,-5.833611049825881967e-01,-2.540763908255921910e-01,-3.168035434071148071e-01,-2.103193586825827799e-01,-4.953757659679791647e-01,-4.843232896880603766e-01,-3.868704237239830590e-01,-5.067431182680273150e-01,-3.742701720259926645e-01,-4.972319909979939778e-01,-4.832624072922292457e-01,-4.115259662672908769e-01,-5.831387160165908412e-01,-5.226234489817092044e-01,-3.496591540264756270e-01,-3.582958906050551784e-01,-1.865679963074227121e-01,-6.710880858455933184e-01,-3.097423556939613576e-01,-3.908453567762375513e-01,1.982228302196538117e-01,-5.192629661416037212e-01,-3.153264189208994095e-01,-1.652067719310169602e-01,-2.069596238519358922e-01,-1.676250011372981685e-01,-2.462914284409379873e-01,-3.675519969964543554e-01,-4.093860478614572695e-01,-3.577904411943194640e-01,-5.093719831259135855e-01,-3.217968302020327576e-01,-4.317567775320975132e-01,-4.080692527295602945e-01,-4.074793034233840094e-01,-6.522840630651089988e-01,-3.126520297758111910e-01,-5.014840399775093438e-01,-4.463437675258526971e-01
1.317874027655130398e-01,2.380974523265342313e-01,1.549021573060294088e-01,2.110512643607476146e-01,1.468456998536524782e-01,2.217402835639126213e-01,2.991393036355596280e-01,2.379206991299165352e-02,1.693605256348762467e-02,2.750171853375027453e-02,2.728856820380811676e-01,2.404419944737203885e-01,6.834251353114928484e-02,1.943314548586179136e-01,5.840691606668668712e-03,1.355369440253371138e-01,3.960945275376264174e-01,1.311383031729085324e-01,2.279594068213066649e-01,1.951388016061343933e-01,1.269800646488750129e-01,2.999722912842317513e-02,-6.286591552851472642e-02,1.104191496175350728e-01,6.280836195458450177e-02,1.811947904737398751e-02,2.319329553368225660e-01,6.540519546512069127e-02,1.779085943230036548e-01,2.008446393344729408e-01,1.195161961129760364e-01,1.974270632339505394e-01,3.403942908897301667e-01,-1.274425790359212662e-02,8.368223479333614101e-02,9.197954409902342476e-02,-1.673212288860392860e-02,1.505923389806249624e-01,2.431771198291372560e-01,4.042097828488981914e-01,3.113981357662340965e-01,2.832778709493084524e-01,3.203662297464293651e-02,2.410801040812007301e-01,2.891671508049999950e-01,1.343864910930232526e-01,2.338581446812122433e-01,-2.090276470409491161e-02,2.528811760003322195e-01,-5.116493302887925587e-02,-2.657344239167391819e-02,8.036745245419907313e-02,1.420936533015715320e-01,3.917270873105049844e-01,-4.348361922218885178e-01,-5.467747756106482449e-01,-4.246917346932721493e-01,-5.166978295318809256e-01,-5.999775597162384511e-01,-5.730981275129567454e-01,-5.481894484994589423e-01,-4.654463863321410821e-01,-4.968129222949434487e-01,-4.715171951371474046e-01,-4.537140629554250459e-01,-7.717143459763114999e-01,-4.147671487911286370e-01,-5.386508534590133124e-01,-4.871643914412614462e-01,-3.970437731179425889e-01,-4.707937800855788169e-01,-5.336724189672903407e-01,-3.127687588095646731e-01,-4.295283386799827463e-01,-5.811595836823895134e-01,-4.758073170788721384e-01,-5.475156286327232946e-01,-2.089765522409986476e-01,-6.180659028698930468e-01,-3.400288019603602274e-01,-6.048978436649443680e-01,-6.075051241345073016e-01,-5.878749824460521856e-01,-6.433459613872483107e-01,-4.885198601006540686e-01,-4.885198601006540686e-01,-5.240261717001770680e-01,-4.794707689231559877e-01,-2.909277457026766545e-01,-5.253162650521171484e-01,-7.934605992310966860e-01,-7.377039022538640634e-01,-6.435484274090086387e-01,-6.847910796995089200e-01,-6.156006003495146928e-01,-5.726150860201887349e-01,-6.085601770912394404e-01,-7.170425863721667792e-01,-5.707494856985447784e-01,-4.331291735016931099e-01,-5.669669672909489755e-01,-6.556190704292261806e-01,-5.138897300998468420e-01,-5.627559257722883901e-01,-5.104594630119213550e-01,-4.873216640261573973e-01,-7.872734102236711440e-01,-4.552417248306954711e-01,-4.929126031861966739e-01,-5.953141882470093238e-01,-4.605277818085179442e-01,-4.865329419949233625e-01,-4.635548969715866940e-01,-6.872638982764676108e-01,8.168946567131052383e-02,8.081823963525902599e-02,4.308594179155811332e-02,1.408661697798063717e-01,2.298597104663964164e-01,2.857000550398303140e-01,2.529502949512776322e-01,1.624206952640032675e-01,2.360267607576260751e-02,1.302686019253691541e-01,1.986643715722600234e-01,1.568380777091922251e-01,1.641168246926552055e-01,5.705080728381406452e-02
