-3.337732887620390443e-01,-3.516719673020655690e-01,-3.767171874632166406e-01,-4.351698228718887118e-01,-4.718701414600993127e-01,-4.766943471655703535e-01,-4.886531601648336776e-01,-5.030292704482772770e-01,-4.765366815406873457e-01,-4.095573468328939648e-01,-2.825652874324876551e-01,-4.581077085940540861e-01,-6.186399101785843291e-01,-6.167703243955487968e-01,-5.458968653734446175e-01,-4.974638325296540931e-01,-4.990156128310113681e-01,-5.157991485199798776e-01,-5.798413829840732836e-01,-6.131693058217676517e-01,-5.736850015895047505e-01,-5.455688250749349821e-01,-3.455814964123798405e-01,-3.785437383505405595e-01,-4.767831623646588413e-01,-5.214655897415898522e-01,-5.050121138958151290e-01,-5.248354884006233290e-01,-5.018746986442986779e-01,-4.951313441132537685e-01,-4.881668311588284181e-01,-6.232085318583582279e-01,-4.430016980191192055e-01,-2.837350592736673227e-01,2.117469538063102008e-01,2.708436349084842876e-01,1.822620161365855473e-01,3.032030947732426429e-01,1.624340242647965837e-01,2.820098195833341537e-01,2.920164226498785376e-01,5.498686556458132202e-02,2.345437720991758734e-01,9.085347392758102991e-02,1.373057348106820341e-01,7.726550578071998687e-02,2.320853229327597134e-01,2.471349835098329562e-01,2.384062489156942716e-02,2.249995103791247175e-01,1.741093620572767287e-01,3.141693878786421812e-01,3.784559658989273268e-01,3.275832383858018892e-01,4.056036521275592222e-01,2.695566696804999607e-01,3.555409707197386138e-01,4.128651848891298215e-01,2.007565571419763772e-01,9.518542091825489548e-02,8.162906287115188897e-02,1.385066630936809262e-01,3.130644777458729267e-01,3.111693685255919606e-01,2.186350386983156036e-01,4.909812320151916293e-02,9.807780125547101158e-02,1.520057896385012264e-01,2.074009112103223640e-01,2.110788373527300310e-01,1.848138062549778970e-01,1.740809720129284366e-01,1.666517863741332761e-01,2.193040168382334176e-01,2.761228978337615936e-01,2.580306768281346308e-01,2.377584287984672029e-01,2.063022601103008113e-01,1.741462871003249258e-01,2.094970465696583684e-01,2.567511980240437808e-01,-5.616111168119395508e-02,-5.194385931163827408e-01,-6.607709710198669262e-01,-4.977051865108333972e-01,-3.879634505024187607e-01,-4.136642675727615903e-01,-4.383811459485682516e-01,-4.084703704953832060e-01,-3.785595950421981049e-01,-3.796951908121034003e-01,-3.925239562143628680e-01,-4.005373004019605609e-01,-4.017742452586047786e-01,-4.011435597881909398e-01,-3.819682445903165857e-01,-3.627929293924422871e-01,-3.091758159349735080e-01,-2.447675084933108591e-01,-2.388339129733055011e-01,-3.097825957803778674e-01,-3.723792553385207871e-01,-3.673975172556580016e-01,-3.624157791727952160e-01,-3.814761028126993359e-01,-4.064649247699526069e-01,-4.595008465085903548e-01,-5.389113535528869958e-01,-5.877656834197876323e-01,-5.479598902580395947e-01,-5.096586314556800223e-01,-5.171671534031947459e-01,-5.246756753507094695e-01,-5.010425290453829339e-01,-4.718541410821710524e-01,-4.086961973233486090e-01,-3.319013585168120728e-01,-3.145587330465960951e-01,-3.316297499630582180e-01,-3.523515753101341130e-01,-3.753600759139694709e-01,-3.534858359130584327e-01,-3.089845260820611172e-01,-4.469718887086469583e-01,-6.334598970201219537e-01,-5.538582858038454404e-01,-5.253338450366462631e-01,-6.145978361309067939e-01
-4.893792474485415545e-01,-5.999489760893370605e-01,-7.927895524377449599e-01,-5.041363446771953694e-01,-4.651510085761476065e-01,-6.179366298461974605e-01,-5.662779405120077492e-01,-5.090804040066034819e-01,-7.111074883911054911e-01,-5.082567784993186066e-01,-6.389553737143786050e-01,-1.518543209043312081e-01,1.678151167896080320e-01,2.376206044262728634e-01,2.480695982620843287e-01,2.626799518157089952e-02,8.039855818432310730e-02,1.593547452392078956e-01,1.229672332756831382e-01,2.137501522872344017e-01,2.077239825545673657e-01,1.592067057816899667e-01,1.969242426671065360e-01,1.644124535086992078e-01,1.244226122931317846e-01,1.184289822368178174e-01,6.443596425415366868e-02,5.983488541841294056e-02,1.384178176210131006e-01,9.786709163759221841e-02,4.609027712353610390e-02,-1.763491785535494308e-02,-1.608701318198811903e-01,-3.655684125289498237e-02,1.622813917870114531e-01,1.556753206879592233e-01,1.346178954640730174e-01,8.245759019864673522e-02,5.930069592274608836e-02,2.909845062876994515e-01,1.085009337359767040e-01,8.923428429057618516e-02,9.580500019511950516e-02,6.140017001707483851e-02,2.625427088721405400e-01,2.141541602052439708e-01,1.678757069858569789e-02,2.473925226479289086e-01,1.341926520684136870e-01,-8.765632359179975630e-02,2.989494911732124352e-02,1.809700898573560479e-01,6.753732600168638189e-02,3.029138262960836409e-02,1.081899756385777955e-01,-1.422632681477802030e-01,2.883103408985568036e-02,2.101286690462092210e-01,1.548264862736031811e-01,6.294020271286135393e-02,2.782974942354490833e-02,4.986146425859633302e-02,9.276680774623702330e-02,6.701504059782641132e-02,3.552585957858355598e-02,5.180425020358920413e-02,7.133805709490831370e-02,8.337077210261015225e-02,9.334515627067439814e-02,9.992319233701910108e-02,1.028308307543646938e-01,1.049020131970025693e-01,8.474572414749406701e-02,6.458943509798556470e-02,6.811930626742528083e-02,9.901820186745358132e-02,1.299170974674818679e-01,7.552413664082525957e-02,-3.504989091445238555e-03,-8.253411482371574015e-02,-1.256039324212833777e-02,5.977226334787068968e-02,1.204761490884012493e-01,7.857157031997029362e-02,3.666699155153933104e-02,1.052209065722854026e-02,8.093910523437164439e-02,1.513561198115147555e-01,2.137681340740077984e-01,2.128630916834195475e-01,2.119580492928312965e-01,2.083652954409421776e-01,1.174581059506726310e-01,2.655091646040310185e-02,-6.435627302986643428e-02,-4.563422536805992330e-02,-1.546647408908504578e-02,1.470127718988983173e-02,4.093134941255933967e-02,6.585814403332079792e-02,9.078493865408227004e-02,1.358874264179794344e-01,1.956160351565683353e-01,2.553446438951572084e-01,1.670596505803739751e-01,-1.405316329905036410e-01,-4.481229165613812571e-01,-6.735451169511993408e-01,-6.289073971761353077e-01,-5.842696774010713856e-01,-5.456301535766531208e-01,-5.732642079661383061e-01,-6.008982623556234914e-01,-6.285323167451086768e-01,-6.515686033669179089e-01,-6.744350314148370718e-01,-6.973014594627562346e-01,-7.049702821089212090e-01,-7.107549324983156724e-01,-7.165395828877101359e-01,-6.380926223363082572e-01,-5.471981930546753192e-01,-4.563037637730424367e-01,-4.694565712420340486e-01,-4.914959336875444063e-01,-5.144554073832984242e-01,-5.541333000430893607e-01,-6.675896312223463802e-01
-3.339241385349480673e-01,-3.873094597661217442e-01,-2.628441226312033252e-01,-3.828731569448072802e-01,-3.989422992604002016e-01,-4.370736762793044905e-01,-6.642669658578671532e-01,-4.343173959491223313e-01,-4.007546252715138979e-01,-5.039244166957160820e-01,-3.592664361252858596e-01,-3.762858892449946757e-01,-4.243983807996078994e-01,-4.716277265913963457e-01,-4.064431131943183062e-01,-3.980990758628732418e-01,-4.874145297205197958e-01,-2.207531584168934968e-01,-4.012236066723295358e-01,7.833624152596249668e-02,1.455013024956009204e-01,1.987141480136126459e-01,3.487400832029373121e-01,3.469657149074367175e-01,3.094999500632730771e-01,3.412617753305617341e-01,4.081003981855791940e-01,4.069722081400074520e-01,3.574332500365338672e-01,3.553779646345550658e-01,4.750275384685653246e-01,4.179727789197563159e-01,3.918368162152230383e-01,3.495882023306300934e-01,2.723050147830792245e-01,2.345953329784608576e-01,3.684788626343936668e-01,3.840282793022577468e-01,2.301059204065049602e-01,3.182466593091297646e-01,2.547978763956903481e-01,3.329029718366215973e-01,3.152554005269868620e-01,4.096419105407310135e-01,3.265115479172208124e-01,2.193092438978323233e-01,1.744557297680137675e-01,2.071447854068514394e-01,2.666984658236005723e-01,3.392726732922892174e-01,2.411254186040211467e-01,2.729673315329747552e-01,2.277919492256159917e-01,2.517593951570744615e-01,2.372811179351703437e-01,2.744830426277082291e-01,5.055474210948806002e-01,4.756908477505134014e-01,4.148544493363471308e-01,-1.758680321576941707e-01,-4.175964610106123742e-01,-4.611621382972556638e-01,-5.365060857025213403e-01,-4.877834350261192053e-01,-4.005010280458266014e-01,-3.609994067233911474e-01,-3.938162156190868068e-01,-4.144617999432347322e-01,-3.988613382256722129e-01,-5.130905934884258945e-01,-4.684933776234633807e-01,-3.150960842580608490e-01,-4.110257580690419021e-01,-4.347223733744043916e-01,-3.302437708678320205e-01,-3.146243965467467318e-01,-3.518631957205602956e-01,-3.215883656122378587e-01,-2.766307523116212086e-01,-3.901785317920186680e-01,-5.100059893066827277e-01,-5.214374359670297387e-01,-5.301720283888337049e-01,-4.641138234710785460e-01,-3.979995341989447932e-01,-3.179242844529125422e-01,-2.378490347068802357e-01,-2.979900639618681124e-01,-3.682231633428040274e-01,-4.307361307423625552e-01,-4.916425897767767728e-01,-4.963771754737106301e-01,-4.764676386836002031e-01,-3.984932448679646688e-01,-2.712868790880115233e-01,-2.485464397717834784e-01,-4.018340255378818893e-01,-5.116169049356620313e-01,-4.421019404790068053e-01,-3.745033590325566597e-01,-4.246378927234947809e-01,-4.747724264144329576e-01,-4.400427926058779193e-01,-3.892783232031241103e-01,-4.566954814516492878e-01,-5.805412683531306905e-01,-5.896350554169678126e-01,-4.968233858164187167e-01,-4.788943200294965563e-01,-5.705646130914930891e-01,-5.991422375534508626e-01,-4.885863145983163625e-01,-4.274320011650324380e-01,-5.111602305086176967e-01,-5.583031312314367112e-01,-4.890439796015449425e-01,-4.102101094244010593e-01,-3.058739255326033413e-01,-2.619863211427614358e-01,-3.245784694124753678e-01,-3.575354358835942659e-01,-3.623590994210379446e-01,-3.794158628190417160e-01,-3.995806631566672928e-01,-3.671518324881167805e-01,-3.986654790859437414e-01,-5.262092828932372068e-01,-4.860118635019394784e-01
-2.341273741433629318e-01,-4.486711851318681554e-01,-4.525110216107697259e-01,-6.623103199396038754e-01,-3.569148541039082745e-01,-1.576001573188202665e-01,-5.378745943291260989e-01,-4.105289800919351140e-01,-3.309904217287192307e-01,-4.945396200680052257e-01,-4.539477148703978671e-01,-5.232308348471688131e-01,-4.511459894332989218e-01,-4.150379767664055253e-01,-6.193917033215834422e-02,8.712862596484957090e-01,7.464711019706908868e-01,4.608584619556348461e-01,5.112360991335599403e-01,7.586570433728899721e-01,4.942447241561843674e-01,6.171621100830004814e-01,6.497369998057148655e-01,5.405538380326451176e-01,4.276003242794951809e-01,3.590514493770349813e-01,4.783372245287534352e-01,5.291963065801942312e-01,2.848743923203270190e-01,1.833250080828600914e-01,1.591291774940795101e-01,4.410672171217973614e-01,1.896180712932277190e-01,3.177556267323092265e-01,2.114282051788736183e-01,1.370534512681180761e-01,2.031109887542762726e-01,9.417299309451204747e-02,5.752419246438961881e-02,8.925728346439910921e-02,-5.589475683961133562e-02,1.034395496769996425e-01,-7.371939865874607700e-02,-1.166739195229563736e-01,-2.542220400616994613e-01,-2.928443016418266209e-01,-4.839163835055244056e-01,-2.229184088474524261e-01,-1.622989768674408806e-01,-1.772426629839934931e-01,-3.827582832423070958e-01,-4.372309170548609458e-01,-4.118621061950017426e-01,-4.183206081123466702e-01,-2.841326560653061328e-01,-5.387035209029644722e-01,-4.756811726806263185e-01,-2.892019659174029922e-01,-2.991541480771055528e-01,-2.773433170335869447e-01,-3.735337662457428598e-01,-1.717056789334343858e-01,-3.598252945080206988e-01,-4.515901682670340755e-01,-4.173420838086607243e-01,-4.360773037402169705e-01,-1.309364332813526544e-01,-9.962374718566696652e-02,-3.778528699743969876e-01,-2.217918632978861659e-01,-2.277686486548067268e-01,-3.005079615327821974e-01,-2.485999925502991315e-01,-5.116484420703322211e-01,-2.246983362481155821e-01,-2.962423020491837256e-01,-2.772063628443027783e-01,-2.951917169862102175e-01,-3.613000334891848797e-01,-3.593398779121537712e-01,-2.469457329908243959e-01,-4.044830882294394581e-01,-4.209360750095184622e-01,-1.874991955763708473e-01,-2.581331054638213440e-01,-2.802769967951110330e-01,-3.488857003091274112e-01,-4.566678987094723308e-01,-3.201104903011053882e-01,-5.554666330005552100e-01,-6.813463916118255304e-01,-3.186607148308284732e-01,-4.002564737709257692e-01,-4.945165524241532662e-01,-5.427728921089965963e-01,-2.584265256759842866e-01,-1.807633491342704735e-01,-2.193395931637951157e-01,-2.112831196063410799e-01,-2.390417095022919491e-01,-2.310639174502698567e-01,4.498875572487614875e-03,-1.717193341105358040e-01,-4.551161871004815729e-01,-3.054931659996318882e-01,-2.308032297744406769e-01,-2.132053602160249584e-01,-3.350995353301138846e-01,-3.981760407610011598e-01,-4.094821763227272648e-01,-2.904016806373373449e-01,-2.813797485127230713e-01,-4.570691987470184570e-01,-4.611509675307932654e-01,-3.895193911948796606e-01,-1.866778613536264897e-01,-2.182633091393295366e-01,-4.222491049559874421e-01,-5.108974813230503509e-01,-5.173994974976212635e-01,-3.599472801753064721e-01,-3.368731599317118519e-01,-3.783102140115759404e-01,-3.827070401826012658e-01,-3.876975015414140247e-01,-3.937660250825301689e-01,-3.537815670965993586e-01,-2.923278683690355706e-01
-5.753444214946992208e-01,-6.408299256789306009e-01,-8.227972470049715881e-01,-4.869971190845650555e-01,-2.911173758268458811e-01,-5.805267561765343753e-01,-5.215399714083585048e-01,-3.504503677472902701e-01,-3.747155062962314043e-01,-4.957732340066455246e-01,-2.817153845168928750e-01,-4.931888779670396961e-01,-5.764019089058466383e-01,-5.125386694895414097e-01,-4.794857003473664836e-01,-7.450463138603112823e-01,-4.089190181396709645e-01,-4.419981599524306359e-01,-5.587657489266721900e-01,-5.697883542444647231e-01,-3.678484187109761772e-01,-4.793270193460460460e-01,-5.292136290512862162e-01,-3.892881430289399369e-01,-5.442312905306798676e-01,-4.288106472705575656e-01,-4.066067438933376743e-01,-7.704774056444988473e-01,-7.771174524672094241e-01,-6.778324948711603737e-01,-5.607238343205317443e-01,-6.324132830172116693e-01,-5.103644268065706813e-01,-4.209264970684271079e-01,-4.367484113832844628e-01,-4.984773946915511122e-01,-5.549965343546856555e-01,-5.536196765742561476e-01,-3.873230735566540184e-01,-1.107928311384227399e-01,-1.022184455318404794e-01,-3.840075831312880772e-01,-4.285711986339411639e-01,-3.506235819315803304e-01,-2.826052068187007715e-01,-3.228519857228856482e-01,-1.761203879543766226e-01,-1.986036364271129562e-01,-3.731313063050873957e-01,-6.767320133967593687e-01,-4.484026791447124904e-01,-2.802279897587909296e-01,-1.839911428298465490e-01,-1.503746943008142101e-01,-4.944425964506294902e-01,-5.545131957052379379e-01,-4.561021037416877477e-01,-3.365666643960915083e-01,-3.566128407793152655e-01,-2.368235317155344966e-01,-2.397733227608521700e-01,-1.954126317449875749e-01,-5.278802735167420490e-02,3.706899710332601378e-02,-6.710016724632555940e-02,-4.952355809451717411e-02,-4.351301579814350617e-01,-6.100031164496606539e-01,-6.068700878956031011e-03,2.438387267414173984e-02,-4.152925956891654474e-02,-1.433116215342415678e-01,-3.673300320590803386e-02,-1.672950793595776725e-02,-2.053925073252664546e-01,-2.144399505425009789e-01,3.963209323262031208e-02,-2.454368246970946021e-01,-1.899764397200593424e-01,-1.830366793138562820e-01,-5.429864378090873411e-02,8.509175479571134959e-02,-6.966524525250626654e-02,9.866272725362078277e-02,5.460468722131864294e-03,1.034596439914893945e-01,-1.019294557060523854e-01,-6.159599445053683814e-02,2.041643871317735948e-01,1.114130915578903092e-01,8.219661517581067223e-02,2.958556618010164674e-01,1.172834337625480727e-01,4.202805976386029263e-01,4.609913166097748816e-01,3.112208880488995244e-01,3.838754053795277454e-01,4.382822917700075482e-01,3.536053495208874020e-01,2.532335254319714180e-01,3.443189164783740375e-01,3.059827712519648246e-01,3.289787182353340889e-01,2.341310685730411123e-01,4.203213769816047662e-01,4.412642102096809849e-01,3.839221413231060920e-01,4.105612432278236690e-01,4.864869387557558822e-01,-4.041932526093219291e-01,-6.750403458582553418e-01,-5.866914784390072635e-01,-5.602974778934044497e-01,-6.417811153252217515e-01,-7.276067822467501278e-01,-6.074807058212586819e-01,-5.393998286687463617e-01,-5.197660142594533461e-01,-4.927973772451112455e-01,-4.645550536290871668e-01,-4.887719742626719377e-01,-5.175665859507633249e-01,-5.757107187630110534e-01,-6.382648976042804012e-01,-7.213994714347101711e-01,-7.753235365878033969e-01,-6.375608157865686465e-01,-4.997980949853338961e-01
-3.713291858366567499e-01,-4.192239239590191402e-01,-4.671186620813815304e-01,-4.049218370175593495e-01,-2.698488825629544174e-01,-1.834365447437889540e-01,-1.817182479114194116e-01,-2.040879495470207527e-01,-2.870469484330136489e-01,-3.843590577544453990e-01,-5.077159997032743011e-01,-5.427813667719240120e-01,-5.118495073269545559e-01,-3.045890023295597104e-01,-2.624735722739119925e-01,-4.489354273521068417e-01,-3.680762593798608817e-01,-4.038009762906745737e-01,-3.771883615319988614e-01,-4.980731747390185760e-01,-3.352949765684619665e-01,-3.005829510016737594e-01,-2.588495025744089739e-01,-1.784787371117350571e-02,3.461766531973118344e-01,1.191194350410905156e-01,3.841829469343097658e-01,6.666566001019081922e-01,5.597560051023185990e-01,4.777054602590926069e-01,5.324650861677470148e-01,5.248884073811368456e-01,5.453782950174127508e-01,6.407619579486838468e-01,7.281318630849170637e-01,8.070233471374165246e-01,9.536787962252117890e-01,8.823617671453394262e-01,7.294508104387762426e-01,6.537816652429753184e-01,2.096583290832174651e-01,-3.310164703340470194e-01,-1.874212650453982443e-01,-1.498192925370630535e-01,-2.120167709865904415e-01,-1.697931238622235051e-01,-1.389646482083322643e-01,-1.806488957303849507e-01,-3.384050702101877861e-01,-5.793285487249694166e-01,-3.605440932773338880e-01,-1.376125526847797875e-01,-8.758593986800834730e-02,-2.857899978480479830e-01,-7.224593431855722558e-01,-5.910794310301128451e-01,-3.541083896420822996e-01,-3.757372567958350285e-01,-4.229136613875690287e-01,-5.072912647840516209e-01,-3.557871788208005759e-01,-1.300538415823086213e-01,-3.599620572375213379e-01,-4.754432863897517514e-01,-3.956703650275461559e-01,-3.602516091336789295e-01,-3.529493991373752193e-01,-4.981662970285731795e-01,-5.257303221510648550e-01,-3.932547104762432744e-01,-5.190610682785955499e-01,-6.483314086446053670e-01,-4.930278084717159559e-01,-3.979764243835061666e-01,-3.474237825984163308e-01,-2.704157331549327248e-01,-2.113205014535042003e-01,-1.798763805529834114e-01,-1.922367239201951405e-01,-3.020488191032477121e-01,-6.492295941683429161e-01,-5.443847435383227795e-01,-3.045690964288516045e-01,-2.157535195034716302e-01,-4.096391246609513703e-01,-6.288595284166534904e-01,-2.707169363750572266e-01,-3.550172661648574035e-01,-5.767013980610675716e-01,-4.436713643715452515e-01,-2.566162292479725604e-01,-1.861722182515705426e-01,-4.982375535034652692e-01,-5.659011732280672113e-01,-5.464446169490809746e-01,-4.740150086768512017e-01,-3.785249119551392094e-01,-4.609623137367254708e-01,-5.561583656090295369e-01,-2.153843350023015024e-01,-2.462276236500903492e-01,-3.584591698899244894e-01,-4.615611952887461178e-01,-4.560236044384384790e-01,-3.124025113142052112e-01,-2.910283342466855050e-01,-3.739945985834898790e-01,-3.293144024227485644e-01,-3.261904816996162304e-01,-2.358646531502715249e-01,-2.938280999838527308e-01,-4.541078479003116120e-01,-1.976744001907494441e-01,-3.368676823108987528e-01,-3.781459406427736814e-01,-2.556022227372500844e-01,-1.540329946654524496e-01,-2.709212508938396713e-01,-4.045729916562158524e-01,-1.474722915922991977e-02,-2.552445602732337782e-01,-3.689296465951442117e-01,-3.965312307638147460e-01,-5.520509958171827547e-01,-2.363812013235703224e-01,-2.470186170638317413e-01,-3.824815993908480816e-01,-1.966809191238149124e-01
-5.141450099048319178e-01,-7.637472470690810367e-01,-7.892664826326691863e-01,-6.112577582298419632e-01,-5.490591918738861876e-01,-4.082427259535799657e-01,-5.560604994611636487e-01,-4.495311952101040398e-01,-7.353126165520146307e-01,-4.938427751450404912e-01,-7.700725689930187912e-01,-5.310244985371661564e-01,-1.827900723756576140e-01,-3.167245538859613657e-02,1.755506562028570916e-01,2.724841698954950653e-01,8.047131264378723503e-02,1.008461229583723362e-01,1.509496832866480120e-01,2.891978542500158178e-01,1.222091346491510286e-02,1.626463992977266737e-01,7.969682151428766903e-02,1.891228473941768684e-01,2.766642757620312865e-01,3.035208785558887734e-01,2.538009577829899444e-01,1.345718487945251896e-01,2.053662115987359149e-02,1.243871850152119540e-01,-7.616408033812301775e-03,5.534538645472875107e-02,3.597496667437759532e-01,2.190731287992300214e-01,2.063304421153579482e-01,1.081513310020819213e-01,1.702015582117114012e-01,7.525494280648568901e-02,4.819370273939561217e-02,3.009672058194900468e-01,2.229307765986411338e-01,1.032747214140555952e-01,7.608522736532780106e-02,4.412632437033810195e-02,5.100346400541590219e-02,7.799521722183302974e-02,1.598442958990773932e-01,2.692932603955775495e-01,1.157100441910679095e-01,9.593366777657486022e-02,1.045424262024073764e-01,7.771722542300159298e-02,2.178621338548882846e-01,2.418682545138237383e-01,4.827827477746901574e-02,4.950633423404706551e-02,5.478231216143569088e-02,1.080327639635417780e-01,1.113931192535258380e-01,-4.098923992654469051e-01,-4.627535159237131102e-01,-4.588698396726381135e-01,-4.885540026778490974e-01,-4.560067019684765910e-01,-6.367019791662165140e-01,-4.533547122473451374e-01,-5.368764692303191755e-01,-7.531304101195296363e-01,-5.314840321460644335e-01,-6.549636909057232614e-01,-5.429718020197659145e-01,-5.625951980384160667e-01,-6.225103299498734311e-01,-5.421303311897515131e-01,-4.982626791494136342e-01,-4.611221553305964727e-01,-3.652201527525378300e-01,-3.101722243879340146e-01,-3.354277543166017117e-01,-3.794925423159251077e-01,-4.474692954178733362e-01,-5.108344535347851822e-01,-5.673785491670229053e-01,-5.979296200684404150e-01,-5.367407989262538148e-01,-4.755519777840672146e-01,-4.566805794447947875e-01,-4.432102260026117846e-01,-4.364146052390266983e-01,-4.398089079437006998e-01,-4.432032106483747014e-01,-4.725877103821359837e-01,-5.110096549360519935e-01,-5.494315994899680033e-01,-5.514662826680717389e-01,-5.503260289805420591e-01,-5.491857752930123793e-01,-5.756037035172869576e-01,-6.043089481357872828e-01,-6.330141927542876079e-01,-5.938506289820822959e-01,-5.317175273817151826e-01,-4.695844257813481804e-01,-4.437390610812829705e-01,-4.757652974641503607e-01,-5.077915338470176954e-01,-5.398177702298850855e-01,-5.378655935064569071e-01,-5.290726829436610545e-01,-5.202797723808650909e-01,-5.135122967351416490e-01,-5.292620014295080777e-01,-5.450117061238746174e-01,-5.607614108182411572e-01,-5.685825941401250194e-01,-5.233601401562752997e-01,-4.781376861724256910e-01,-4.329152321885760824e-01,-3.876927782047264182e-01,-4.305115658923784894e-01,-4.761240021462765926e-01,-5.217364384001746958e-01,-5.673488746540726879e-01,-5.635435123582710482e-01,-5.260259172651355897e-01,-4.885083221720001312e-01,-4.509907270788646172e-01,-4.134731319857296583e-01
-2.618583935382052807e-01,-2.649853921827437508e-01,-2.681123908272821654e-01,-2.712393894718205800e-01,-3.077898019678656505e-01,-3.465438911297032409e-01,-3.811670778570518947e-01,-3.703746158685383150e-01,-3.595821538800247352e-01,-3.515158544097077287e-01,-3.471000220569325223e-01,-3.426841897041573715e-01,-3.301594719107176501e-01,-3.173182575747928169e-01,-3.902750927845529683e-01,-5.036171801972422202e-01,-5.547038545731295400e-01,-5.591889396732719897e-01,-4.959004635650047788e-01,-3.928314118919956632e-01,-4.652214568475896428e-01,-5.583073379605866249e-01,-6.102432736681734360e-01,-4.854377695859603548e-01,-3.802586208147650249e-01,-4.229389398392058297e-01,-4.198484518655733466e-01,-4.256945640298492317e-01,5.296671937799528607e-01,4.538525618298486219e-01,6.823456090800351648e-01,4.017715916179022129e-01,4.988614178432327351e-01,8.111214311463622595e-01,3.126958351585723550e-01,4.179276592159382742e-01,4.607439336961547949e-01,2.082936486730563863e-01,7.382786973139236764e-02,1.476673625184815042e-01,2.455280352914056274e-01,1.904839509652580809e-01,4.091179358660039234e-01,2.951274951974757199e-01,4.149066115897419998e-02,1.627239127997537893e-01,1.275591584878748297e-01,9.547844303084151302e-03,-2.521480418667544979e-02,-2.874788262219480153e-02,8.666813210383237515e-03,-1.038786180087629130e-01,-3.119837841410585955e-01,-3.093361565152712989e-01,-1.822538568183879049e-01,-5.535436168959430997e-02,7.134585533552963155e-02,1.671941109756291399e-01,9.047960441351148020e-02,1.376509785139381700e-02,-2.893370683910959779e-02,-5.252225637980357381e-02,-7.611080592049755678e-02,1.287138111557608374e-03,8.557124050739953192e-02,1.618539024454867248e-01,4.502264895411122597e-02,-7.180860453726425896e-02,-1.886398580286397508e-01,-1.449102695912950212e-01,-9.635122843707293050e-02,-4.779218728285083984e-02,-1.036216009697290136e-01,-1.939779747859001202e-01,-2.843343486020712407e-01,-2.916741383531068488e-01,-1.765402416639635930e-01,-6.140634497482037185e-02,5.372755171432285620e-02,8.627025201269752919e-02,1.145267941891729285e-01,1.427833363656483279e-01,1.178743419147432331e-01,1.762299710566671979e-02,-8.262834770340980739e-02,-1.828796925124863137e-01,-2.558673550282423714e-01,-3.226822844342718821e-01,-3.894972138403013928e-01,-4.317571639624308011e-01,-3.605722036220225246e-01,-2.893872432816141926e-01,-2.182022829412059162e-01,-1.993367885022145625e-01,-2.280747680597457749e-01,-2.568127476172769597e-01,-2.855507271748081721e-01,-2.996476520942084609e-01,-3.116458307583059306e-01,-3.236440094224034003e-01,-3.405545082140892243e-01,-3.719488226444987999e-01,-4.033431370749083755e-01,-4.347374515053178956e-01,-4.075796650378644692e-01,-3.530898390929131381e-01,-2.986000131479618624e-01,-2.463800864175930416e-01,-2.043380359121864109e-01,-1.622959854067798080e-01,-1.202539349013731773e-01,-1.455117796168929056e-01,-1.900513461094792966e-01,-2.345909126020656876e-01,-2.602528808340057731e-01,-2.661754697549164606e-01,-2.720980586758270925e-01,-2.458928295543207909e-01,-1.571061869727073401e-01,-6.831954439109388932e-02,-6.163185422200550406e-02,-2.069467238344762650e-01,-3.522615934469470189e-01,-4.121699774205992983e-01,-4.009207881723992339e-01,-3.896715989241992251e-01,-2.150340899491405278e-01,-3.938054351877675607e-01
-4.558423440602565879e-01,-6.313971987805191421e-01,-5.283196560764353844e-01,-5.524983329150033873e-01,-4.001383247173143642e-01,-5.260859073545817166e-01,-2.822413196131096647e-01,-4.963407252311797246e-01,-4.737335093624956972e-01,-5.403670378958725928e-01,-5.307678392789796362e-01,-5.281939667197117494e-01,-4.375619651740563776e-01,-5.189477545395009273e-01,-2.237144653738510069e-01,-3.584988428794103621e-01,-5.082689262510285966e-01,-4.811757493953012776e-01,-5.085291144372913186e-01,-4.587477301553777309e-01,-3.762319954388573806e-01,-3.248944802693441991e-01,-2.604600854720126590e-01,-3.139359214255346142e-01,-2.960815888073773383e-01,-1.101860194677665855e-01,-4.020514240563778652e-02,-1.230603239592519965e-01,-3.822474759480859463e-01,-3.654169814001806960e-01,-3.427039174248829867e-01,-2.437616306015644718e-01,5.290789554520339971e-02,-3.078843248576921404e-02,-2.345652339739187908e-01,-3.273827644437526385e-01,-1.307889417188478065e-01,-2.413209105199265458e-01,-2.228683440944129179e-01,-9.391225662557210752e-02,-2.277386780297425140e-01,-2.735510453046715584e-01,-2.483767802819616399e-01,-1.515919514877652474e-01,-3.431709565094315934e-02,1.087872389638820519e-01,1.284623047553862529e-01,1.088793226497491856e-01,2.509618312043985014e-02,-6.417151806683316778e-03,1.829993284728945527e-02,-4.628565964209409300e-02,-1.407365920470765031e-01,-6.271696173034137234e-02,1.741772859137132035e-02,8.931051983016030649e-02,7.386669041363129462e-02,-1.121570114170805238e-01,-4.286582462198360033e-02,3.025208363426118985e-01,2.353154907244441874e-01,-1.029182800079279092e-01,9.897031037108289242e-03,3.042380822730270107e-01,2.237127713876085888e-01,5.757328614522660287e-02,7.346726203764981922e-02,1.068833122876720332e-01,1.326942564376641653e-01,1.588137743516213340e-01,1.872436324892384762e-01,2.307372918396135564e-01,3.228863709276478255e-01,2.797587078465767485e-01,8.478063138553528985e-03,-4.352331203699492945e-02,9.861618584870192328e-02,1.790878291304481285e-01,2.351095820030471850e-01,1.315973217108589166e-01,6.539860515533565954e-02,2.053143992094891013e-01,2.449960432590753134e-01,1.801606884087906812e-01,1.337127162174080348e-02,-4.332450633906083370e-02,3.187853728289722355e-01,3.992109406418988815e-01,3.510549022741687453e-01,2.840365144900020011e-01,3.735083854602320730e-01,3.899630627872458510e-01,2.972630443345625206e-01,2.503123509945619496e-01,1.092672301601165519e-01,4.299218303373542049e-01,2.869088385287789089e-01,5.794616051267811319e-01,3.066109704921919366e-01,3.806113571357687686e-01,6.216570187199872422e-01,3.708049617157014866e-01,4.361929924584518337e-01,-4.732533875408416746e-01,-3.371290894720102016e-01,-2.910630749930128158e-01,-4.683518878353317705e-01,-4.161506178002973289e-01,-3.390408224852288210e-01,-3.532656474739169772e-01,-4.868557934951118771e-01,-5.673615763966891601e-01,-1.929469008718906198e-01,-7.933967114191317060e-01,-4.454712214573272044e-01,-4.628795240795512411e-01,-4.192580230027239674e-01,-3.092654475421554028e-01,-3.701844163004244792e-01,-3.830866100216473447e-01,-4.009783208656494957e-01,-4.574365253360905270e-01,-4.569393154375606669e-01,-4.246011034148292618e-01,-5.359139642670903703e-01,-6.658650813146280711e-01,-5.333418205058124695e-01,-4.008185596969986442e-01
-4.718897541943821716e-01,-3.952902296130508808e-01,-4.317644001126030306e-01,-4.978495123354435559e-01,-5.336241172202216276e-01,-5.616565810559023264e-01,-5.553913678607184101e-01,-5.259066591444436778e-01,-4.925768895096559463e-01,-4.443604523265280992e-01,-3.961440151434001966e-01,-3.781931074091617884e-01,-3.774927955665379198e-01,-3.767924837239140512e-01,-4.351736297742884729e-01,-4.997665652025639060e-01,-5.573914953936719430e-01,-3.124681822285422239e-01,-6.754486906341249097e-02,1.763525273232151025e-01,1.206178004518332902e-01,6.488307358045149187e-02,9.148346709069681351e-03,2.394157270970430004e-02,5.011384121242720702e-02,7.628610971515011052e-02,7.805803126694689509e-02,6.416458112046036222e-02,5.027113097397381547e-02,4.369307360302599613e-02,5.785729042828691160e-02,7.202150725354782013e-02,8.618572407880874253e-02,1.057619783841173694e-01,1.264487507598567595e-01,1.471355231355961357e-01,1.709688303121520703e-01,2.012031722989780225e-01,2.314375142858039747e-01,2.616718562726299546e-01,2.032061425774209507e-01,1.187971862728210704e-01,3.438822996822120392e-02,-2.574507529738034872e-02,2.803064596938257408e-02,8.180636723614549688e-02,1.355820885029084266e-01,1.581538137402050126e-01,1.550903688174866402e-01,1.520269238947682677e-01,1.489634789720498953e-01,1.746469633915593012e-01,2.032727089520910690e-01,2.318984545126228092e-01,2.390775970337152834e-01,1.863681364232510906e-01,1.336586758127868979e-01,8.094921520232269130e-02,6.552776597457103669e-02,7.181026041391869175e-02,7.809275485326636068e-02,8.509991463363025810e-02,1.193854998642203125e-01,1.536710850948103668e-01,1.879566703254004212e-01,2.160573028278226226e-01,2.368553530901321147e-01,2.576534033524415790e-01,2.784514536147510988e-01,2.719303187184725079e-01,2.637783664361551539e-01,2.556264141538377999e-01,2.699467493613088021e-01,3.072219306145078099e-01,3.444971118677068178e-01,3.675669677030514726e-01,2.913285051238865830e-01,2.150900425447216380e-01,1.388515799655567207e-01,1.124824225832231767e-01,9.501472995793106002e-02,7.754703733263894339e-02,1.551590162336972112e-01,2.778458416826521393e-01,4.005326671316070675e-01,3.729422350734794001e-01,2.564144172040693781e-01,1.398865993346593839e-01,1.054022484641908841e-01,1.041836716071713048e-01,1.029650947501517394e-01,1.136333909734456166e-01,1.250363244184242439e-01,1.518017569597773231e-01,2.093962622265288509e-01,2.669907674932804342e-01,2.269012512225331568e-01,1.756413063141773478e-01,1.891707434647494634e-01,2.376319916539761934e-01,1.823794810254535936e-01,5.886255312513414412e-02,3.361108631568845290e-02,4.580539972662792808e-02,9.919149068613652975e-02,1.863445408494834032e-01,-4.660283686621791155e-02,1.134477183662924438e-01,1.658216455361430086e-01,1.832499383379879998e-01,1.724750059859107565e-01,1.617000736338335409e-01,1.791087777103303191e-01,2.439940909276804570e-01,3.088794041450306227e-01,3.720615296499644731e-01,2.974034378081111818e-01,2.227453459662578628e-01,1.480872541244045437e-01,1.097589412171559448e-01,1.085721515424251243e-01,1.073853618676943178e-01,1.061985721929634974e-01,-4.678327804111984123e-02,-2.284001476803416419e-01,-4.100170173195634704e-01,-5.765015721321878894e-01,-5.652075627352476372e-01
-5.266396556135682916e-01,-5.704734969539663192e-01,-3.251583925586861712e-01,-2.846729598277723539e-01,-2.273934126242538045e-01,-1.657873866610390656e-01,-5.613977712619609983e-01,-3.472357885610503070e-01,-3.185321076822339448e-01,-3.096630870895757948e-01,-2.868761569969972558e-01,-2.700084851953098442e-01,-5.464306865255667001e-01,-5.796778490347480606e-01,-2.834387746016552301e-01,-2.175554758137544786e-01,-2.228378230897664347e-01,-2.996733536311810830e-01,-3.880224260183046670e-01,-4.658491331448034733e-01,-5.272651879737861869e-01,-4.105407760752964319e-01,-2.838546009225226263e-01,-2.722800613193602781e-01,-2.488663648220850733e-01,-2.173515439124359405e-01,-1.340439304402381016e-01,-6.443707968948245157e-02,-2.411749679924722611e-02,-9.584377148334370655e-02,-1.852921839195954268e-01,-5.500946777061757609e-02,3.033066129596542759e-02,7.135307857763961703e-02,1.975647912754494376e-02,-2.117470434325411169e-02,-2.912345010586011099e-02,-5.192458368686983516e-02,-6.610489016997690703e-02,-5.724064973914986393e-02,-9.877787936787370271e-02,-7.114773007101600488e-02,3.280936163945036288e-02,4.968920847728071355e-02,-5.081399935587925520e-02,-1.049699219767056824e-01,-7.170455537394442025e-02,-1.990041399314736864e-02,-7.714924704105496911e-02,-9.744825307345547638e-02,1.847428592971818995e-01,3.396757719559228006e-01,5.667735298809445377e-02,-4.182189943401418142e-01,-6.014929470664375222e-01,-6.467517860995155576e-01,-3.426925060142802515e-01,-4.639391748886227407e-01,-3.612028359002529831e-01,-1.991175564459685965e-01,-5.765713503162702702e-01,-4.399772473550935259e-01,-4.959614758686470837e-01,-4.786763218507570361e-01,-2.079638230391277487e-01,-4.000427403618879718e-01,-5.300286846536654828e-01,-4.654613219953198655e-01,-2.784978037977604570e-01,-1.464562833633672179e-01,-3.638691991232171907e-01,-4.263983453571332238e-01,-3.523656089516290502e-01,-3.348884102745221525e-01,-3.203724720703192697e-01,-2.131229680832083806e-01,-1.785445990535598493e-01,-3.052009940571137059e-01,-3.608484027234550306e-01,-3.466238865623247345e-01,-3.532098856753951299e-01,-3.700355535394130868e-01,-3.687386133845307890e-01,-3.632695906944959918e-01,-4.315369219516561050e-01,-5.001074232092794780e-01,-4.598553186979548735e-01,-4.355731877074683345e-01,-5.129475233349389818e-01,-5.821992340089382489e-01,-6.227304403109152897e-01,-6.335265157307354844e-01,-5.748511675336493987e-01,-5.254244415938175150e-01,-4.912693040223187202e-01,-5.130837339461929991e-01,-6.015480118431449919e-01,-5.502589475483221637e-01,-3.804702137711221122e-01,-3.918279693498319394e-01,-5.073524497076445927e-01,-4.834708573889882621e-01,-4.109483760497819049e-01,-4.284292728684302443e-01,-4.592281591593678214e-01,-3.657577500140429816e-01,-2.817032812722458091e-01,-2.426859717770638303e-01,-3.277858167204720785e-01,-6.276269976519665006e-01,-6.490494957603646364e-01,-4.773376411466317415e-01,-5.437044048945355312e-01,-6.077579889069782970e-01,-4.096843942727127486e-01,-3.038960350907815022e-01,-2.965659249173704382e-01,-4.558335017038721571e-01,-5.309374235394375141e-01,-3.498955134576361425e-01,-3.126641120072013447e-01,-3.402228469576447090e-01,-4.202058160551087052e-01,-3.292983152973998351e-01,-1.389960853040417832e-01,-8.028494525176706198e-02,-3.651483640968964939e-01,-2.353796067088538280e-01
-3.616796840091581755e-01,-5.359607019735409539e-01,-5.630119672999172042e-01,-5.701100271473996672e-01,-4.510373176748329604e-01,-4.396639735565815443e-01,-2.670316406848135538e-01,-2.477227442408593550e-01,-3.640143195982253888e-01,-5.251253592445886964e-01,-6.339983449025728968e-01,-5.368390537050662381e-01,-8.192149389240081792e-02,-3.345287606381082135e-01,-6.221921672189534291e-01,-4.562283119060512870e-01,-3.709088893709292512e-01,-3.460445823174931879e-01,-3.367546394983290670e-01,-3.211678242367800307e-01,-2.535638557552164496e-01,-1.933728211884232495e-01,-1.461321971620030413e-01,-1.864951455229221511e-01,-2.975519746635831297e-01,-4.081969717321114466e-01,-5.186757637695932344e-01,-4.101904099533775772e-01,-2.616753506626551817e-01,-2.883965509436219876e-01,-3.198234706484260892e-01,-2.896783091558381429e-01,-2.633326396217647303e-01,-2.623457997335273406e-01,-3.001770355517044964e-01,-4.919500646349453388e-01,-6.308111163686607181e-01,-6.248457402365993341e-01,-5.739563748663975007e-01,-4.331503263871230858e-01,-3.638733644415453328e-01,-4.008429829231971442e-01,-3.979366976611097839e-01,-3.517284243690657064e-01,-2.933796254641056755e-01,-2.258179846380597156e-01,-2.147514543593422032e-01,-2.310051765867450757e-01,-1.555853668494660280e-01,-5.726362666379337246e-02,-4.073527347789773073e-02,-4.274027248022860964e-02,-1.397573504109153042e-01,-1.286128076359484840e-01,8.856224605653759130e-02,-2.623385777279721789e-02,-3.669185309164910147e-01,-3.701660950355792346e-01,-3.192878570626147550e-01,-2.293166570766092260e-01,-1.093413536774212602e-01,1.823615770405791203e-02,-3.294991756737036814e-02,-1.644445607920886621e-01,-3.031988092934653212e-01,-5.699663517156586950e-02,-2.156258710174784321e-01,-3.241243615859036309e-01,-2.379398628143983563e-01,-1.878009717075365681e-01,-7.032197444781100593e-02,4.335635648800347797e-01,6.421113258404395618e-02,1.592849170431809569e-01,1.528963801747121320e-01,-2.810434172416630960e-01,-3.026180219328643006e-01,-4.249297537824723303e-01,-4.030231966746449790e-01,-3.081757665349346698e-01,-1.905347795517674248e-01,-1.309267887577371392e-01,-3.251858923090997222e-01,-6.340132588908737876e-01,-3.147278669777844318e-01,-8.979460994287002951e-02,-9.781498707721530961e-02,-1.172955288376476696e-01,-1.500150714881008374e-01,-2.597236892748372439e-01,-4.300006943660655279e-01,-4.990273671758751473e-01,-4.959733518320537660e-01,-3.610971433977328005e-01,-1.166760271058041587e-01,-6.752856777727267445e-02,-2.527683076895615444e-01,-3.678071104850976769e-01,-3.322438964032856101e-01,-2.791840712635354493e-01,-1.231936830065351318e-01,3.279670525046521345e-02,-1.808297259622159703e-01,-4.158326345703580174e-01,-4.730215110051252947e-01,-4.633844046985747256e-01,-4.577685891980013966e-01,-4.561965122308116460e-01,-4.267434731653845237e-01,-3.216860152896677261e-01,-2.223344623102785911e-01,-2.360073454471346976e-01,-2.496802285839907765e-01,-2.616843097860980238e-01,-2.733783182039685178e-01,-3.396481037979149353e-01,-4.335398663708258660e-01,-4.206768796126974519e-01,-3.087915642070799271e-01,-3.104219033741815181e-01,-4.710258620775083505e-01,-5.368975058403012701e-01,-4.387689564243323348e-01,-3.373193698301335530e-01,-2.303636886208099144e-01,-2.267196813145820611e-01,-3.465013780494742845e-01,-1.289545578859527808e-01
-7.022647245032616059e-01,-7.910050945711546433e-01,-8.505784217625010912e-01,-8.763538518001556810e-01,-7.328377531397692879e-01,-8.315662709870691449e-01,-8.446201189102178208e-01,-6.478261336742020537e-01,-5.988136578761684703e-01,-6.655428738478008643e-01,-7.263644873351083886e-01,-6.971691454992516856e-01,-7.933549137755043779e-01,-8.847504293463525071e-01,-9.344202895736691827e-01,5.498678630197997158e-02,-2.992179838851244389e-01,-3.352475358196191912e-01,-3.769225099557090009e-02,7.445287013482478067e-02,-1.024302753696830354e-01,-1.861396656877100098e-01,1.180929577767374922e-01,-6.040421557913951134e-02,-5.544407171145513541e-02,-4.004782376166372143e-02,-1.207137207679162966e-01,-1.095734157375897466e-01,-7.275680492392110066e-02,-7.681362424686102863e-02,6.773383849097189269e-03,1.647983840610621753e-01,2.380966626823041721e-01,-1.448944580543244931e-01,-6.049469595833578683e-03,1.199111928044127307e-01,2.147047434776323538e-01,1.904189154855195909e-01,-1.633934219984065350e-01,7.646066930800482497e-02,-1.492135720558102063e-01,-5.039401241391917863e-02,8.939466630277737025e-02,3.895525264538192423e-02,6.966900875224299461e-02,1.268197593711379613e-02,-5.790869280398999036e-02,1.408168042833400913e-01,3.416744077681547753e-01,-3.068008792527436232e-02,-9.232084101144882871e-02,8.015476817526853703e-02,4.424529586275810847e-03,-6.016123188042252733e-03,2.561093391650383078e-01,6.018182555645498755e-02,-5.054592742752123807e-02,-1.168326152788407846e-01,2.109699568523122626e-02,-5.101771769055146732e-02,1.180830334656237240e-01,-8.445374948492914702e-02,-1.243901048516426466e-01,1.173193031646644832e-02,6.161958132211924066e-02,1.315677023827908909e-01,-1.363547911646168787e-01,-4.782778560423428527e-02,-7.423244660787647886e-02,-1.385249610824943467e-01,-1.688916970171033816e-01,-1.204336027044407426e-01,1.080118629362463445e-01,1.771374053561836082e-02,-1.071425165890511760e-01,-8.484018645834334738e-02,-1.131583161603536281e-01,-1.736190554199439906e-01,-9.159751902260564183e-02,2.429881636648078061e-02,1.648210375919339221e-01,1.200561008400864195e-02,-1.139095086831502929e-01,-4.478333106908228417e-02,2.521135275449486873e-02,9.691462215828926252e-02,1.477260928512770521e-01,1.629427870231346942e-01,1.480416346181923359e-01,5.822154344614437899e-02,-2.215104290723629923e-02,4.701815886154726235e-04,2.309140608446724405e-02,5.439581996420742027e-02,8.847128739370374584e-02,9.575332435340565274e-02,4.205789491276851894e-02,-1.163753452786861139e-02,-8.105903264954786303e-02,-1.565370732964242173e-01,-2.312573668142756944e-01,-1.387468043308799359e-01,-4.623624184748417743e-02,3.482784392797270284e-02,5.066963031334097839e-02,6.651141669870926088e-02,8.001295315474840630e-02,8.052712449904780856e-02,8.104129584334722469e-02,8.146559405253477049e-02,7.383083397466404241e-02,6.619607389679331433e-02,5.856131381892258625e-02,7.940934536088874174e-02,1.112953739200306658e-01,1.431814024791726037e-01,8.652807570083906330e-02,-1.999890043722073740e-01,-4.865060844452537836e-01,-7.730231645183002209e-01,-8.759170967989379220e-01,-8.922021454410736796e-01,-9.084871940832093262e-01,-9.247722427253450839e-01,-8.970583956548874305e-01,-8.655889195550916515e-01,-8.341194434552959835e-01,-8.026499673555007597e-01
-1.504013851121305256e-01,-2.497269529252036102e-01,-3.490525207382766948e-01,-4.483780885513497516e-01,-5.477036563644228639e-01,-5.320611028937952680e-01,-4.767816904763548802e-01,-4.215022780589145479e-01,-3.662228656414741601e-01,-3.956365491401716006e-01,-4.490145346147517147e-01,-5.023925200893318843e-01,-5.533030393525112389e-01,-5.812519642814691911e-01,-6.092008892104271434e-01,-6.371498141393850956e-01,-6.091354758666784885e-01,-5.554967713561269615e-01,-5.018580668455754346e-01,-4.881099055109690554e-01,-5.089367174171580688e-01,-5.297635293233471376e-01,-5.407103257299609167e-01,-5.459995583599615010e-01,-5.512887909899620853e-01,-4.382503548434613094e-01,-3.223078944798001833e-01,-3.524463574924466269e-01,-5.041748138373013388e-01,-5.490583064576584071e-01,-3.814100146127532009e-01,-2.681918279318262210e-01,-2.644979925669728726e-01,-2.593932198307747350e-01,-2.530252652992911466e-01,-3.175504083950376755e-01,-4.071888326478688147e-01,-5.312734135499744825e-01,-6.668855896508943948e-01,-3.513354623460301362e-01,-3.665691038156034254e-01,-3.098393713821172568e-01,-2.794232037268571944e-01,-3.547243011682729708e-01,-3.949016751402898429e-01,-3.256000074518793259e-03,-8.748939709102347695e-02,-1.731373848319543163e-01,-1.415808320065499448e-01,-1.589898510636112150e-01,-4.715723548665153031e-03,2.854310487115540099e-02,-7.163599005778681361e-02,-1.346243464740420059e-01,-1.006364843515403507e-01,4.426824745069640743e-02,-7.679844817313608019e-02,-3.389923989362602086e-01,-3.721642646477821281e-01,-2.773584866906667612e-01,-1.823860460166652764e-01,-8.718400121626440624e-02,8.018043584136465632e-03,2.112783372629530726e-02,3.257267193457488719e-02,6.836327661137606149e-02,1.561852992988863320e-01,2.440073219863966303e-01,2.617679495861328642e-01,1.956880427735680494e-01,1.296081359610032069e-01,8.977944905992626956e-02,8.756774258050922799e-02,8.535603610109218642e-02,8.950085993768605586e-02,1.179098412249666022e-01,1.463188225122471764e-01,1.747278037995277089e-01,1.109108587430751303e-01,3.287330908463233226e-02,-4.516424057381046575e-02,-7.197847425609031624e-02,-2.475759688964427468e-02,2.246328047680176687e-02,6.968415784324780149e-02,5.669176822882942418e-02,3.362451865071644508e-02,1.055726907260346424e-02,-8.506684023503326489e-03,-1.424681888269104489e-02,-1.998695374187876156e-02,-2.572708860106647996e-02,-5.608246564276423568e-02,-1.062908155100773522e-01,-1.564991653773904479e-01,-2.067075152447035713e-01,-1.290104417596955599e-01,-2.796711907222565116e-02,7.307620361524426456e-02,1.497920515953544141e-01,6.197184460249179072e-02,-2.584836239037083608e-02,-1.136685693832334559e-01,-1.047238742886821977e-01,3.540275605962640848e-02,1.755293864079350286e-01,3.156560167562436070e-01,3.538772789748175218e-01,3.588877122761033878e-01,3.638981455773891982e-01,3.595337981696695717e-01,2.972816563276572399e-01,2.350295144856448804e-01,1.727773726436325485e-01,1.826589150989429144e-01,2.403323669036633858e-01,2.980058187083838295e-01,3.442450073249197495e-01,3.313400298754728968e-01,3.184350524260260440e-01,3.055300749765791912e-01,1.899220427361627828e-01,5.510098375378370134e-02,-7.972007522859538009e-02,-6.320619789503047203e-02,2.983335138493024494e-02,1.228729006648909688e-01,-3.891405892768170505e-01
-3.401568662143727995e-01,-4.925930326754163757e-01,-5.181622307192050858e-01,-5.745580874014475370e-01,-2.318189477716867675e-01,-5.853528646025608628e-01,-6.124797185738163341e-01,-3.945920870506889888e-01,-4.326622062455065532e-01,-4.509801707838347884e-01,-4.394223728758959724e-01,-4.245630942727751100e-01,-4.081011209888456559e-01,-4.228740215932038082e-01,-5.213541048090951646e-01,-5.826143010349474904e-01,-6.270274258367332099e-01,-6.775716455790833370e-01,-6.647385744030590571e-01,-5.218963572401936757e-01,-5.270488955519146979e-01,-6.442559663651501456e-01,-5.837362332430776624e-01,-4.684229712863351436e-01,-4.353888629679070199e-01,-4.119363142776144016e-01,-4.476668138778542305e-01,-4.925453945790289056e-01,-6.010242117319949395e-01,-6.814243708922412823e-01,-6.412767678463876520e-01,-5.819825469137340779e-01,-4.593728728158270047e-01,-3.594258113755957607e-01,-3.237150277903865225e-01,-2.974815282098784985e-01,-2.956200965936280345e-01,-3.494502360505445937e-01,-5.363697498023350940e-01,-6.155051913039966127e-01,-4.559686533689913390e-01,-4.025417934557701249e-01,-5.611518680826308447e-01,-5.931883040054855005e-01,-4.073908933123743803e-01,-3.129406440034221970e-01,-3.455149150367183286e-01,-3.919360035526849861e-01,-4.527019201769991730e-01,-3.622582517840481908e-01,-1.673120824828919495e-01,-2.079210227303104064e-01,-3.383109921097492423e-01,-2.139276126362349983e-01,-8.841171005844601638e-02,-2.014212584638628289e-01,-3.242723110748136350e-01,-4.638872001433150261e-01,-4.943894094302619946e-01,-4.769919439643292569e-01,-4.946702071553036872e-01,-5.296863573659912339e-01,-5.807936022601284387e-01,-3.479945722182600787e-01,-2.597947543690209415e-01,-3.045311481856130542e-01,-4.434474328476180616e-01,-3.017838198256165283e-01,-3.856347337136171727e-01,-2.388221666557451828e-01,-1.253571551691286812e-01,-7.063984043399422486e-02,-5.152411638819225370e-01,-1.481856295324660566e-01,-3.478620213384902016e-01,-3.262548251145412637e-02,3.191214850593287328e-02,8.322876744118937187e-02,-6.674030830802853143e-02,-8.120316872134304698e-02,-2.242474038933653380e-01,-5.009463044676966403e-02,-2.937571560406375404e-02,3.949930929087362708e-02,1.389543513686643528e-01,1.818776089015429753e-01,1.921207892854052968e-01,1.318488039085412566e-01,6.376601021389673163e-02,-1.829026324630692382e-02,-6.388103612025926303e-02,6.472768681553332792e-02,1.933364097513259328e-01,2.533466958816765202e-01,2.903584592292215993e-01,3.126091323867158378e-01,1.942915499788004374e-01,7.597396757088503705e-02,-2.975254255226980268e-03,5.016003818439759149e-02,1.032953306240221719e-01,1.392169265707437487e-01,9.162241081033374590e-02,4.402789504992375702e-02,-3.566620710486240100e-03,7.281542470416260682e-02,1.575233326416399515e-01,2.422312405791172685e-01,2.784116596551932110e-01,2.743020622561028188e-01,2.701924648570124821e-01,2.667652848889499606e-01,3.027547660914604033e-01,3.387442472939708460e-01,3.747337284964812887e-01,3.310468623295151902e-01,1.500664454032904216e-01,-3.091397152293431580e-02,-2.118943884491590601e-01,-2.356456364101398859e-01,-1.610541118757001511e-01,-8.646258734126043011e-02,-1.187106280682071434e-02,-8.924584211199330323e-04,-7.941543338313641551e-03,-1.499062825550735029e-02,-2.203971317270106076e-02,-3.645773827472698070e-01
-2.290826077551679774e-01,-4.981475366818102213e-01,-4.374694259635121818e-01,-5.325304283232410452e-01,-5.467451143125985347e-01,-4.146022424032728138e-01,-4.291740065225796985e-01,-5.982635361488982673e-01,-4.798667367236926773e-01,-4.590013455368505135e-01,-5.081989289116568553e-01,-4.971392997553828463e-01,-4.127677750352006791e-01,-3.476501799084199540e-01,-4.900347542210490848e-01,-5.749834416776192780e-01,-6.148084506343980404e-01,-5.618177394825327742e-01,-5.025720735290098995e-01,-4.982720204446662859e-01,-5.194933152699692247e-01,-5.973741994569237157e-01,-6.202389826688013974e-01,-5.753503168450586625e-01,-6.009157229613329987e-01,-6.871985933466931984e-01,-6.312500004542747067e-01,-4.732106520139816586e-01,-4.481721990011252044e-01,-5.163812994264914691e-01,-5.073387243658655787e-01,-4.373174745501793304e-01,-3.636746669233081874e-01,-2.864074331508003612e-01,-3.129694367824815138e-01,-4.857105846130123639e-01,-4.469923904966622841e-01,6.240669018217970959e-02,4.743736125059898612e-01,4.669022788247310096e-01,4.631660704326631683e-01,5.230398139044363237e-01,5.829135573762095346e-01,5.731656872452857154e-01,5.569916664997651701e-01,6.832815446604805221e-01,8.513500189249136874e-01,7.431975475807089948e-01,4.751184895917622275e-01,3.692428359070248911e-01,4.253346896722251524e-01,4.808382966029728367e-01,5.353780563429482164e-01,5.619297352244524424e-01,5.142724212708358333e-01,4.605908940322344658e-01,3.811566690416605119e-01,3.210782197275070526e-01,3.896525030794510958e-01,4.392736086518190253e-01,3.221822613969719251e-01,2.220759884331746092e-01,2.620644585839274066e-01,2.930111207430278197e-01,2.741135792110129255e-01,2.357735594229291576e-01,1.368538932942801323e-01,1.114952023260372682e-01,2.056449829685590702e-01,2.854922032885080507e-01,3.546510097664474226e-01,3.204623371554889411e-01,2.691926080893812245e-01,2.529033332849028870e-01,2.378806753113487937e-01,2.240650332024084479e-01,1.763279427867852633e-01,2.305468336907169347e-01,3.308644305030117305e-01,-1.367107026513930124e-01,1.131396664570137600e-01,2.761453861797212306e-01,2.781480006898508495e-01,2.798071835694437293e-01,1.017466802139488091e-01,-7.615630759558802976e-02,5.427265039868810204e-03,2.359467432005100396e-01,6.290417392206024139e-02,1.319932422971354657e-01,-1.898128255932306774e-01,9.428864675426044950e-02,-4.198642529434576942e-01,-3.058737977764873772e-01,-3.633670352171327611e-01,-5.863064978200390742e-01,-4.753327263002455894e-01,-3.564678984520737171e-01,-4.459976702954068783e-01,-5.255570529354646192e-01,-4.481984325060631158e-01,-4.427479026440241938e-01,-4.769152359026878063e-01,-4.149080635991035937e-01,-4.784049870804290006e-01,-7.055242749589865081e-01,-6.170892517677127875e-01,-3.775397456399984808e-01,-3.614539108632177089e-01,-4.020219515424972578e-01,-4.636524204762628720e-01,-5.307079300718740011e-01,-5.476805622129489182e-01,-5.394120717596070369e-01,-4.932452114701230128e-01,-3.910068368873461098e-01,-2.906358799564744966e-01,-4.627625410424710539e-01,-6.348892021284676668e-01,-7.234118548127802528e-01,-7.183429992087301263e-01,-7.132741436046798889e-01,-5.471557396557531483e-01,-3.394444906778931736e-01,-1.317332417000331712e-01,-2.576660844298842012e-01,-3.932082825983905239e-01,-5.287504807668967910e-01
-4.276620802538629862e-01,-4.665216416841744818e-01,-4.974556173752990862e-01,-4.075756166713408457e-01,-7.373164544117443153e-01,-6.251982739216910279e-01,-4.992921244637902878e-01,-4.096376398188285584e-01,-1.762672779290015701e-01,-3.747550533509010351e-01,-5.410829291647989425e-01,-5.403575205136403881e-01,-5.298408523430677697e-01,-4.468283626473296133e-01,-5.665614870593050911e-01,-4.750197177020564765e-01,-8.355408830452539792e-01,-6.836531148626823207e-01,-6.644781706643689834e-01,-7.102645531550511038e-01,-6.355170796019743440e-01,-5.348697850739279058e-01,-7.031234178726444295e-01,-7.113663000532572944e-01,-6.515327257458538579e-01,-5.597360942421811814e-01,-4.199047228895529393e-01,-3.828628462364475626e-01,-4.485335025003964748e-01,-5.384752306960782775e-01,-5.172390574233380889e-01,-3.873655507419868638e-01,-4.497741813179391146e-01,-5.892361479389872647e-01,-4.491880080665391906e-01,-4.156602932815626206e-01,-3.738087738021154127e-01,-2.947635568652838822e-01,-1.588403486489735617e-01,-3.128574822313099912e-01,-4.503710945968477652e-01,-3.359637099034170071e-01,-3.723830810795517032e-01,-3.716492835411724371e-01,-3.290623346289788809e-01,-2.450073414132855343e-01,-2.198717932140158149e-01,-2.041671735156750933e-01,-1.886428194707682193e-01,-1.860925594146812523e-01,-2.043590649188775643e-01,-2.486436981640487709e-01,-2.924080050978903333e-01,-1.615199912132340709e-01,-2.657217252290636766e-01,-3.102178885941841435e-01,-2.878262266260654401e-01,-3.630921461517159776e-01,-3.562974141445635623e-01,-3.856332891846849797e-01,-3.192839377948609170e-01,-2.196871871547997901e-01,-1.811923243688494112e-01,-2.496548135732436224e-02,-1.739967586262023899e-02,-6.275091326681130066e-02,-4.512976402558067229e-02,-1.740356217082439094e-01,-2.900424671691886891e-02,-2.816493501975849204e-02,1.477874082126352925e-03,-6.616665741535779355e-02,5.304297614065592303e-02,-1.646078402429804188e-02,1.498450811338877253e-01,2.528605174765043498e-02,1.283539945941295224e-01,6.609255959251592039e-01,4.942613909370265346e-01,2.902064977358010389e-01,1.966947449458196218e-01,5.843452258416642620e-01,4.958827330611743633e-01,3.990091755303537546e-01,3.637245411701489628e-01,4.825407814995918976e-01,4.522811805794361706e-01,2.264151244069780577e-01,-8.332394074162628728e-02,-4.369970622763993395e-01,-4.938987301782683526e-01,-4.365674180929906001e-01,-4.880500682755478659e-01,-6.051206154165369444e-01,-6.494646333880036426e-01,-5.621376514958326132e-01,-4.748106696036615837e-01,-4.159759560970628378e-01,-3.599012671014594211e-01,-3.109868404946901643e-01,-2.799892489719233435e-01,-2.489916574491565227e-01,-2.806366429787180983e-01,-3.825489929094326169e-01,-4.844613428401471911e-01,-5.076188240409792440e-01,-4.394407659084456075e-01,-3.712627077759119709e-01,-3.346939399531942416e-01,-3.906641913808734934e-01,-4.466344428085527452e-01,-5.026046942362319969e-01,-4.987891713848492392e-01,-4.835913179680035867e-01,-4.683934645511579342e-01,-4.563623692557923772e-01,-4.560070607441159551e-01,-4.556517522324395886e-01,-4.552964437207632220e-01,-4.489132105353333957e-01,-4.321981675489837138e-01,-4.154831245626340319e-01,-3.987680815762844055e-01,-3.973338910048304085e-01,-4.316654919838003868e-01,-4.659970929627703096e-01,-5.003286939417402879e-01,-5.346602949207102107e-01
-6.909710403462996364e-01,-5.526093178242199588e-01,-4.142475953021402257e-01,-4.865236412539104549e-01,-5.593043502775795206e-01,-4.023051476464797327e-01,-3.128436207171449435e-01,-3.920824619769306962e-01,-5.644948839007880581e-01,-6.906566009690952024e-01,-3.532431215588119344e-01,-4.720340374402822170e-01,-5.473577527764205142e-01,-5.088826587562540471e-01,-5.300998597982450322e-01,-5.104303540879207013e-01,-2.213801895516837592e-01,-6.151921677615760364e-01,-4.229701684264797201e-01,-3.229862772377983804e-01,-4.907926790715581022e-01,-2.910163924208556407e-01,-6.890205696476652264e-01,-6.365965605540534478e-01,-2.115303232536621947e-01,-3.012290144208916720e-01,-1.970009480541250746e-01,-5.709044647270725692e-01,-5.474265569949950949e-01,-2.671817178076477117e-01,-1.266303980012033759e-01,-2.908529197298606594e-01,-5.399093395634756432e-01,-6.045712558158100602e-01,-1.109490190945434385e-01,-1.223914313793959541e-01,-2.996882942691722063e-01,-2.196416053645464106e-01,-1.468861585293660121e-01,-8.230130092793383478e-02,-1.012665223273030574e-01,-1.651762772816059988e-01,-1.836837286966561955e-01,-1.811476617164877734e-01,-1.424300603776981200e-01,-7.576946373070908569e-02,-5.732612788474819587e-02,-1.589680748617247064e-01,-2.606100218387012446e-01,-2.649319663993058294e-01,-2.511981451075175897e-01,-2.493382096464693554e-01,-2.875106768855609785e-01,-3.256831441246526015e-01,-3.112703130061089118e-01,-2.305283457732573982e-01,-1.497863785404058568e-01,-7.604412805729550417e-02,-9.349131457554201233e-03,5.734586514218710518e-02,1.004849626657857986e-01,1.102049629603779890e-01,1.199249632549701933e-01,1.059899061797596742e-01,-2.393386731587672446e-04,-1.064685835260772151e-01,-2.126978283789956459e-01,-2.352116768451073259e-01,-2.469980052464076370e-01,-2.587843336477079759e-01,-2.528649460741682620e-01,-2.275355369973099395e-01,-2.022061279204515893e-01,-1.768767188435932669e-01,-1.149707206675170679e-01,-5.278062440688307405e-02,9.409471853750911094e-03,1.040317646102946296e-02,-6.383373094135147419e-02,-1.380706383437324269e-01,-2.123075457461133519e-01,-1.505542482431890539e-01,-6.707645113809561355e-02,1.640134596699784758e-02,5.363711761205314926e-02,-4.803302574909764505e-02,-1.497031691102484463e-01,-2.513733124713992129e-01,-2.433385081877402489e-01,-1.701716158019398739e-01,-9.700472341613948501e-02,-2.485783889223082757e-02,-3.821595146561477391e-02,-5.157406403899872371e-02,-6.493217661238266658e-02,-7.268762615647063330e-02,-7.267774421681455488e-02,-7.266786227715849034e-02,-7.265798033750242579e-02,-7.279912358705987151e-03,6.822759149213039609e-02,1.437350953429667733e-01,1.704305193257449891e-01,1.134216704484342086e-01,5.641282157112340739e-02,-5.960273061873861593e-04,-1.050952287300507652e-02,-1.757930206661930186e-02,-2.464908126023352894e-02,-4.947897339805698569e-02,-8.583877999806954762e-02,-1.221985865980820957e-01,-1.033978356543248378e-01,7.480115046374350395e-03,1.183580657470735265e-01,1.633990017878186596e-01,2.517726259488468551e-02,-1.130444765980492955e-01,-2.004800340979480955e-01,-1.646225528063149091e-01,-1.287650715146817226e-01,-9.824277489987309764e-02,-7.365621939360722514e-02,-4.906966388734135959e-02,1.140462400346880234e-01,3.064362109067630957e-01,3.369432520864119596e-01,-5.989658769233148217e-01
-6.743660934504760451e-01,-5.154896960868678990e-01,-5.877200806073574757e-01,-7.417833299383659318e-01,-6.252209512749661302e-01,-6.853434806649930655e-01,-6.650989868672667615e-01,-7.257413627810654910e-01,-6.846391603237398371e-01,-8.363251501692292589e-01,-7.645252660028060143e-01,-5.064412010650224394e-01,-5.952128281344898353e-01,-6.710406737538611166e-01,-6.763689955936840192e-01,-6.327603010826648999e-01,-5.830102237654000152e-01,-5.954780931277554590e-01,-6.537825645167697486e-01,-7.533972594778124421e-01,-7.159007280710433241e-01,-6.713527309205139515e-01,-6.240785805494445393e-01,-5.920448919000846910e-01,-6.125822051301484938e-01,-6.645983468295869612e-01,-5.413219195987687415e-01,-5.439381853912832465e-01,-6.761762288956491007e-01,-7.814436114686620360e-01,-8.238963615305051613e-01,-7.409034358373125517e-01,-4.247914972397869304e-01,-4.712368279144961425e-02,-1.564974846827885124e-02,1.114078242926116666e-02,3.205059619910814034e-02,6.193141421557953052e-02,1.007448401625087309e-01,1.846507563355356540e-01,1.826116436821690614e-01,7.815318233596353636e-02,7.556965428709774835e-02,1.007417769202982594e-01,1.180107108698018742e-01,8.752731103354655096e-02,-8.444808848616829414e-03,3.422403363012407190e-02,1.166557955132217772e-01,8.543295766253074242e-02,7.998220033337528900e-02,1.136255049375993337e-01,1.138248367084940538e-01,1.037686949187040103e-01,1.140801287015298510e-01,1.001303192036803180e-01,5.541154128153601838e-02,1.208766858759449808e-01,1.787530798803042553e-01,1.077182561523924303e-01,1.070549359543687268e-01,1.474083566669898704e-01,8.686729650064217712e-02,4.410592355829687228e-02,2.000626681732836989e-02,7.370265600256244165e-02,7.755367946692552639e-02,2.042070707097869142e-02,-1.194747010947455309e-03,3.005131077386969177e-02,8.486828881170016547e-02,3.608041852339458760e-02,-4.260110330147695752e-03,2.743738555153112102e-02,1.264713166434413838e-01,1.051857753998011735e-01,1.522749756377160535e-02,4.597512696238499619e-02,9.161473211876877687e-02,5.073351421338290895e-02,-3.614337954590129964e-02,-4.180393459620012492e-02,1.453065925407803771e-01,2.362791531920889129e-02,1.255168177133043558e-02,1.880615188151395223e-01,6.382645261660324643e-02,1.850598344072277857e-01,-3.852377903734638398e-02,-4.417930209652475015e-02,-1.930805791365932528e-02,1.150662483076818204e-01,1.045281899331787778e-01,6.096294411658292021e-03,1.652982223347243262e-01,2.349840696060359058e-01,2.424605164128331714e-01,-1.904577232650716268e-01,-5.962551897170188520e-01,-4.209473078825758940e-01,-6.187362225288967066e-01,-6.618927636294416050e-01,-6.503983995080444558e-01,-6.084909769525012058e-01,-5.938162380866262025e-01,-5.878222431498416611e-01,-5.676023951557610525e-01,-5.565635721917380208e-01,-5.867357256062440962e-01,-6.018386171310801114e-01,-5.541199918497706767e-01,-5.114481609759803371e-01,-5.458478238253189341e-01,-5.802474866746575310e-01,-6.347195618026419961e-01,-6.948032227625644541e-01,-7.419389750472921152e-01,-7.649210951811169501e-01,-7.879032153149418960e-01,-7.357454357550267110e-01,-6.597578164042584570e-01,-5.841619096030292724e-01,-5.599263810692569621e-01,-5.356908525354845407e-01,-5.172809738886622322e-01,-5.582246157051302671e-01,-5.991682575215983020e-01,-6.401118993380656708e-01
-5.002155957454805790e-01,-2.095937645855085740e-01,-5.694567327988363514e-01,-5.849933872114976285e-01,-4.040342943571603729e-01,-5.588284964080499906e-01,-3.185189239360414759e-01,-2.119943277585031594e-01,-2.222669143281838233e-01,-2.858681486554495166e-01,-3.547111266288116016e-01,-4.033468295663540926e-01,-5.305832265379293311e-01,-6.016730027902903455e-01,-6.201311607419542904e-01,-3.786421982279585263e-01,5.227235062163507889e-02,7.215477485076926545e-01,7.724705403667353476e-01,6.895746575314158910e-01,6.268806121421410804e-01,6.252011130953873952e-01,6.990550141848488330e-01,6.775811812865424333e-01,6.174629530219951645e-01,3.938491576635612668e-01,2.288177912833526673e-01,3.903007233829645095e-01,4.563868118850759048e-01,3.640662820053404691e-01,3.522510408890994760e-01,4.004035589924145322e-01,5.052121381213815487e-01,6.271583881569816610e-01,6.900842967508179493e-01,6.989579883422070150e-01,4.581952732854658872e-01,3.334923666119127272e-01,3.876606827726624682e-01,4.344223041701216759e-01,4.769281425269896735e-01,4.489822836907660930e-01,4.418834992872905931e-01,5.471221310065228494e-01,4.192260707251455054e-01,9.180782754718301575e-02,1.843360676417361288e-01,3.177218004930097983e-01,4.581693432008273614e-01,3.384180441663312555e-01,2.065865123122045954e-01,1.426036496243769103e-01,2.680153936099062273e-01,1.733794914006501764e-01,1.623613933058682679e-01,2.695722787987318569e-01,8.500498955278142088e-02,3.087718085572005444e-01,2.515755446780323923e-01,1.519262788127675734e-01,-2.919541073212194582e-01,-4.571053004978865020e-01,-2.787133713234508647e-01,-1.514318196761937352e-01,-3.882738169227004654e-01,-6.251158141692071402e-01,-5.475190518788263239e-01,-4.678387094278619318e-01,-4.877657864150797828e-01,-5.391481774520727743e-01,-4.994643730858836506e-01,-3.404434963011182536e-01,-1.841287044647267335e-01,-1.488861424115737186e-01,-1.136435803584207316e-01,-1.161491687945723078e-01,-1.511854285133150677e-01,-1.862216882320578415e-01,-2.920926658493254169e-01,-3.987821467601906367e-01,-5.041070635869030481e-01,-6.072634217599565121e-01,-7.104197799330099761e-01,-7.437010911911789979e-01,-7.524364809643850904e-01,-7.495401905321086300e-01,-5.644620911611948344e-01,-3.793839917902809833e-01,-2.953812255985880930e-01,-3.941112755936194700e-01,-4.928413255886507915e-01,-4.591835334112488454e-01,-3.505387714784274911e-01,-2.418940095456060813e-01,-2.626815475514263087e-01,-2.952182935274635933e-01,-3.284232415139642369e-01,-3.642799441520250814e-01,-4.001366467900859814e-01,-4.128426601791491679e-01,-4.025688944656874990e-01,-3.922951287522257746e-01,-3.976875729364958700e-01,-4.063225006868773082e-01,-4.018133481903581328e-01,-3.417227003278126563e-01,-2.816320524652672352e-01,-2.401390051694355654e-01,-2.110419593202955135e-01,-1.962945698638544068e-01,-3.883647102675821250e-01,-5.804348506713098432e-01,-5.936865364841332759e-01,-4.855981376228077351e-01,-4.076301651214818689e-01,-4.481899198662054884e-01,-4.887496746109291079e-01,-3.249015235113780209e-01,-1.372040020888304901e-01,-1.041006669168393350e-01,-1.422882986652430903e-01,-1.642469972432566150e-01,-1.744174010208015546e-01,-1.990066950130550960e-01,-2.336130443125601364e-01,-3.629701402003159272e-01,-5.279360943909130466e-01,-2.181127901166374228e-01
-6.888632360004007804e-01,-6.879040070240367566e-01,-6.869447780476727328e-01,-6.523031831835224281e-01,-5.949890023837849373e-01,-5.610693778436369739e-01,-5.918361813662945670e-01,-6.223444960833028894e-01,-5.295830905907585873e-01,-4.368216850982142296e-01,-5.817731138756173648e-01,-7.841300115252853864e-01,-8.127649918805941454e-01,-7.574148628794972193e-01,-6.846365882727271091e-01,-6.005410514627068652e-01,-6.574169200643220634e-01,-8.081267436649560709e-01,-7.270266359654620203e-01,-5.236578163393788010e-01,-5.762252816275135192e-01,-7.063010910284006627e-01,-6.069858736079026817e-01,-5.033122098549775991e-01,-4.563353082084915524e-01,-4.145133716324885809e-01,-3.792304732639483200e-01,-4.878901557979802295e-01,-6.263914808153787650e-01,-6.931075145907558133e-01,-5.138200382885360629e-01,-1.958935915041281894e-01,-5.175052455139217411e-01,-5.955559507199520430e-01,-4.924314314076891907e-01,-3.676119066187917839e-01,-3.594884426847093084e-01,-4.679949770343079241e-01,-6.730465805520454703e-01,-6.369179094316471668e-01,-5.285725757089412280e-01,-5.347113119913933232e-01,-5.974742809150110912e-01,-6.128918209351639224e-01,-7.824032820457134108e-01,-2.283420142456054902e-01,-5.813626767121078398e-01,-5.583293322335249886e-01,-6.316368256346615029e-01,-5.688853632349946121e-01,-4.710939330933926472e-01,-3.617744007720835042e-01,-5.564700690792029336e-01,-5.233802162269731717e-01,-5.259634726207477184e-01,-4.671312547975227658e-01,-3.348104683724893449e-01,-4.558318069764338287e-01,-5.783468068081650815e-01,-2.597728641807257044e-01,-3.335794960512835639e-01,-2.842120061638942485e-01,-3.730921537736284765e-01,-2.719255017220239545e-01,-1.346618083174063452e-01,4.580828232130648020e-02,-3.751947837423083021e-01,-3.826071430454598410e-01,-4.213266755686994047e-01,-3.259649750686647862e-01,-3.599433343021115062e-01,-2.403159133941752956e-01,-3.239723480845522197e-01,-5.712309412215560434e-01,-4.507366441477884123e-01,-1.314599640425689053e-01,-6.962909706343320404e-02,-1.190176379512951632e-01,-2.438053200860057501e-01,-2.696413181157229499e-01,-3.229139344969926273e-01,-4.679226456941277257e-01,-2.610557321319414426e-01,-2.632959186442632715e-01,-1.116983467994511064e-01,-1.720143016197152597e-01,-5.844837857755744853e-02,-5.378587540199686844e-03,1.259042088507495438e-01,-7.192220432438331534e-02,6.770347326551225120e-02,-1.037856506062572459e-01,-3.113072277458204737e-02,2.618585318670288084e-02,8.195592086342311233e-02,1.728426076802405953e-01,1.746013013791922891e-02,-1.277109228935536800e-01,-1.179478817830061782e-03,1.368217082676959628e-01,1.526169014103365140e-01,1.035955749651583935e-01,-5.249371068720869171e-02,2.482315615882905724e-01,2.125577571192039383e-01,1.442501050350010472e-01,1.102661939179506445e-01,1.534064807057007318e-01,7.048474105604123074e-02,7.218500484912224180e-03,-1.102976242626052816e-01,6.747163247278396836e-02,2.984119638314962075e-01,1.815790092647970866e-01,1.676124286343195059e-04,4.070024671187227328e-01,1.294989195011911065e-01,2.988550653139329660e-01,3.489537246466716258e-01,-7.555664840543460659e-02,3.534000452326208075e-01,1.520448919156324463e-01,9.971609994548978617e-02,4.297431947780386841e-01,4.424074937236263105e-01,4.374630871853895653e-01,2.203198385327672093e-01,-3.163554353945490227e-01
-3.590099663269877839e-01,-4.744919519878069702e-01,-5.313012918996512512e-01,-5.278263740921289582e-01,-6.177568231008357946e-01,-2.163152086816212960e-01,-4.246399233843695109e-01,-4.299868852800576291e-01,-4.324159176662983883e-01,-2.629982455569969679e-01,-3.268535548659432521e-01,-5.253758895921226690e-01,-3.438857510550933361e-01,-4.174438346155540103e-01,-5.510090537514283904e-01,-5.844920910025459548e-01,-5.887999207381278133e-01,-5.626175376991771060e-01,-3.900949022612774653e-01,-4.047553089026695861e-01,-7.062533012563839696e-01,-5.972468898644147650e-01,-5.143137167651768982e-01,-4.749258335612428494e-01,-3.948947806251875137e-01,-3.434884377499752839e-01,-3.845194399221205650e-01,-4.347982995846228493e-01,-4.516111022644490602e-01,-2.902305976984263514e-01,-3.336709403649327221e-01,-4.912322257564599171e-01,-5.456348512194478806e-01,-5.302361068651640919e-01,-2.571652053762639167e-01,-2.449611856227610074e-01,-3.000988281694987325e-01,-3.033743247989968417e-01,-4.216563598460164042e-01,-3.547676472988349761e-01,-1.634691413728008025e-01,-2.437917873597185148e-01,-3.799583589756359014e-01,-3.371940313078007345e-01,-2.126223909881267138e-01,-2.691649334180391540e-01,-1.753434157862618914e-01,-2.123746979755827824e-01,-2.397276262798108681e-01,-1.820977652446819084e-01,-1.769201736065271757e-01,-4.814976999196834972e-03,-4.990621780640066424e-02,4.345225401669481485e-02,1.129156098028645111e-01,1.374343559610582965e-01,3.486269003641987996e-01,8.689758574437372873e-02,2.761121099333814222e-01,2.671258656307536894e-01,2.828838984538926682e-01,3.850291195566276081e-01,5.010350199768619506e-01,5.115041784866057872e-01,4.033622659875121808e-01,2.046883713354034351e-01,-1.634500591344820453e-01,-2.076284506213495196e-01,-1.891387993542700124e-02,1.599934114500443372e-01,2.973474887117856791e-01,2.397896563012388571e-01,1.837401737094638554e-01,1.302859093045231897e-01,9.688836732978226007e-02,8.324049086789475638e-02,2.004137152769223662e-01,4.095323478643885240e-01,4.523417294979346082e-01,3.948243863939568943e-01,3.597403045439829805e-01,3.384498403747809303e-01,3.145963593765116473e-01,2.888850320217716261e-01,2.567042013687738100e-01,2.183380282826007657e-01,2.855706975475438836e-01,4.988561588134381997e-01,6.076154696187269222e-01,4.847003532501615863e-01,3.669140630766798417e-01,2.708468796145905300e-01,1.825254363912111599e-01,2.038712383397703054e-01,2.252170402883294509e-01,3.314501772890356968e-01,4.429406438971733584e-01,3.812873510913093456e-01,2.826828061516618029e-01,2.439325242100700841e-01,2.285445618599949158e-01,3.041474472476142776e-01,4.324926769710905061e-01,4.101586519336653525e-01,2.748334742755497717e-01,2.378104635307313197e-01,2.843700525484504915e-01,3.952753981614843815e-01,5.596836670296340133e-01,6.118880872325717091e-01,5.874162059676306669e-01,5.656402452240301137e-01,5.450723268462042137e-01,4.464879234367113980e-01,3.140522530443884963e-01,-1.618051365749002268e-01,-4.928716542647542109e-01,-5.306608275157479460e-01,-6.183058114789004023e-01,-6.912655936917264654e-01,-4.522305809978227620e-01,-3.385534982691386086e-01,-3.712092078971457876e-01,-6.460650612298876050e-01,-5.519774217073429856e-01,-4.948114805144946393e-01,-4.787169541065493528e-01,-6.929098592861149264e-01
-5.573718759591739236e-01,-5.841542883629985417e-01,-5.886558534340279314e-01,-5.706656935067863090e-01,-5.907822847726711402e-01,-7.437176818786161991e-01,-7.851175213376554440e-01,-5.790080196160902748e-01,-3.901324412159909993e-01,-5.452087271730037266e-01,-7.463579301827141244e-01,-5.940831727144063601e-01,-6.402030093405935984e-01,-5.181278951249231879e-01,-5.107018001137255681e-01,-7.263219777991569703e-01,-5.820554401008066758e-01,-7.565247140188602337e-01,-6.656361569288515856e-01,-6.243404822621541062e-01,-5.758300190030950505e-01,-6.801172673705618843e-01,-1.415397524190146472e-01,1.108359028511466254e-01,-3.733518391916819390e-02,2.831659446092970045e-01,6.647657943006272940e-02,5.791969610659444823e-02,-4.975570689665300556e-02,2.358401234624867004e-02,2.804282072070113374e-01,3.292835387769894179e-02,-1.068811779291992288e-02,-4.679626840911506325e-02,-1.766251950444814589e-01,1.246059016454842544e-01,7.363783223805572820e-02,-1.372711747532944122e-02,-4.167203390248117728e-02,7.355249561978784156e-02,1.139209981177331937e-01,1.430052106160121794e-01,1.730254120432409559e-01,7.487654843386801207e-02,-4.786891923910072122e-02,7.941301196940736551e-02,1.839013520166790649e-01,2.288628585627540957e-01,2.532668156976111695e-01,2.455480234824013175e-01,2.287672949289213664e-01,1.986391353010790450e-01,2.014402480981369870e-01,2.712720080990230209e-01,3.182841757446375208e-01,2.590039274921124290e-01,1.997236792395873650e-01,1.401375180134336318e-01,8.053785050626248443e-02,-3.300636662674100077e-03,-9.835135886193700772e-02,-1.057883742457957771e-01,3.844181463678154886e-02,1.800818038622211403e-01,1.661865733873930939e-01,1.522913429125650475e-01,1.343617140963484502e-01,1.142192227730657456e-01,1.089843332669848258e-01,1.449374521976373176e-01,1.808905711282897955e-01,1.871113349032070550e-01,1.895693116886015273e-01,1.624472232372063396e-01,1.083351332940720446e-01,8.381261722320318408e-02,1.915452907791733717e-01,2.992779643351435870e-01,2.684424548340254568e-01,2.185044772058806761e-01,1.932416499457558778e-01,1.829532876583249423e-01,1.757289918218913338e-01,1.726559531546739690e-01,1.643179251199292090e-01,1.435307295966542773e-01,1.303929405680728792e-01,1.400346653494074223e-01,1.111255833356505629e-01,-8.362847093774805271e-03,-2.528449924703182403e-02,8.311838319126836627e-02,9.667826241302318602e-02,7.945611019682306819e-02,1.145996783096611821e-01,4.754693293239006802e-02,-2.978465763006151595e-02,3.071563742776546244e-03,6.874593865489092570e-02,9.773227019581814945e-02,-6.811739906290343871e-01,-6.173692061318157842e-01,-5.843388910451460250e-01,-5.935781104718605983e-01,-6.028173298985751716e-01,-5.758359960787287068e-01,-5.311903746537430804e-01,-4.865447532287575649e-01,-5.090841776769156057e-01,-5.684198430338476271e-01,-6.277555083907797595e-01,-6.664056502806996463e-01,-6.635851879938482467e-01,-6.607647257069967361e-01,-6.579442634201453366e-01,-6.680024528940169404e-01,-6.830228296859264248e-01,-6.980432064778357981e-01,-7.130635832697452825e-01,-6.836382854775356899e-01,-6.433076497084551093e-01,-6.029770139393745287e-01,-5.626463781702939482e-01,-5.386009720679386659e-01,-5.270527899069177291e-01,-5.155046077458969034e-01,-5.039564255848759666e-01,-4.924082434238551409e-01
-7.695939549327898144e-01,-8.130267722247459528e-01,-8.272554201117788830e-01,-8.343680605585326315e-01,-8.505187375811470440e-01,-8.029629138795787435e-01,-5.910047112175889072e-01,-5.603123821396734927e-01,-6.124624163152441181e-01,-7.410181984320408644e-01,-7.692671571091725946e-01,-7.616695290016519682e-01,-8.140115254800955880e-01,-8.882111933825149741e-01,-8.594255526447873716e-01,-8.262115784163567289e-01,-7.653946739180937930e-01,-9.994429218842404428e-01,-8.218962299406459282e-01,-8.063215946363994080e-01,-7.747505841501272084e-01,-7.948211919424164051e-01,-8.578783508201437424e-01,-8.141289691087513214e-01,4.640377839233109786e-02,-1.494045380663772682e-01,8.803273171759896584e-03,-3.811251032846975362e-02,-5.367436196508867940e-02,-4.187042285722373386e-02,-2.346637169675589718e-01,-1.012738417489598974e-01,-2.279619555827738508e-01,2.709321765952141248e-01,-3.440760911725466889e-04,2.056136415710982934e-01,-1.002598256131532056e-01,3.233160936323632717e-02,1.430747070080244931e-01,-4.318530558856197715e-02,-2.276281042211792949e-01,-1.010234677685864779e-01,3.359199588319934648e-02,1.927274176302206515e-02,9.268777172063209779e-02,-4.089577946914092765e-03,8.039258885143581168e-02,-2.814416966210117610e-02,-9.745667944507627189e-02,-1.652995222844449441e-01,1.741727885910278883e-01,-8.383040134772247465e-02,1.069737029162728531e-01,-7.280602931204158135e-02,1.397453389246191002e-01,7.739104078295468148e-02,1.375530216671661254e-01,-1.032543816716815638e-01,-2.003433336247923552e-02,1.707289446545665612e-01,5.552799006796203113e-02,-5.442400036267082408e-02,9.870055529832444385e-03,-2.069864174314368921e-02,1.620104668817583526e-01,3.515975885351498020e-02,-1.371320672213634673e-03,5.736341995305870717e-02,8.062907837140269318e-02,8.013397353462202444e-02,9.101779914262822513e-02,1.119842888907720962e-01,-1.395413075869831113e-02,-7.726968989255848103e-03,5.298706107151391481e-02,2.313682521337854462e-03,4.079012565715010863e-02,-2.095736417946835947e-02,1.583929669118563574e-02,1.124638948113020065e-01,6.117881388993249431e-02,1.293312422938062423e-01,1.938862956652385450e-01,2.224581023666067914e-01,1.498913394555099476e-01,6.553880437252644631e-02,2.074803616711875381e-02,-9.147126754733427012e-03,-1.943437170683808349e-02,2.260912724054233575e-02,1.021086365429531295e-01,-1.437258744068982234e-02,-2.461587521385134869e-01,-3.064735540669030756e-01,-2.364492480501908800e-01,-1.471635666263642894e-01,-2.833715954156022787e-02,7.596109455150390488e-02,5.692795314268529749e-02,3.789481173386669011e-02,3.572227537494272048e-02,4.089952265526956843e-02,4.164306506899732863e-02,1.978048520035248850e-02,-2.082094668292350757e-03,-2.017041978543173200e-02,-3.454748452746843335e-02,-4.892454926950513816e-02,1.920022476392602845e-02,1.204834417924068174e-01,2.217666588208875855e-01,1.458182162852865449e-01,2.203334165594678790e-02,-1.017515329733929691e-01,-1.490463909535941767e-01,-1.670100195769354534e-01,-1.849736482002767579e-01,-1.702297839924150069e-01,-1.247555334020902379e-01,-7.928128281176546888e-02,-3.702414629837909310e-02,-1.141906168583746092e-02,1.418602292670417472e-02,3.979110753924581384e-02,1.971801433147639046e-02,-2.409714541616034614e-02,-6.791230516379707927e-02,-1.117274649114338159e-01
-6.396705377954255978e-01,-6.448746966322439489e-01,-6.500788554690624110e-01,-5.912173770220138236e-01,-4.718486990571233997e-01,-3.775403863003846117e-01,-4.003043694926335938e-01,-4.230683526848825204e-01,-5.977010761284822227e-01,-7.752751374334193590e-01,-6.907795814325969896e-01,-5.844923568389772672e-01,-6.414455420704954225e-01,-6.622124713767085780e-01,-5.367979214286123790e-01,-4.546574590567721286e-01,-4.117976755909790176e-01,-3.631168934272188120e-01,-4.662941970507371581e-01,-6.375536422949320547e-01,-4.756192336596054560e-01,-3.612379681198971126e-01,-5.327186458448606166e-01,-6.124940499148403550e-01,-2.100919101920409315e-01,-3.796374600747418060e-01,-3.845602460898440156e-01,-3.173818647616772903e-01,-3.524613765458375902e-01,-3.095266075876619283e-01,-4.122675809050652118e-01,5.045415158171162595e-01,5.125040536317176931e-01,4.423139801236920521e-01,4.370353591638228008e-01,3.995983004950560136e-01,2.296253325772531495e-01,3.785429503890594960e-01,3.222300074483679388e-01,2.341934130722601870e-01,2.887161478627084943e-01,2.283292307857929249e-01,1.259683036471114792e-01,4.318796407803213167e-02,7.395261959572137223e-02,2.124569909553353786e-01,4.600839119519997689e-01,2.889933764377531356e-01,1.418020264501356209e-01,1.150367618578310019e-01,1.952703947974225862e-01,3.183366553790782927e-01,6.060506520300111555e-02,-1.531810462596257527e-01,-1.438685480402996930e-01,-9.676718864623579108e-02,3.747028365696672414e-02,1.654526617064066008e-01,2.822776060572667056e-01,3.079056016324676626e-01,1.694996426192121874e-01,6.266687636110442050e-02,2.833895378650718930e-02,3.472389963297090043e-02,1.999693908906330364e-01,3.428370506051895972e-01,1.682516290069950848e-01,-6.333792591199461329e-03,1.133809568137995605e-01,2.674263329694762659e-01,1.877453904349616898e-01,7.740983633757825624e-03,-4.703949360478205249e-02,3.120598561403747570e-02,9.448784208482804980e-02,1.146930689986199459e-01,1.339486950634290741e-01,1.162575422045699219e-01,9.856638934571076982e-02,8.718941671338011068e-02,7.745818623572339745e-02,1.124119170679630242e-01,1.812127537481033335e-01,2.151449629863187163e-01,1.868048882875611161e-01,1.566291793143194666e-01,1.174726350893198906e-01,7.656352889031668718e-02,-1.844305958167029857e-01,-4.454247205237226170e-01,-3.098261859275397434e-01,-1.202235398335600447e-01,-2.112748567797441412e-02,5.435455083890368411e-02,-1.430403826221123831e-01,-4.297964479498020962e-01,-3.808339729752917013e-01,-2.301499422222199887e-01,-1.081526165851461330e-01,8.443368138136666742e-03,-5.300154598932672878e-02,-9.501798440578526628e-02,-2.445349890520422814e-02,-1.263591100525757356e-02,-7.869534409929970775e-02,-3.725290130569680613e-02,2.479315671016716835e-02,-2.810974238551212576e-02,-1.724825729397026428e-02,4.025673709603411893e-02,1.184459332165267373e-02,-3.188732242463675204e-02,-7.892376236022793923e-02,-9.849008946194505454e-02,-3.025219112867747612e-02,-2.695649481465606234e-01,-4.361603310091233254e-01,-1.166769461697532151e-01,-5.635235425770594025e-02,-3.539413269121438055e-01,-3.952988398523867852e-01,-3.567098655045465305e-01,-5.414131787341872615e-01,-4.293309950506035699e-01,-3.797927953601518136e-01,-2.283283017809099591e-01,-5.381385211813506375e-01,-4.392247133694284766e-01
-2.354693642477012627e-01,-3.301102072543508070e-01,-3.867444434311901880e-01,-3.825577362609411392e-01,-3.874344138744492128e-01,-3.494285511973143632e-01,-2.297065990808774827e-01,-3.729947409773688993e-01,-3.754100762537947444e-01,-2.718826859616998992e-01,-2.057672117790376454e-01,-1.718847309260684297e-01,-3.703786524231823529e-01,-4.098998201033420830e-01,-2.422799402721639572e-01,-3.045251576358072865e-01,-3.695183508538511519e-01,-3.949834803506455660e-01,-4.320593288846171776e-01,-3.216797239169482681e-01,-1.426255770271090129e-01,-4.143274993429146291e-01,-4.414559988706364124e-01,-5.905277130100943239e-01,-5.568139229377173649e-01,-5.658451823735637376e-01,-6.525821048780573452e-01,-1.843244289960958571e-01,7.498640657978750124e-01,5.692592178677731152e-01,4.755683094528883603e-01,4.748711421425340640e-01,5.786411136234717034e-01,4.231072808129065499e-01,4.788457167391466651e-01,5.601316753533317483e-01,6.789565852370872401e-01,1.643975996274744111e-01,4.322080558191014887e-01,3.836755388588007354e-01,3.990871725146374338e-01,2.611327653505343682e-01,4.842844075097046952e-01,1.860028009041045649e-01,1.914777239736854542e-01,2.475409542462315982e-01,1.320980025310749539e-01,-1.895103789381248714e-03,9.424815459672891693e-02,6.232175571485576437e-02,7.467958176256926650e-02,1.347973002733056369e-01,2.458545017068032024e-01,1.464376575616318510e-01,3.612158489022411489e-02,-6.019757138691826659e-02,3.952064642431918351e-02,1.118445632274666923e-01,1.443844595545611120e-01,-1.020216616294090800e-01,-1.754952788927690022e-01,-8.804322105238905627e-02,2.938542756856992941e-02,2.697050038425760285e-02,-2.058551319925903123e-01,-2.498032819727968035e-01,-2.251413770782917101e-01,-2.023500716552528444e-01,-1.261198249170986663e-01,1.025710911109280719e-02,-1.559487242154518338e-01,-3.183794182265882178e-01,-1.761024103039791344e-01,-1.386038664770746220e-01,-1.930245734033492200e-01,-2.740245215121177025e-01,-3.283838731298309721e-01,-2.922649397828882001e-01,-2.324387392495078641e-01,-1.585280759285447039e-01,-3.449771611539839133e-01,-4.888312716183663698e-01,-5.688223506422853681e-01,-4.546598412376042231e-01,-3.276799786222965860e-01,-2.896097286751606603e-01,-2.215787485646588673e-01,-1.261961966219126430e-01,2.728797357197542198e-02,-1.031943719107162039e-01,-3.314731771778745006e-01,-5.477832261686266246e-01,-4.139190981166819827e-01,-2.722794688792428697e-01,-2.049162387470037372e-01,-3.143893281579309140e-01,-4.415326777634798749e-01,-4.531481346732959548e-01,-3.836115540720235750e-01,-5.481697353604653156e-01,-4.730721604547901138e-01,-3.081184854262877804e-01,-1.644298687579241747e-01,-1.581165647008436204e-01,-2.698678227008646791e-01,-2.373966791185700698e-01,-2.397419655585059928e-01,-6.764954349457284744e-02,-2.748837676819774756e-01,-3.880049144928802464e-04,-6.615926202709256909e-01,-3.539477000183829380e-01,-3.599198770423258087e-01,-3.694857645860151196e-01,-1.856112607437883089e-01,-3.513250846103703195e-01,-4.518267062540668455e-01,-1.835881933045656333e-01,-1.982284368261224006e-01,-5.430828614454186187e-01,-2.636497847807903194e-01,-5.044486557363605517e-01,-4.606116551083155874e-01,-5.070013748277972798e-01,-2.575553889680766706e-01,-5.094208167959181077e-01,-5.286423893412621755e-01,-3.365406612367654038e-01
-5.948052900811249266e-01,-2.962861569306826648e-01,-3.069744617366000350e-01,-3.191174898799621351e-01,-2.725043623066637499e-01,-3.654019345691476017e-01,-4.457311892069950043e-01,-4.372369943458484509e-01,-3.639290400617120058e-01,-1.738796564252135246e-01,8.337039768019033348e-02,-3.694959265472980703e-01,-5.317264146802191949e-01,-4.878162594960905318e-01,-1.887586502478201533e-01,-1.627513324896556757e-01,-3.143019137340775648e-01,-4.638765892872118712e-01,-5.473109515850809181e-01,-5.105672895079342855e-01,-4.346822439652787695e-01,-3.389503575867109930e-01,-2.671038624046943033e-01,-2.335438365196937927e-01,-3.725211234981224973e-01,-3.508729762646107253e-01,-7.660719028941201381e-02,-1.345323988577711294e-01,-4.318750274080348506e-01,-3.838183285420877500e-01,-2.253506904536278499e-01,-6.851978726792422314e-02,6.876919167545438027e-02,-3.947192284368225557e-03,-8.404200560663076247e-02,-1.868314239700258339e-01,-2.241958872715177631e-01,-1.679434103022389158e-01,-1.200340227434070900e-01,-7.797225044149258544e-02,7.893848201867203693e-03,1.060936589565988353e-01,-1.333672484654229717e-01,-2.465589983831256438e-01,6.152867622520027252e-02,1.782466447224134165e-01,1.074139929133336446e-01,1.056716917378313497e-01,8.718355141191470870e-02,-9.747974538483188123e-02,-1.283411711739080308e-01,-3.804221427315220699e-02,1.525244573089569733e-01,1.143863406140382954e-01,-9.198735331237629931e-02,1.039236858215338427e-01,-1.660091487880937383e-02,-1.975147276078522904e-02,1.287691490088248014e-01,-8.987622954403043374e-02,6.529362640719986455e-02,2.882309097270166487e-01,1.160501079161511406e-01,2.388225618611889145e-01,3.834498385078044524e-01,3.394369416779644544e-01,-2.243742487862796786e-01,-1.065544969222206040e-01,-5.000547342697108100e-01,-5.170233343771916124e-01,-2.999685344183632418e-01,-2.564951255355341075e-01,-3.435550195504560311e-01,-2.913735496368993760e-01,-2.961101192104816371e-01,-3.200770720710707229e-01,-2.685731436146374662e-01,-3.049868818514847035e-01,-4.827594834057346018e-01,-5.618624920547262702e-01,-5.576213606897005848e-01,-5.075517047600626164e-01,-4.247994189498981998e-01,-3.342233433170243018e-01,-2.363773872598576020e-01,-2.376690552049218197e-01,-4.182849327712810927e-01,-5.691943716617761106e-01,-4.715569922889802368e-01,-3.739196129161844184e-01,-3.633099872418832366e-01,-3.771600645043744482e-01,-3.604933714049205484e-01,-2.956080341010903223e-01,-2.307226967972600962e-01,-1.732154848597804164e-01,-1.161981871980329872e-01,-6.870992295732535060e-02,-3.329652872693131954e-02,2.116865503462712818e-03,-2.275916065631541918e-01,-4.842737133012650075e-01,-6.150036994865760720e-01,-5.092249808967570512e-01,-4.034462623069379195e-01,-4.215966105597475089e-01,-4.766349047580578091e-01,-5.334000914635781410e-01,-5.976693470828324806e-01,-6.619386027020869312e-01,-5.902811857387519900e-01,-4.305767428786798079e-01,-2.784245636116555178e-01,-3.071259376936482655e-01,-3.358273117756410686e-01,-3.719237916834300939e-01,-4.155135614725591342e-01,-4.591033312616882300e-01,-3.601657169500026567e-01,-2.593173386868172225e-01,-2.437096950472555645e-01,-3.066844167028796586e-01,-3.651012628590004083e-01,-3.856323439120927787e-01,-4.061634249651850936e-01,-4.701632282049469369e-01,-5.480411547501722325e-01,-4.182755936560886845e-01
-2.317189886696348067e-01,-3.384970619036825057e-01,-4.452751351377302047e-01,-4.952001395854534471e-01,-3.969135712150457795e-01,-2.986270028446381120e-01,-2.958890941945742092e-01,-3.228715401210919267e-01,-3.878617621573460794e-01,-4.996474726373337782e-01,-5.100720098567694816e-01,-3.102097733950179292e-01,-2.634943505093716443e-01,-4.608066720864969490e-01,-4.420622020547983477e-01,-3.016844706163129830e-01,-6.002367219218857075e-01,-5.732540971713465661e-01,-3.279735997996441887e-01,-1.988835683271337196e-01,-4.437459647485505476e-01,-1.164162418360097928e-01,-3.410325374997575376e-01,-4.659403241140938623e-01,-5.280656709665422222e-01,4.934831014451903641e-01,4.629507978507659272e-01,5.520025527702563384e-01,2.551745925153917072e-01,5.088175784254395095e-01,6.593031472618499089e-01,3.741644305911832613e-01,2.550260173738638780e-01,2.731208918876473213e-01,2.542726809112139108e-01,2.817817186606427771e-01,3.448640284297605496e-01,2.629306532338373525e-01,1.670981656977972019e-01,3.447731501645630997e-02,-1.678639788044976322e-02,1.309011164131744231e-01,2.600892921779853761e-01,3.032331510566705912e-01,3.463770099353558063e-01,2.522971979681915000e-01,1.381608767104149649e-01,1.118171316231635209e-01,2.358992814464546395e-01,3.599814312697457996e-01,3.849051661480751840e-01,3.599825038548271627e-01,3.350598415615791414e-01,2.240432781745371471e-01,8.914661343683069616e-02,-4.575005130087575478e-02,-1.218560529485161747e-01,-1.776134652205447473e-01,-2.333708774925733198e-01,-2.275442329840806077e-01,-1.748236877492485852e-01,-1.221031425144165766e-01,-6.217679808457519247e-02,1.632103836553744011e-02,9.481887481565007270e-02,1.733167112657627018e-01,1.349948156449837233e-01,8.377195556297828416e-02,3.254909548097284500e-02,2.085943034179098612e-02,5.692285174880561821e-02,9.298627315582023989e-02,1.290496945628348824e-01,1.491636535734439384e-01,1.685926037937354460e-01,1.880215540140269537e-01,1.644007044238074700e-01,8.608840011831833672e-02,7.776095812829187867e-03,-7.053620849265995751e-02,-2.629287237147178227e-02,2.861105085714419141e-02,8.351497408576016857e-02,9.471430932392871371e-02,4.545735609300020214e-02,-3.799597137928309876e-03,-5.305655036885682102e-02,-3.563653744277851115e-02,-1.554407100488424016e-02,4.548395433010033427e-03,-1.863541391372856848e-02,-7.476225979495974838e-02,-1.308891056761909422e-01,-1.548868305886038632e-01,-8.778868984840200451e-02,-2.069054910820013887e-02,3.922741385258086272e-02,-8.570567062741897904e-03,-5.636854797806465506e-02,-1.041665288933874139e-01,-7.879605442053419506e-02,-5.307559155424000641e-02,-4.011877893201460515e-02,-1.716700821877075178e-01,-3.032213854434004374e-01,-3.791980046542374194e-01,-3.484522012534843061e-01,-3.177063978527311927e-01,-2.593430095539685509e-01,-1.941281131053198550e-01,-2.342231870615496814e-01,-3.885213514253961775e-01,-4.473134499467795733e-01,-3.629388881121645705e-01,-3.362506974156589945e-01,-3.445631489089385213e-01,-2.508501163169938319e-01,-4.438752312066879258e-01,-4.603662490448809375e-01,-5.042106661583668492e-01,-4.614457991003904080e-01,-4.186809320424139114e-01,-3.759160649844374702e-01,-3.331511979264609735e-01,-2.903863308684845324e-01,-2.476214638105080357e-01,-2.048565967525315668e-01,-1.620917296945550978e-01
-2.624288945984548649e-01,-2.067205144049748256e-01,-2.055239025243162931e-01,-4.239656446445412286e-01,-5.433323208853657604e-01,-5.568259840754036238e-01,-7.150468622424314136e-01,-7.474686745258530829e-01,-4.262436322278275735e-01,-3.072328982991563984e-01,-3.477246222224493200e-01,-5.133304233905601199e-01,-3.992233259659960787e-01,-6.472801092646449650e-01,-4.274610095286140998e-01,-2.451080384679058533e-01,-4.001997961751814215e-01,-5.114962163368974579e-01,-4.740526240433968752e-01,-5.195365616076521587e-01,-2.496999044737817641e-01,-3.806829150457031741e-01,-3.555301881379530626e-01,-2.807307566719851044e-01,-3.412597452947628285e-01,-2.334251639325972960e-01,-5.963535266151328562e-01,-1.710981851247127539e-01,5.763752479503317927e-01,9.025398287700843181e-01,4.775361445504745506e-01,6.659226997376935797e-01,2.823534005807242231e-01,2.075408583944595153e-01,3.985300663335458737e-01,1.661777974438899130e-01,2.911481769993734536e-01,2.696188920762238039e-01,2.036867624603147797e-01,2.497242517292778963e-01,7.822805306782515400e-02,1.457700917586956801e-01,9.872844978543028269e-03,1.027593037748429639e-02,4.778682647141167111e-02,1.610633411809509474e-01,1.006902686238248107e-01,-1.293209244686867321e-01,-8.440488029305658058e-02,-4.111395849700578281e-02,-2.702442724016305697e-01,4.235256512355559805e-02,-1.829442387934284986e-01,-3.649962524394805702e-02,-8.389664429861809145e-03,8.569267247203879445e-02,-1.468193082959585449e-01,-4.268655808223747149e-03,-7.714030634384852481e-02,9.038275453552511995e-02,-4.138918908670568553e-01,-4.716821518902400423e-01,-2.437701809858204838e-01,-2.686640730148072143e-01,-1.715119435297352002e-01,-1.183955362059231214e-01,-3.534805459556744633e-02,-4.367148260816913763e-01,-4.046568230083956719e-01,-4.265061239472208166e-01,-4.693851408030433880e-01,-5.834700867741623442e-01,-2.586017091822976899e-01,-2.767026095248791284e-01,-3.980324078995010617e-01,-4.852851455406310688e-01,-4.027667654860568325e-01,-4.649476786934833017e-01,-4.310407953134919867e-01,-4.892669943507401142e-01,-4.373049526930173347e-01,-5.271035753622250741e-01,-5.426197387286556539e-01,-4.136175654428118076e-01,-3.544705884066171042e-01,-2.806671632972382313e-01,-3.402171681411012005e-01,-6.152916907463087393e-01,-3.225148671165930514e-01,-3.700711671423834725e-01,-9.597157299434433408e-02,2.822913275103268102e-02,-4.855453341508977338e-01,-3.883706549160824140e-01,-2.679892012427851911e-01,-1.690763241745044110e-01,-1.905636301495761409e-01,-1.979281781491075698e-01,-1.740787517220838410e-01,-2.010045370726779024e-01,-2.469960875489490559e-01,-3.146909110812086685e-01,-3.724641501125864895e-01,-3.948811125090766483e-01,-4.000168937093437349e-01,-3.734714869325539977e-01,-3.884453703656094992e-01,-4.633460075662479416e-01,-4.750436337324455138e-01,-3.859961749054859337e-01,-3.357963809196194416e-01,-3.859661608040784730e-01,-4.308497918653914627e-01,-4.204589318696671518e-01,-4.100680718739428410e-01,-4.078682248812594002e-01,-4.076193161516740715e-01,-4.509589191775361661e-01,-5.503423289583535549e-01,-6.497257387391710548e-01,-5.229762970573017533e-01,-3.902519453397444993e-01,-3.421669582064580939e-01,-4.132307189500712963e-01,-4.842944796936844987e-01,-4.863278563381077113e-01,-4.663358119319802042e-01,-4.463437675258526971e-01
-5.240261717001770680e-01,-3.828944769237579426e-01,-5.216504667723464994e-01,-7.705278183948315318e-01,-6.619926483984489574e-01,-6.735559701388771359e-01,-5.946116670983140340e-01,-6.009036914461818313e-01,-7.083857012750679472e-01,-5.288590193278703833e-01,-5.037077988108055182e-01,-6.316152229094029735e-01,-5.264780743232484461e-01,-5.589271164402250802e-01,-5.054521357806416315e-01,-5.901682296610732958e-01,-6.367248774433833525e-01,-4.759151139142500098e-01,-5.573957348746205742e-01,-5.013898404895298366e-01,-4.800525905747576871e-01,-4.683298309300826245e-01,-6.473458147768420545e-01,-4.178548202215931484e-02,8.095217169859190987e-02,4.902632735951691773e-02,1.241202808739016450e-01,2.125243280058354833e-01,2.729881973437307541e-01,2.617747705503589706e-01,1.913776440370303089e-01,7.615190604128234397e-02,8.278118387281556412e-02,1.631316717480882639e-01,1.819849768266890155e-01,1.590941262019502367e-01,1.411774791352276015e-01,4.599833566097685789e-02,-4.113654973945705257e-02,1.122584211062661042e-01,2.131826342008750486e-01,1.850130517812117181e-01,1.832523349822900161e-01,1.875302269489587670e-01,1.635124357393780148e-01,2.274417957179305227e-01,2.928952287314369740e-01,8.995256259031352009e-02,1.970922221780886316e-02,2.144676796642311714e-02,8.989417261651035107e-02,2.703572386751211809e-01,2.437550259558500243e-01,1.174285989992468054e-01,1.350371008390068572e-01,1.298703868956505303e-01,2.567856227060108174e-02,1.306791816860763122e-01,3.364419293388822285e-01,2.426531701685340492e-01,1.686109680931858201e-01,2.215565238544254245e-01,1.948940187478321318e-01,1.397091107740734695e-01,6.644065109915513190e-02,-1.057039490916206713e-02,-1.929389468683042133e-02,1.071651385883739815e-01,6.811852363879720984e-02,3.098259513727844028e-02,1.334783824149138598e-01,1.701536636651226897e-01,8.868994847368806556e-02,1.790085946419984753e-01,1.984456535844745240e-01,1.398884440920714900e-01,1.670783313954579963e-01,2.658996184194223344e-01,2.148090559045910952e-01,1.052204307011821161e-02,8.481570104791255615e-02,8.742373907302510017e-02,-1.214304617883586387e-02,1.312090292475338593e-01,2.265643736222557048e-01,3.666972492937736749e-01,3.370496786195527061e-01,2.919879808503088592e-01,1.157188431750667684e-01,1.686592451069599541e-01,2.723400076739834197e-01,1.875804451916696647e-01,2.012494522461791280e-01,5.617571766076589340e-02,1.794828586968645057e-01,1.714667460986527003e-02,-3.081774101492400914e-02,6.837383854074215173e-02,1.393962981438342519e-01,3.647868151546450055e-01,-4.478638912802462846e-01,-5.215126211551615043e-01,-4.526378720729195559e-01,-5.505362588792692691e-01,-5.861579808571725225e-01,-5.574900435310017333e-01,-4.866962552157628186e-01,-4.925233167247545785e-01,-4.718668920000824718e-01,-4.891685824733978394e-01,-6.866488621055583108e-01,-4.601039911842428332e-01,-5.132278031161625620e-01,-4.311895391703541858e-01,-4.521567226410624363e-01,-5.256039566570528399e-01,-3.141755081850583498e-01,-4.465380415970585659e-01,-5.572522803564310401e-01,-4.999949338991617198e-01,-3.976294472139014768e-01,-4.309880176655929707e-01,-4.410556188053145754e-01,-5.318172456088570144e-01,-6.069955742448609470e-01,-5.902768692377982074e-01,-6.401792288987737667e-01,-4.885198601006540686e-01
