-3.337732887620390443e-01,-3.646172549134840679e-01,-4.585042801334274776e-01,-4.768326795025299991e-01,-4.979672375170114962e-01,-4.725231309203910546e-01,-3.274565993994611457e-01,-4.812504468684707937e-01,-6.176904556964887272e-01,-5.562942040413751954e-01,-4.976645286851115180e-01,-5.072493391343086966e-01,-5.578139539666580049e-01,-6.152795124189143205e-01,-5.702529499633647303e-01,-5.014235401818902815e-01,-3.120574143585413962e-01,-4.219999979640415289e-01,-5.194661647969467388e-01,-5.231311483672924645e-01,-4.896618497884563381e-01,-5.533280174994570366e-01,-4.693419407882697403e-01,-5.068752828122290444e-01,-4.903656571720337864e-01,-5.789510081115830653e-01,-5.189418958238849466e-01,-5.308267470110832331e-01,-2.016912698873408183e-01,2.548623397624016906e-01,2.071160974859353465e-01,2.588402379801039710e-01,2.006276775146315083e-01,1.907099858663839076e-01,3.066777312941641465e-01,1.694926505642536940e-01,1.606666975798225760e-01,1.677326889657725917e-01,3.512624947733168357e-01,3.170130952724136142e-01,2.789737082561411508e-01,1.995377685517235600e-01,-1.775351471178010163e-02,7.709694462389206360e-02,2.369277532716849710e-01,1.524938209614812024e-01,6.877102667479566278e-02,1.343837485238183749e-01,1.560855854605909254e-01,1.489335621699728052e-01,2.212255895706504993e-01,1.623698086471824509e-01,1.767377584444218899e-02,-4.586022658612656094e-02,2.375277030701581915e-01,2.206541999376867569e-01,2.187366396328326856e-01,2.441470572607483402e-01,1.342540759475304435e-01,-5.732840167548412108e-02,1.041241291681224146e-01,2.544602422035427414e-01,2.329187930664071149e-01,2.248382266371503069e-01,1.947403047772411910e-01,2.299886437263994887e-01,3.177613032300136697e-01,2.785559171099787901e-01,3.483661447798502842e-01,2.893035772984610121e-01,4.878101082845477388e-01,3.258136403440970996e-01,2.532162698530429079e-01,3.749202857468048045e-01,4.172998311461242893e-01,1.642092535563174360e-01,8.561090098287224559e-02,8.542881731273320456e-02,2.526220596453188638e-01,3.113958041831468293e-01,1.520745870031614266e-01,9.221813105467435712e-02,1.781635734913887825e-01,2.075136970206233333e-01,1.750122879653094043e-01,2.013068886787959810e-01,2.670332346257319744e-01,2.227992897914098103e-01,1.844876767161902353e-01,1.747390282397527916e-01,-7.302618299705646576e-01,-3.864337798002045465e-01,-4.347854499910546733e-01,-3.790104814896199659e-01,-3.946542783659804932e-01,-4.022189850953806212e-01,-3.712352191022452730e-01,-2.601642695711643971e-01,-3.067704263898426431e-01,-3.666808849344364019e-01,-3.893279034914434722e-01,-4.962651915759302979e-01,-5.645011490699244350e-01,-5.147119235722015240e-01,-5.091284433259851694e-01,-4.295312096363355092e-01,-3.109830711338040787e-01,-3.675883176015259379e-01,-5.237839470105185580e-01,-5.102398011316502391e-01,-3.866134550871634379e-01,-5.238149476021938256e-01,-5.039813028556971997e-01,-4.948832315850323904e-01,-5.140078465019916054e-01,-5.769001162816893569e-01,-4.548699414764866278e-01,-5.161352150216897972e-01,-6.013629807799757421e-01,-5.461060065633838168e-01,-5.187461795567683831e-01,-5.221899887137246843e-01,-5.535076404348148182e-01,-4.873654130651385863e-01,-4.417216417727629074e-01,-4.093839289921434865e-01,-5.189429494819699507e-01,-6.145978361309067939e-01
-4.893792474485415545e-01,-4.379016636823664377e-01,-6.606926813092095507e-01,-6.589830940248867508e-01,-6.210221995805136341e-01,-7.486033084617499389e-01,-6.032615673673137335e-01,-5.134670251012688480e-01,-4.696338270140544835e-01,-6.068416267756489013e-01,-5.742878646187377090e-01,-5.131496140437835640e-01,-6.724744150204501336e-01,-5.552101869555151614e-01,-3.303700070441194514e-01,1.748834684811229612e-01,2.494642503305057601e-01,4.422558426554804023e-02,1.414211912407702665e-01,1.250648787700183451e-01,2.447769589255519851e-01,1.601874793849464851e-01,1.860419514008801734e-01,1.232048571445992641e-01,7.659361207199590071e-02,9.157627092278484982e-02,9.786905918013041883e-02,1.250754337849234281e-02,-1.833568871504827058e-01,1.521251271672359184e-01,1.592273179884271805e-01,1.526817814646615479e-01,1.367008076074010814e-01,1.087105539928205494e-01,5.626357642483993671e-02,8.520243783180507513e-02,2.233839151368657017e-01,2.324279674727846023e-01,9.725014650257685078e-02,5.863288601583327431e-02,1.187230466382212801e-01,9.979124092845080563e-02,4.582907080174419140e-02,1.053190614861577168e-01,2.219781377251430765e-01,2.511142761723836325e-01,2.154188424553909742e-01,1.123741166838603117e-01,2.454916893596387553e-02,1.443932483600414152e-01,2.505081468802031197e-01,2.167685536563039028e-01,1.320639607438652829e-01,-5.997596154827024989e-02,-7.219786080819666496e-02,2.074775668555422781e-01,2.215735398359328923e-01,1.716299019777013102e-01,1.366777955018961543e-01,1.671016495427898596e-01,3.092994705804200661e-01,1.897663811937097544e-01,8.126310042142069479e-02,1.231559386115694127e-01,1.381412465303809012e-01,3.835579541374412732e-02,1.493740558109665773e-02,2.103119950821980000e-02,2.262633869776246309e-01,8.396445672898729395e-02,2.230423265198630267e-01,-2.239801426141095533e-03,1.216555438840952463e-01,-2.278957999661131509e-02,5.818675891331349936e-02,9.990449918925480011e-02,2.604166461106360159e-02,9.898562252112361182e-02,-1.525669064211679915e-01,4.501228254269257212e-02,2.172951770978711061e-01,5.874858450798434856e-02,4.900265413526574271e-02,6.504253900993824111e-02,5.866695910846265322e-02,9.164934297459631507e-02,1.042339502144629393e-01,5.868339504191935618e-02,1.351048358150325757e-01,-6.078067546446350167e-02,9.835839203955185073e-02,6.780032316778100698e-02,2.127055166146397114e-01,6.347382408419859068e-02,-1.376028623617192234e-02,7.947332618898778067e-02,2.581361709056291254e-01,-6.148664337096859667e-01,-5.460510017036934727e-01,-6.389280016388019234e-01,-7.039482622788980626e-01,-6.264991994513416929e-01,-4.770342297960241673e-01,-5.566247089172208229e-01,-6.149523650340414926e-01,-7.142146898345552719e-01,-5.806487934059648692e-01,-7.590728468065568446e-01,-6.460151064242315444e-01,-4.669158371519688822e-01,-5.821160320818308254e-01,-4.339033991401993196e-01,-3.810194871400976457e-01,-4.052408072476959555e-01,-5.103036831895426673e-01,-7.001571030821471808e-01,-7.969360523369556359e-01,-5.615987096066631379e-01,-7.710815836623731157e-01,-5.818883659340192693e-01,-7.100769544321440252e-01,-6.283663533027776804e-01,-5.542650683395593525e-01,-5.605975650369430241e-01,-5.237129175659408498e-01,-4.007656537151512155e-01,-5.946569694557338748e-01,-6.675896312223463802e-01
-3.339241385349480673e-01,-3.689379640595246701e-01,-1.995637044884713551e-01,-3.593266905217293306e-01,-3.861528991336358740e-01,-2.960742390553026127e-01,-2.628263878045723478e-01,-4.095035488604538143e-01,-4.047950160369889749e-01,-3.777030748448548803e-01,-3.739128910392992000e-01,-3.896506320251638678e-01,-5.686423044862067844e-01,-6.127511457579525311e-01,-4.221848963822205647e-01,-3.775628396931475228e-01,-5.611508451728887126e-01,-3.490947368576645671e-01,-3.771246026813865337e-01,-3.751858423567886458e-01,-4.855328870452807477e-01,-4.360391641057163592e-01,-3.766949847683191965e-01,-4.804817182613169146e-01,-3.175128085187013394e-01,-3.477900158658793761e-01,-4.265819761160216661e-02,1.612170091523368876e-01,2.000478798260735547e-01,3.493788605597908936e-01,3.374219236987904824e-01,3.201644028287539134e-01,3.714676435880871486e-01,4.284638918559776077e-01,3.620520011865926979e-01,3.478258033726289722e-01,4.797839376264203537e-01,4.050334631372980443e-01,3.876749714674501690e-01,3.227762334815361123e-01,2.217661937552710405e-01,3.231860971319362452e-01,3.789060794625911943e-01,2.740899175187474501e-01,2.874965805843159306e-01,2.816996953009691662e-01,2.959244631301636286e-01,3.413874416463743566e-01,3.482156302463403352e-01,4.084191726643595088e-01,2.637358333125594534e-01,2.014920554527307173e-01,1.801590038009120431e-01,2.147488643262713270e-01,1.632415432197976690e-01,3.700008946182935521e-01,3.377642999967087056e-01,3.054711278153529608e-01,1.673074055489149059e-01,2.473339226767788113e-01,2.243826903265944417e-01,2.241919569532561940e-01,3.685042865471209184e-01,4.372470424796613409e-01,1.075952627005845597e-01,-3.113898848673806175e-01,-4.275757820888627658e-01,-4.776768992426603799e-01,-5.307985291357890656e-01,-4.755680685358119608e-01,-3.899254445726015872e-01,-3.578324959420396967e-01,-4.243197085814501834e-01,-3.924071649321739796e-01,-5.471939313303962882e-01,-3.466790241136615824e-01,-4.423806214274615956e-01,-3.354816473071728367e-01,-3.383960810296141597e-01,-3.041896298328541914e-01,-4.134004259250689817e-01,-5.219342330494515236e-01,-4.680362519941194677e-01,-3.278021605707837627e-01,-2.871880574626606841e-01,-4.212324907904130833e-01,-4.990726201893667113e-01,-4.108538812863936074e-01,-2.413853674265652172e-01,-5.108764580388412968e-01,-3.779932626734822665e-01,-4.810226334463876818e-01,-3.806586667853586459e-01,-6.052907988922655580e-01,-4.773813574661072145e-01,-5.882921268426678507e-01,-4.724193855253796537e-01,-5.164102663624267064e-01,-4.933747349319707598e-01,-3.303710059380343123e-01,-2.958235690115156857e-01,-3.587814499753618214e-01,-3.775428109583540692e-01,-3.833850462972930861e-01,-4.002171979513852174e-01,-4.964077692409063491e-01,-3.262129205497958928e-01,-3.511315834054709040e-01,-3.035166622087243637e-01,-3.590360105971155957e-01,-5.385135125681630441e-01,-2.994558066102416261e-01,-5.589891029907854136e-01,-4.493452770701621413e-01,-3.993460725239656450e-01,-3.928802034407900545e-01,-5.936299705914844793e-01,-4.747157485124553489e-01,-3.324366874349581336e-01,-3.195290633990955365e-01,-2.965809810023701254e-01,-4.377613423917742774e-01,-4.734623159490495281e-01,-4.502204867039811820e-01,-4.434559577978597900e-01,-2.851091165806245997e-01,-4.181475998819197404e-01,-4.860118635019394784e-01
-2.341273741433629318e-01,-3.814700496578068423e-01,-4.524134701172947692e-01,-3.718135573568428498e-01,-4.297320507140163781e-01,-4.971973049759482732e-01,-6.397848014504871061e-01,-4.345104528198405758e-01,-3.787650613871437200e-01,-3.066142469702542450e-01,-2.877082656470925648e-01,-5.172566555168771618e-01,-5.398074251970472748e-01,-4.182080488493671311e-01,-3.770800103959609517e-01,-2.258609837842999180e-01,-5.979113580163400998e-01,-4.538368891893858614e-01,-5.032262716903754818e-01,-5.573810306367171785e-01,-4.033036905844037956e-01,-4.141550357970565366e-01,-2.153486746658347661e-01,6.185528197856196009e-01,8.306252931636906034e-01,7.330263354249378915e-01,4.961298052618843824e-01,4.466672607191514155e-01,6.428595405997801215e-01,6.475955762495210211e-01,5.150427716443913839e-01,6.179444691296153147e-01,6.748010599879615823e-01,5.620626898272040872e-01,4.992745153498803212e-01,3.856565213480606658e-01,3.547741834666974237e-01,4.794830702467887118e-01,5.446254473387019956e-01,3.327589095841707034e-01,2.599988164539919766e-01,1.114892769356910507e-01,1.937849305370526465e-01,4.336968800602213903e-01,2.927658252453647081e-01,2.198803296433168297e-01,2.729459319686388108e-01,2.024661017261233098e-01,1.380118786116398544e-01,1.348416976349329499e-01,2.438904151758172212e-01,4.372144347493414629e-02,6.023883942583366236e-02,8.862516494361062647e-02,8.544330784677162116e-02,-1.363179111472285765e-01,9.339419503402797418e-02,5.776424891368587937e-03,-1.737595270133671099e-01,-1.067209268299321029e-01,-1.928812548901849833e-01,-3.157043902297952398e-01,-2.778772226941716994e-01,-3.798470206258124926e-01,-3.828227470067171456e-01,-2.200796760612746261e-01,-1.837895438349863575e-01,-1.428595782267852721e-01,-2.395836024518649410e-01,-4.631655123454423428e-01,-2.601365929097101959e-01,-4.751233296806283701e-01,-4.078773103763068675e-01,-4.358502386238945481e-01,-4.013420751955111276e-01,-2.683024151441761873e-01,-4.835244220139953142e-01,-5.558260791303252235e-01,-3.049656552162106626e-01,-3.387407050512158402e-01,-2.967622131661338258e-01,-2.619996283200572984e-01,-3.460127980890146948e-01,-2.831381812079500904e-01,-2.282876067599192982e-01,-3.959776688707985492e-01,-3.396383691978525632e-01,-1.046073675343980325e-01,-1.619900604069308414e-01,-3.815234349139157155e-01,-3.180338399496114854e-01,-2.495375683680143009e-01,-3.533997025226751632e-01,-3.609711579023742734e-01,-2.434357377849045712e-01,-4.679591684527569795e-01,-2.850900842195769891e-01,-2.393220567594391834e-01,-2.802501220622964917e-01,-3.863650270103100026e-01,-3.791022865401249553e-01,-5.084384951565756872e-01,-6.108277748444900235e-01,-3.461579276396815619e-01,-4.851759603550114264e-01,-4.760044196383537707e-01,-1.621783520923198441e-01,-2.193968819216086386e-01,-2.118498740145897397e-01,-2.747608833340989820e-01,5.702527268291166657e-02,-4.135685462045263217e-01,-2.901402880894612402e-01,-2.134213310791226725e-01,-3.383900909111967614e-01,-4.038901534744463451e-01,-2.911077510810908264e-01,-3.680801274097723619e-01,-4.610400065720404172e-01,-2.836861148658712528e-01,-2.285405603053245194e-01,-4.767929884205253654e-01,-4.960669707400430228e-01,-3.238694865416977264e-01,-3.794366442196861477e-01,-3.866617464713487662e-01,-3.899981296790293595e-01,-2.923278683690355706e-01
-5.753444214946992208e-01,-6.605609386529893712e-01,-7.524328345179759348e-01,-3.911387928223470367e-01,-4.393115651792248166e-01,-5.510685321205919251e-01,-3.347769230343503044e-01,-4.711384060751792058e-01,-3.269033230579302396e-01,-5.173711569458421256e-01,-5.938888940826122509e-01,-4.446412037320694455e-01,-6.501423422555023812e-01,-3.911111727656361170e-01,-5.640348115548868835e-01,-4.455165520885707164e-01,-4.978404322725594744e-01,-4.352857656432023714e-01,-5.556138492858266886e-01,-2.983861875738010316e-01,-7.814366014645572900e-01,-7.408882356624074683e-01,-5.712093702161744613e-01,-5.638840408983627484e-01,-4.239367652863026414e-01,-4.827577650725000669e-01,-5.699538908490277000e-01,-4.187986442538106369e-01,-1.104679564418498995e-02,-3.664737639299791017e-01,-4.288973435723699712e-01,-2.780639484913030590e-01,-2.677256503258895748e-01,-1.832913134291032364e-01,-3.783964920055379322e-01,-5.924953632280886007e-01,-5.842589409375072984e-01,-4.173443520121639660e-01,-3.037084417317361673e-01,-2.189773297797280860e-01,-1.747354548389721818e-01,-1.739448634716170561e-01,-3.423206126093265023e-01,-5.211619646664950034e-01,-5.575796723864968607e-01,-5.121238950538481438e-01,-4.180237819022680767e-01,-3.463890648741884681e-01,-3.490206608183603620e-01,-3.351483860787676794e-01,-2.612209111373358095e-01,-2.230034803929246134e-01,-2.386020865723285089e-01,-2.218599836699421679e-01,-1.646664646265259269e-01,-6.815229391141329474e-02,5.559338792995369843e-02,-5.407372338014194979e-02,-9.192186808441804580e-03,-4.339654979702717852e-01,-5.269979040061966158e-01,5.438989714684503395e-03,3.194924866823114183e-03,-8.950836486793110891e-02,-9.857790508247885053e-02,-7.334948584666857669e-04,-7.009838064432946658e-02,-2.752059696331058403e-01,-1.855705987225468312e-01,2.273591640599889954e-02,-2.623549036355980468e-01,-1.699079986394873287e-01,-2.038765516433783120e-01,-1.255268335233207799e-01,-5.343666819529217099e-02,5.476242015713630312e-02,2.371475644140527000e-02,-6.576656099801261868e-02,2.468973674120545081e-01,2.861010799685468481e-02,-1.910885764011582277e-01,2.683900115371205125e-02,-1.472393006412213087e-02,1.576089865192633332e-01,-1.865155120096834152e-02,-6.461733200240564468e-02,1.384117198527479720e-01,-3.565709816993598014e-02,-8.230154179726253960e-02,2.800402693338654991e-01,1.697787281069550180e-01,5.472675330712191422e-02,8.550024799687874766e-02,2.072464260712766626e-01,6.636865948310485819e-02,1.243153549715824840e-01,1.781259531122802720e-01,2.961230492209714904e-01,2.111298076758693631e-01,1.359541224301057949e-01,1.173846202666023325e-01,3.736529853893283959e-01,5.404899279879339380e-01,4.643268746174021855e-01,3.643757247376949726e-01,4.153459942514131642e-01,3.522203773483735256e-01,4.336337517543806808e-01,4.053101524477176199e-01,2.317673594193897513e-01,3.026066684077643454e-01,3.418436387854564829e-01,3.114062668578482240e-01,2.615821564710875680e-01,4.151086739791029490e-01,4.118298253732753378e-01,3.888637053468866900e-01,4.855638219482693030e-01,-7.292381874079965076e-01,-5.850837464704456981e-01,-6.076951390948228671e-01,-6.703883976959639224e-01,-5.331348715520922710e-01,-4.854401386012593966e-01,-4.957782735785105088e-01,-6.002816517256835960e-01,-7.761445891523434115e-01,-4.997980949853338961e-01
-3.713291858366567499e-01,-4.552683033544602242e-01,-1.833316974675688604e-01,-2.296356415429655906e-01,-4.305898226038624710e-01,-5.344865788135279017e-01,-3.057303335033557112e-01,-3.748421637703254206e-01,-3.701193021710005859e-01,-4.195058812222455247e-01,-3.572101334117884774e-01,-5.239388688080566236e-01,-3.444204442407958755e-01,-3.268193391293108263e-01,-1.783998481588371099e-01,-2.766807685110230786e-01,-5.083652513933258899e-01,-1.166815059300985447e-01,-9.810654363168343217e-02,-3.017615328827354948e-01,-8.181754578258090826e-02,-4.721260897027265147e-01,-1.676405271553053355e-01,-3.544960659554511340e-01,-3.521074237349233749e-01,-2.750581972836975697e-01,-1.512980908886396580e-01,-3.292936636812788254e-01,-2.148166183355174619e-01,-1.520648201307321923e-01,-2.111552089625495232e-01,3.037125041729180630e-01,-6.672128930983343975e-02,-1.333646280827870956e-01,9.636317509508394996e-02,5.432068293909152190e-02,4.977195632205258513e-02,8.793216357266046140e-03,2.673287391377307531e-01,3.777197422942608074e-01,2.041647708926745131e-01,5.716040683825593383e-02,2.210644217921924892e-01,3.736954995444299321e-01,3.943413829172315865e-01,2.225818683093355177e-01,2.033087448301748867e-01,4.026772650568332668e-01,1.425857631630993161e-01,1.186882532138421459e-01,1.450809453947582428e-01,3.497559011383234440e-01,5.414031927502139796e-01,6.600475497572720895e-01,6.692273279337591640e-01,5.325831963404390468e-01,4.660265725008386761e-01,5.062977236982832974e-01,5.317390800236025949e-01,5.256133193108175616e-01,5.299500978328326450e-01,5.496347744964775739e-01,6.009190764582401645e-01,6.736754210235134099e-01,7.330424281280698562e-01,7.930402599256977103e-01,8.906002235032208780e-01,9.704583551729877300e-01,8.617011774051446249e-01,7.363006279803594456e-01,6.751862970579648460e-01,3.677300567743975734e-01,-2.619737510891397836e-01,-1.654411969882048083e-01,-1.669145996063388926e-01,-1.756409359214070043e-01,-5.136958023783917415e-01,-2.018262276250427367e-01,-6.441352678999857917e-02,-7.673275800855247075e-01,-3.587822994146315780e-01,-4.300817035673040745e-01,-3.696852428951371561e-01,-3.115172945564855245e-01,-4.257179007117372072e-01,-3.525365705402164207e-01,-5.350319553245456161e-01,-3.866557799802448625e-01,-6.743547233725696310e-01,-4.181734486264079842e-01,-3.204283439240616094e-01,-2.083377144456304564e-01,-1.884060906030225191e-01,-4.867054579909294021e-01,-4.814570212506306124e-01,-2.238013749399833385e-01,-6.006947324057391180e-01,-1.900402213741596846e-01,-5.954587334294454415e-01,-3.657839684149852277e-01,-2.097557605127698677e-01,-5.606060897849579616e-01,-5.301470617149380837e-01,-4.001928479442015130e-01,-5.242750377544658225e-01,-2.771897618629226567e-01,-2.786920363889102137e-01,-4.546802858529357949e-01,-4.425759616227435411e-01,-2.532458144993537386e-01,-3.693210633221202244e-01,-3.267029999745336144e-01,-2.510543668055819633e-01,-3.628937626087599400e-01,-3.005429771523154270e-01,-3.228779028869568357e-01,-3.822886444956193897e-01,-1.617763945530388825e-01,-1.803413343487179632e-01,-4.248143409077962951e-01,-5.653479359866593612e-02,-2.957269926540082028e-01,-3.837421200919363118e-01,-4.971026511409351589e-01,-3.145202381065075881e-01,-2.411616971149290745e-01,-3.755075865796068113e-01,-1.966809191238149124e-01
-5.141450099048319178e-01,-7.447813227293704763e-01,-8.098640666530683152e-01,-7.243296947455829526e-01,-5.436440934467070552e-01,-5.486529854247217397e-01,-4.559963001281993056e-01,-4.599524008473728220e-01,-5.607361355447960660e-01,-5.258325829700631893e-01,-5.202564120131242253e-01,-6.852495214899306797e-01,-7.661304327137169468e-01,-5.686199491973414899e-01,-3.344820468038577355e-01,-7.846251265690492582e-01,-6.680151468347509391e-01,-5.195976811757748726e-01,-5.631130485262119123e-01,-3.862126693821739121e-01,2.345603303487907992e-02,1.554288041880213245e-01,-5.996022099516954557e-02,9.374958949703264544e-02,1.779336549335099049e-01,1.107353080649955412e-01,1.734173605692538311e-01,2.748735958945923707e-01,1.409906882096049197e-01,1.423171619598021138e-02,4.052173336937504172e-02,-2.125796210387178101e-02,1.007106896029483362e-01,1.330125380257547729e-01,1.852284374263773181e-01,1.189809021272426465e-01,2.406332867927091501e-01,3.088545357748486708e-01,1.475489622856086258e-01,-8.561047824539739018e-03,1.434073096027414229e-01,1.578429855174439678e-01,1.141699155106523367e-01,6.867918226431390938e-02,1.311235460132545994e-01,1.792358254837467246e-01,2.504076636683860713e-01,3.289019158707990886e-01,2.925015686189609276e-01,2.580761079208032660e-01,2.030037336944799931e-01,8.264596968441602354e-02,3.390677798183453634e-02,1.298432362773075943e-01,2.563700395316673847e-02,3.290911065369254707e-01,1.384282138803983875e-01,7.822569996972199291e-02,2.149706727750855528e-01,1.247016579663914743e-01,3.358805974837120178e-02,6.469408442725486930e-02,7.121835414504130990e-02,2.034700902382255705e-01,2.466091843654433235e-01,1.111099347103079310e-01,9.246155991043833455e-02,1.196018002115070422e-01,6.874511373673392045e-02,1.169804045746600102e-01,2.493524170265885853e-01,2.669120347799928128e-01,-2.405847417830310475e-02,8.884394525101339812e-02,9.207323698427261061e-02,-1.411326888686499983e-02,3.314804171181493647e-03,8.561035855142140605e-02,1.943908929542582653e-01,1.353919905468547180e-01,1.996001716145954785e-01,1.579144039122163667e-01,1.036210614607322444e-01,1.287031240603998539e-01,1.569813505166641476e-01,2.368560454536602078e-01,1.417090243233879721e-01,-4.283342607634161442e-02,-6.531534853098778237e-01,-6.004540793457965320e-01,-7.373390757613976776e-01,-4.698200124468421279e-01,-4.394715882902704984e-01,-6.207122356854899436e-01,-4.212101508887501899e-01,-5.158007097280586928e-01,-4.892882569230249112e-01,-4.637816300897306121e-01,-4.505009026962915053e-01,-5.723542874933892355e-01,-5.701234456722154009e-01,-4.670192294964844448e-01,-6.049450995362786188e-01,-7.082133506807192225e-01,-5.583128755110799979e-01,-6.286714893143707794e-01,-5.183882288558221418e-01,-6.297654563758375845e-01,-5.183719446989666357e-01,-4.710890775187937529e-01,-3.123042332976029289e-01,-3.439054154045653733e-01,-4.640406230413054445e-01,-5.832580281125342436e-01,-5.091085886529018723e-01,-4.464323698069058155e-01,-4.405326046232889148e-01,-5.038468770100350547e-01,-5.508201597650059789e-01,-5.893012118771211449e-01,-5.596826707489708230e-01,-4.690273750040436229e-01,-5.360980457815400779e-01,-5.259370549389205118e-01,-5.433498399023746206e-01,-4.082989731000444267e-01,-5.763454794724697239e-01,-4.134731319857296583e-01
-2.618583935382052807e-01,-2.709050831624703615e-01,-3.698710071478582551e-01,-3.581433068127934383e-01,-3.449182452718060898e-01,-3.212859327758582628e-01,-4.731224669580748055e-01,-5.574876577200463812e-01,-4.580718290948918026e-01,-4.628024490949880776e-01,-5.820309368313445475e-01,-5.214109899276420101e-01,-3.829705515916637659e-01,-4.223143620496235262e-01,-4.230343851206863071e-01,-2.647001496297834433e-01,5.307502348972974460e-01,4.238694309280325867e-01,5.090706339405218772e-01,7.003345344596586530e-01,3.831563498525359379e-01,4.208161438722343162e-01,4.159930572625409329e-01,4.929499563422106712e-01,4.627321224723509596e-01,6.389874190633754170e-01,8.239660285229378767e-01,6.404376037125649734e-01,2.963978092129296860e-01,2.988952695705985318e-01,4.100331797667023936e-01,2.565530611585554732e-01,4.179464260850094259e-01,4.397652429966252274e-01,3.940691752640287926e-01,5.091206851743980133e-01,1.513082314967907349e-01,3.403699090321137821e-01,4.133988641041992929e-01,1.821824425566725414e-01,-7.012057344161679549e-03,5.516825739517400816e-03,-2.593288362521024570e-01,-2.171035867757212523e-01,5.348030654495673775e-02,7.870702708348262244e-02,-4.346332649521689878e-02,2.233749934477269328e-02,3.945557684991688602e-02,-1.452759525695237475e-01,-1.095528934723120629e-01,-2.630513058048204456e-01,7.278582727766988447e-02,1.309452618834384408e-01,-2.071282161736119065e-01,-4.367687590757403648e-01,-2.068209104532088838e-01,-2.742911115449866433e-01,-3.240503941130761789e-01,-4.164765131960432298e-01,-3.126024619164300411e-01,-1.627427497510416377e-01,-1.962338565886877217e-01,-2.671986950485682466e-01,-1.506534367080938075e-01,-1.807861268212498096e-01,-4.077143234306903619e-01,-2.791220983136639133e-01,-1.862713505203306141e-01,-5.787153656503133403e-01,-3.094155669379421436e-01,-3.570203931218133842e-01,-2.513091428303316222e-01,-4.907222230530751128e-01,-4.647390610727649141e-01,-3.797430268948321364e-01,-1.353010648945090211e-01,-2.158806858029683751e-01,-3.885575637869945198e-01,-2.938842471134930356e-01,-2.426348236185780771e-01,-3.531527805397594588e-01,-7.003034610322037556e-01,-7.213517380415028768e-01,-3.576025187689430562e-01,-3.826950080246851460e-01,-3.860222194516379490e-01,-2.894999593721508391e-01,-3.947427700143502083e-01,-4.894393379570352587e-01,-4.009260624123873185e-01,-3.467533553166167182e-01,-3.572720684307347239e-01,-2.955524194337772470e-01,-5.850142690888627817e-01,-3.504313606963861960e-01,-1.936961814064750154e-01,-4.428468792937614307e-01,-3.544302142167169434e-01,-2.155489337368831082e-01,-2.460694767671146588e-01,-3.064847306955487127e-01,-4.030740105083412406e-01,-4.145800856874906626e-01,-3.579292303341010673e-01,-4.739100633789217198e-01,-3.735811505999798166e-01,-3.362398016158629765e-01,-6.685798347945393072e-01,-6.643411560593505127e-01,-2.743707594199856215e-01,-1.151412884487561517e-01,-3.012042314314018476e-01,-5.284331528750589868e-01,-4.833445082678740068e-01,-4.576300586615573152e-01,-4.663715417660699303e-01,-5.328956972832897820e-01,-4.123652070553042726e-01,-2.248774637485447814e-01,-2.911866251332824174e-01,-4.053882929885148645e-01,-3.962624143472928684e-01,-3.674136678303869252e-01,-1.949693540176448692e-01,-6.697944222322746999e-01,-5.325357649349350408e-01,-3.938054351877675607e-01
-4.558423440602565879e-01,-1.991059838860906872e-01,-5.844583114777506250e-01,-5.659217925557369355e-01,-5.332873184056148297e-01,-3.995557882853409404e-01,-5.100187731940080127e-01,-4.228153986123108221e-01,-3.904178082635051950e-01,-4.926049360166128710e-01,-5.227869831159532854e-01,-4.165110881889745875e-01,-3.657157179886487142e-01,-5.141430482205773256e-01,-4.721946091077806051e-01,-4.616107491156581366e-01,-3.964202912635736431e-01,-6.924781438260814159e-01,-5.187641052228721961e-01,-5.895658203364105843e-01,-3.839711798094579964e-01,-4.728815197063744313e-01,-5.174903255619281994e-01,-3.003284940057783237e-01,-2.852316587148398530e-01,-4.313728858597244420e-01,-5.123903478299060010e-01,-4.775058402170782590e-01,-4.971277989380365470e-01,-4.935555312193856681e-01,-3.776400669409001321e-01,-3.495711084484039444e-01,-2.773582744537460010e-01,-2.650138505139139067e-01,-3.650131747399240623e-01,-1.373151315584073828e-01,-2.630995690933456491e-02,-1.118674736158503241e-01,-3.968187748969637108e-01,-3.496358278034370493e-01,-3.470963419207076517e-01,-4.906994270570617933e-02,-1.958574094453402817e-02,-2.702799897011081143e-01,-2.392610317828008093e-01,-2.147215617544959709e-01,-2.004037036441291830e-01,-1.680810686795502773e-01,-2.738602874213603711e-01,-2.045640038097688018e-01,-4.121702917212399092e-02,1.315694139334421253e-01,1.045004595624170057e-01,-1.495299334952727120e-02,2.054274742030790316e-02,-1.375239490769742390e-01,-7.814375090093804085e-03,1.181679937583685613e-01,-1.407618076507689830e-01,2.761121121594423689e-01,-3.617966894404636528e-03,1.565115944488886246e-01,1.748114692860038566e-01,7.650969881010911966e-02,1.296805070404314364e-01,1.777859507023450136e-01,2.711730538415918490e-01,2.272996549465148008e-01,-5.393540726799489482e-02,1.586194690877421876e-01,2.104314277499285124e-01,5.935555165231092695e-02,2.733602611924665360e-01,1.720992214782061935e-01,-1.055851801158353004e-01,3.543412408815169168e-01,3.776192398498574021e-01,2.942378326231119834e-01,3.896841207393680340e-01,3.538910588530206902e-01,2.769089458854672725e-01,1.745141648620868458e-01,2.666065968858726265e-01,3.677312989639436314e-01,2.932540371383096645e-01,3.571425919747336364e-01,4.242466174159812420e-01,5.188448209821817647e-01,5.336316463920525166e-01,4.084295993770663546e-01,4.630330815975367553e-01,-2.951995868606941409e-01,-3.858084193139636464e-01,-6.325745880869746429e-01,-4.366232355515265451e-01,-4.286735595075683025e-01,-4.833705457420349183e-01,-5.282028012441698506e-01,-5.115057792997271813e-01,-3.130303160072794855e-01,-3.524007487278481565e-01,-4.229979346390180250e-01,-2.986885100549646066e-01,-3.785302254655995569e-01,-3.357273828557935103e-01,-2.208131955551210501e-01,-4.579157723651646195e-01,-4.602065183154311900e-01,-5.242911644997297893e-01,-4.276779683190958248e-01,-3.944068607305227236e-01,-3.478542344997109237e-01,-2.788720482886207774e-01,-4.028365867674276179e-01,-4.832191885652234453e-01,-5.472473821789145543e-01,-3.381890479338255373e-01,-5.420628976280559286e-01,-5.998809245452992878e-01,-4.308130376196755984e-01,-4.297863100844194761e-01,-3.228795999447424681e-01,-3.821258134325009048e-01,-4.052854854369793425e-01,-4.682711284083015957e-01,-4.478259086534864264e-01,-6.515712718942464621e-01,-4.008185596969986442e-01
-5.934712799430794661e-01,-4.938338273796208377e-01,-5.150724644711046629e-01,-4.152822612177558548e-01,-6.052979629177454024e-01,-6.354088391371043310e-01,-6.098377254841220729e-01,-6.558767131920140159e-01,-5.850451966578696927e-01,-5.361921300861846040e-01,-5.911473493981419525e-01,-5.188675261387661886e-01,-4.016573158475985061e-01,-4.456704131545550784e-01,-4.095129526951454824e-01,-5.219794953804336446e-01,-5.646465513937256597e-01,-4.946736386890813741e-01,-3.786241075335861628e-01,-3.768162511295871653e-01,-5.438476048298083176e-01,6.009419482406047619e-02,3.863925495165758395e-02,6.373284784415945980e-02,5.501808073450189379e-02,7.022984460926072481e-02,1.296471525182635309e-01,2.160290058903465704e-01,1.298134169323380549e-01,4.312608452221734084e-02,1.559703416854735236e-01,1.790648063561559589e-01,2.077589277421462710e-01,6.565973898369052708e-02,9.962146564521964787e-02,2.117005139743285969e-01,2.791802832895820541e-01,2.526140658888758050e-01,3.652398418805524183e-01,1.646765712197276466e-01,8.326593091628334276e-02,3.489087970707750452e-01,2.133171530131941496e-01,1.041432232025749083e-01,1.199960995961964066e-01,2.055348315697180239e-01,2.193755582152612793e-01,1.982955024703770552e-01,1.766848355576061680e-01,3.246437910417385164e-02,5.464830388961425256e-02,1.295866488149634843e-01,1.730572891017864157e-01,-1.084933103238310409e-01,-2.006437829941825068e-01,1.647537156982638029e-01,3.100380044786811562e-02,3.107314253873399990e-01,2.714492045716092039e-01,1.422400935677826939e-01,3.149760559173545721e-02,1.189283888673508677e-01,1.489779530597417911e-01,2.952196128770994132e-01,3.171318075109851309e-01,1.844614287086279725e-01,2.668811703285307035e-01,3.459208702580352512e-01,2.401979296570079248e-01,1.169315933895958420e-01,1.968679829665138659e-01,1.527630668472186037e-01,-1.616381803011196494e-02,2.544222347091496528e-01,1.494445797431845080e-01,1.525935834666372337e-01,-1.362623793480314963e-03,-3.846826433881240376e-02,8.951660626375609886e-02,1.162986313025371893e-01,2.615627776572926333e-01,3.627300274738727293e-01,1.898748221206911224e-01,3.008779898356680332e-03,5.606697269388382504e-02,1.651339532356949913e-01,1.261791389294036336e-01,6.511196567661640955e-02,1.840850493550534595e-01,1.755404627789473038e-01,3.626331189634657282e-01,1.144816379754589747e-01,1.063174677839897470e-01,-4.918924628970131052e-01,-5.595080942440212590e-01,-5.201053142157282538e-01,-5.855040518979470754e-01,-5.372291716060436650e-01,-4.953664497842747982e-01,-5.129813213789552462e-01,-4.392866050867375582e-01,-4.854776235084251601e-01,-6.314611761209321106e-01,-5.312601455490317814e-01,-4.582264542541238383e-01,-4.736720147488237553e-01,-3.731044157081592760e-01,-3.050861595768228907e-01,-4.560446442320998384e-01,-5.454702453873255807e-01,-7.154650413329529668e-01,-6.601647314987186821e-01,-6.688979826198206968e-01,-6.249914476646059036e-01,-5.813107653533476915e-01,-4.764119891401180085e-01,-5.188357187468517484e-01,-5.209229264982639940e-01,-5.393185604664999522e-01,-5.422193941559743102e-01,-5.263936696901878598e-01,-6.640287066525830673e-01,-6.798058221982785643e-01,-5.109508649318803553e-01,-4.685460081225483742e-01,-5.315779576818486785e-01,-6.231823960198715762e-01,-5.652075627352476372e-01
-4.017529278007245797e-01,-6.198614798955701666e-01,-3.645076105622917506e-01,-5.217888313202979633e-01,-7.250119365146964201e-01,-4.538511951534493494e-01,-2.456486845643023609e-01,-3.649802466165609771e-01,-4.270302133935549027e-01,-4.615790078711586863e-01,-4.784934945936503148e-01,-5.011290321569014106e-01,-5.251399274572126075e-01,-3.160013296819564887e-01,-2.815036905450437055e-01,-2.269721478850775520e-01,-1.657947957499590619e-01,-5.478107009778402370e-01,-3.089709537232024905e-01,-3.229591100428342298e-01,-2.944279551012930485e-01,-2.716324987167764160e-01,-6.211792278787039434e-01,-3.992682433517335538e-01,-2.164281286278211536e-01,-2.579124007442440414e-01,-3.811578140408420357e-01,-4.911142316587985834e-01,-4.234094213079727664e-01,-2.787751139818561152e-01,-2.498455773464327845e-01,-1.761589920722056168e-01,-6.282383178466782736e-02,-4.654790244177776232e-02,-1.726999408831555727e-01,1.427777071020782003e-02,7.315066099085029694e-02,-1.464413229840239722e-02,-2.931524368054028856e-02,-6.330187948745609472e-02,-5.881258360375875988e-02,-1.068040567716470740e-01,-1.798668856627487489e-02,4.491424233384701259e-02,-4.002310852555506643e-02,-1.045415966846633821e-01,-6.063236811952384814e-02,-2.310846784608950460e-02,-9.706720663231335755e-02,-1.042851347211810609e-01,1.619609920854319929e-01,2.460690635439912455e-01,3.156425684486527383e-01,1.040143896167563531e-01,4.999908740070987262e-02,2.609848983853323423e-01,4.379232527146004750e-01,3.573352193614827699e-01,9.387906150733918431e-02,3.588419769265330794e-01,3.114526504667886053e-01,2.231148610956189826e-01,4.173017099478945613e-01,3.698210206568963709e-01,1.632326591916493930e-01,2.511678953343559062e-01,3.865779905077868506e-01,3.704890495100640058e-01,4.504344179755068178e-01,4.088965616113904855e-01,6.377078531177226006e-01,3.829323052190238830e-01,2.020877675692106801e-01,2.996542748476509477e-01,2.031293013649840828e-01,2.337472829174419564e-01,4.660436262670009655e-01,5.406180716131809838e-01,3.542937881536657452e-01,4.743305290213506997e-01,5.204409117628762127e-01,3.882257694556561223e-01,-5.385211945029578368e-02,-4.931308460855024500e-01,-4.509122976536696359e-01,-3.201560774347740335e-01,-4.495279760584992568e-01,-4.929356002239091983e-01,-2.350220235111603329e-01,-5.448272849600270806e-01,-4.394454925406890422e-01,-1.099420636290578263e-01,-4.401384378449091361e-01,-3.555202069739009652e-01,-3.314618158762966393e-01,-1.841849927801838260e-01,-3.013528770795890210e-01,-3.509703147918494248e-01,-3.606344862242906180e-01,-3.676061404106661379e-01,-4.307177036499250100e-01,-4.685689678164217109e-01,-4.810790189351355495e-01,-5.983961072790375813e-01,-6.209132041592415607e-01,-5.243601189882683977e-01,-4.993870450705396591e-01,-6.090094992882986169e-01,-3.288158256057623352e-01,-5.355119507232219966e-01,-4.096662899619558651e-01,-4.529155580444275686e-01,-3.181425293541438881e-01,-2.340561083746894588e-01,-5.994958873843330149e-01,-5.526520689092556671e-01,-5.636850168924166793e-01,-4.551713801421143346e-01,-3.015646287088650235e-01,-4.232960318974612335e-01,-4.793759310873301760e-01,-3.119900691550404059e-01,-3.450091161883003799e-01,-3.953175875048633992e-01,-2.341601833174791480e-01,-1.503403786374913828e-02,-3.731871834248213227e-01,-2.353796067088538280e-01
-3.616796840091581755e-01,-5.228225393899181839e-01,-5.526355865933231248e-01,-5.869099231030787678e-01,-4.829681816679948225e-01,-4.419289705072848018e-01,-2.702827774068619626e-01,-2.712688586925849354e-01,-4.514820548896426033e-01,-6.253981257053710108e-01,-3.832724858815164670e-01,-2.575516841129547596e-01,-5.659035226172601796e-01,-3.731789183110710284e-01,-3.401732507533270500e-01,-3.098392342171615854e-01,-2.004674284943089857e-01,-1.379137672150362592e-01,-3.311086803729744732e-01,-5.260063200031610542e-01,-2.839416837543124461e-01,-3.109236430905319426e-01,-2.757649564276776211e-01,-2.620672993335539935e-01,-5.126842422640037755e-01,-6.252292167539185153e-01,-4.667371324650488873e-01,-3.853834542598539858e-01,-3.797644888141629704e-01,-2.803919413539630590e-01,-2.143482371598706415e-01,-1.812866768493192060e-01,-4.715247757271001650e-02,-6.142595914978887101e-02,-1.555175062565267996e-01,1.352795029045588682e-01,-4.041452711672969822e-01,-3.422332078654785614e-01,-2.084001169846473045e-01,-1.106381730223475295e-02,-3.972698691141603872e-02,-2.618112962111243114e-01,-1.036218454321851251e-01,-2.322222876664426783e-01,-3.004026496745628161e-01,-2.221472364732357818e-01,-1.510051045939778402e-01,1.371252763316360979e-01,3.092612581309840958e-01,7.262819006081551454e-02,2.011896927054618034e-01,1.480347109236025693e-01,2.315803342882191140e-01,-2.122607842722536164e-02,2.205979788830295663e-01,3.021436390563043695e-01,2.729601287441665858e-02,-1.610464256292553908e-01,1.090888063285525705e-01,1.091924865955456042e-01,2.125354645248672680e-01,1.049750103719556682e-01,2.264389127942452104e-02,2.866280245422018758e-01,4.212270331473543239e-01,2.977015012386450832e-01,4.441585801063339112e-01,5.975095184210691412e-01,3.966665571241689836e-01,6.866602674423504249e-01,2.708429680503927628e-01,3.969025518997086333e-01,9.158469072973963732e-01,7.013432454327510612e-01,6.731004765107095889e-01,7.027705905351043780e-01,6.022837069139521660e-01,6.387896923792548698e-01,7.666254419047600077e-01,7.369370959426575773e-02,-3.771807102207377360e-01,-2.882143746494895686e-01,-2.439899228616518589e-01,-2.475986539975282841e-01,-2.889124994061131324e-01,-4.988510153930371116e-01,-3.617435543779840001e-01,-6.436474435187532206e-02,-3.675543668068574354e-01,-2.694218261370193712e-01,2.079941103995768328e-02,-4.718158858251121912e-01,-4.600741982002131136e-01,-4.554894895418624134e-01,-2.639413436161524018e-01,-2.447017210273041976e-01,-2.698831403279350893e-01,-4.089405631488702841e-01,-3.379688437438642667e-01,-4.224327446554680399e-01,-4.774991331071298806e-01,-2.885990019989050359e-01,-2.555541009712736233e-01,-4.815275527716803561e-01,-5.879029881172707084e-01,-3.595659660957495340e-01,-3.447383917266275688e-01,-4.581549049520342587e-01,-3.351109632006600836e-01,-3.756132254443519392e-01,-5.780133665320303926e-01,-4.209020653424347391e-01,-4.688915602042650344e-01,-4.888936276224432609e-01,-2.457742123056678163e-01,-9.419723445504586679e-02,-3.098104938452530543e-01,-3.407366178602544982e-01,-2.265520147636613246e-01,-1.430130849453754294e-01,-2.665772757985656050e-01,-5.750698225105314032e-01,-5.147799713088140328e-01,-5.053004867417554280e-01,-3.549074415952917505e-01,-3.114961026635832964e-01,-5.421606869666072415e-01,-1.289545578859527808e-01
-8.663886444971767853e-01,-6.980229739908891951e-01,-7.007144635734452454e-01,-7.957746311666124006e-01,-9.579925066221285368e-01,-8.577022662946549580e-01,-8.962229595667319249e-01,-7.598285855453326132e-01,-8.333063846332342539e-01,-8.971425402970664154e-01,-7.691536198643653677e-01,-8.260357182530116971e-01,-9.072617326565634022e-01,-7.388978460916710844e-01,-7.955102714397231933e-01,-8.853897961998309363e-01,-8.080326775135769912e-01,-6.407972533770008861e-01,-5.932709688092586697e-01,-6.459880340941612786e-01,-7.312588136527226057e-01,-6.854821284758094713e-01,-7.546136236441406409e-01,-8.434866030793780611e-01,-9.533632024870791755e-01,-3.121005799354201193e-01,-1.680635464673677637e-01,-3.463397822007754367e-01,-9.465190453462993259e-02,7.904579826237258244e-02,-1.160694789333292926e-01,-1.132155482629069870e-01,8.134716435556443859e-02,-1.085190234434667694e-01,-8.473777553061728404e-03,-1.221773223333864899e-01,-1.086611265687037892e-01,-6.514901879067805379e-02,-8.349549387517783694e-02,1.027448647126735226e-01,2.353007651923535726e-01,-8.346385238981401944e-02,-1.076719641386916781e-02,1.269984333270925414e-01,2.442120226864277488e-01,4.913541535406312083e-02,-6.499444854286143269e-02,-2.611795332441601072e-02,-1.225567095990430094e-01,2.688628848471062011e-02,9.691422819257174137e-02,1.824898231912892160e-02,8.641487964903424301e-02,-3.047149065629068884e-02,-6.212174641423463817e-02,1.670364333459205264e-01,3.339331084188156273e-01,7.618352537228378213e-03,1.100772548705250889e-02,-1.394340204100085190e-01,1.663838503104116823e-02,1.873942093905098596e-02,2.654594112280641779e-02,2.697783268334085632e-02,1.449856460323383223e-01,2.787458592968132809e-01,1.644904874432837893e-01,6.128470151649692554e-02,7.661931337231168981e-02,7.428065660353048993e-02,-1.305296054496872526e-01,4.978516765401199556e-02,-1.085464802723717925e-01,1.724421968689494045e-01,2.553914593287505697e-01,2.217269255198643180e-05,1.814256089309445874e-01,-3.995656397194054937e-02,-6.737148347790866687e-02,-6.562104319940256780e-02,-1.135935959273263324e-01,-5.509391729799843068e-02,7.628987064950969177e-02,1.304106054160637795e-01,6.481682754653700362e-02,6.275849139147298512e-04,5.178655318466100083e-02,2.249924062697590196e-02,-6.217738136882159511e-02,1.282705072568980087e-01,-2.507357251108547486e-02,-1.068602210799779739e-01,6.394811860082380561e-02,-3.673603396773871682e-02,1.007459454668458154e-01,-9.991364911245284586e-02,-1.300202132339771388e-01,-7.032779533787322790e-02,-4.311894731249297369e-02,-1.125076760301094159e-01,-1.295121589828073794e-01,-1.700975447969948484e-01,-1.250453281315171694e-01,1.045019573369593002e-01,-3.651136079220674430e-03,-1.079472996924378536e-01,-8.659468692500384146e-02,-1.704283457391520817e-01,-4.617567145702995007e-02,1.717213323721950013e-01,-1.082283517306475290e-01,-1.409714267961437867e-02,1.176640135791122282e-01,1.665581395724850811e-01,3.203118778659221760e-02,1.074924197817006023e-02,7.923891280670523896e-02,3.568927769768970998e-02,-1.283134536355162170e-01,-1.152046397472713257e-01,5.077857187191699845e-02,8.046865805467810773e-02,7.462673023325565314e-02,8.063061863934536944e-02,-4.288157170964954773e-03,-8.715980096361970464e-01,-9.192512312618383863e-01,-8.026499673555007597e-01
-1.504013851121305256e-01,-5.498661425492153976e-01,-3.781878942192807846e-01,-5.180890106592185296e-01,-6.249086617404145949e-01,-5.235209686432530374e-01,-5.173742442404840602e-01,-5.459874965048376882e-01,-3.938879213814875935e-01,-4.387131475315611540e-01,-4.544637234377517099e-01,-2.667941052103139921e-01,-2.592676123744929728e-01,-2.816086787525610147e-01,-3.872560214106609000e-01,-5.301872534331949494e-01,-6.556621132539471875e-01,-3.496224690839381810e-01,-3.715583051887908494e-01,-3.593216735008682994e-01,-3.128988400500150591e-01,-2.158592704756572556e-01,-2.430910414117373464e-01,-3.189442318526674591e-01,-4.854616272230779517e-01,-4.854130263731992745e-01,-2.619855486900189989e-01,-2.564393476653574200e-01,-4.042975022205435032e-01,-4.628214021697534264e-01,-4.598241635397183336e-01,-3.598205617960209546e-01,-3.095754463369342346e-01,-1.538927270817473936e-01,-2.206999432419224916e-01,-1.429185695158969038e-01,-5.775525646154571618e-02,-1.807865145594985679e-01,-1.431941052448601759e-01,-1.592857668381603975e-01,3.385308981247669990e-02,-2.680447772518330593e-02,-1.359941897011763545e-01,-2.729819895018392381e-03,-2.086986860389558052e-01,-3.235603055137826756e-01,-1.144903151230396710e-01,2.238185515036095544e-02,1.294766100428230704e-01,2.316597874134525281e-01,8.895908637870982016e-02,1.015410211611001978e-01,1.424064893422407885e-01,-7.808102534110100690e-02,7.447705185856334786e-02,-4.546356438522111514e-03,-2.646142338795239371e-02,-1.880714032567542549e-01,8.717472371834078526e-02,-8.223998105771390676e-02,1.921616137485148978e-01,3.616500432282271915e-01,2.398807498606238819e-01,2.526191968441268698e-01,3.260966456565517202e-01,1.246754769274251023e-01,-2.338071715290869490e-02,1.867943090326975031e-01,2.977869101230173898e-01,4.009168496010079852e-01,3.485876692421843726e-01,4.450882644577696667e-01,3.526086722978071797e-01,6.213763314858947728e-01,6.818176616821377545e-01,4.492726663512568996e-01,3.359852947388827782e-01,3.939408410685344974e-01,4.488171060509368315e-01,3.487535412457845041e-01,5.535358565827999122e-01,6.388517755219718097e-01,5.779406239713621440e-01,6.098535753786719082e-01,5.846190855205212200e-01,6.094128693637027583e-01,4.611626078028474018e-01,-4.381448086365994365e-01,-3.790174414378664203e-01,-1.506299760098517571e-01,-5.052546609401409317e-01,-4.447917900762989873e-01,-4.549380316312603423e-01,-4.839079517161649080e-01,-3.755458135554226584e-01,-4.253742053448984484e-01,-2.668430223275181090e-01,-2.885400708541021597e-01,-4.787459858433856796e-01,-5.901654663551493263e-01,-4.973080241376734989e-01,-4.155591345289872396e-01,-4.459661002798566698e-01,-3.974048980169621603e-01,-4.204159171865173850e-01,-6.594529756934629505e-01,-6.046979901262483637e-01,-3.519734400462160573e-01,-6.833151014664322620e-01,-3.188699862222691972e-01,-4.724409640521812226e-01,-3.636813134583968821e-01,-3.789162052555340443e-01,-3.493001938695483033e-01,-5.665891594816976351e-01,-5.827496324517935644e-01,-3.878292879765053436e-01,-2.789586712442208016e-01,-2.797123059515446708e-01,-1.594922685601046497e-01,-1.085671645914683403e-01,-2.660627828809853934e-01,-2.378466234270139590e-01,-2.354850970761202533e-01,-2.506277721454948093e-01,-6.487230485054145124e-01,-4.446210443448059269e-01,-3.891405892768170505e-01
-3.154042550589984950e-01,-3.139794192542740836e-01,-4.079595070051904027e-01,-7.022268049883289009e-01,-6.539476074449815934e-01,-4.989240316612844062e-01,-5.166741601974474962e-01,-6.104486283429645388e-01,-2.277510297918512172e-01,-5.388021356819699959e-01,-6.294999625436017432e-01,-3.845624210856357639e-01,-4.541645703408510593e-01,-4.359447796458529312e-01,-4.104126687566617138e-01,-4.796312468826244291e-01,-5.988399448190682151e-01,-6.891291927795868411e-01,-6.099615367957967882e-01,-4.770403069956998809e-01,-5.582160582965659534e-01,-6.447490868834380162e-01,-5.610048438094960011e-01,-4.693587227859687405e-01,-4.309861878583819972e-01,-4.262368565126765652e-01,-4.541422309251002543e-01,-5.206098619952989059e-01,-6.250842730061285657e-01,-6.691607651544947410e-01,-6.274625746347103350e-01,-5.420102614353514703e-01,-4.216513545927868534e-01,-3.445883554638414781e-01,-3.110235355323161532e-01,-2.965259031721153571e-01,-3.150959472188602506e-01,-4.641303936420019816e-01,-6.359223434861104307e-01,-5.022720991686119296e-01,-3.791056579061974907e-01,-5.901803071901486897e-01,-3.180976400934452664e-01,-4.084497754710830209e-01,-2.940914741067238158e-01,-2.581455132651343520e-01,-1.565675569283196122e-01,-2.355071069825366847e-01,-4.874572973736110981e-01,-4.763767412331658679e-01,-5.128122236355331376e-01,-5.091667623871561910e-01,-2.576920791964246726e-01,-3.440272216771125824e-01,-3.563641295886803562e-01,-3.649357312671470677e-01,-2.519596010387232798e-01,-1.319766133721395618e-01,4.363342785575129862e-02,-3.784669493757881198e-01,-4.563478104325945917e-01,-6.867384990491116892e-02,-1.444955967420524789e-01,-1.295807046089679782e-01,-1.627140146460087644e-01,-3.204694229124721017e-01,-2.540708395397687780e-01,-2.039915611473473167e-01,-7.172014590958705749e-02,-1.880512876751639847e-02,-1.106548772549273245e-02,6.008668046647335642e-02,1.298911506212311606e-01,-3.379156912100197366e-03,-5.360917957570207615e-02,-1.841778390279422972e-01,-9.036109362341268603e-02,-2.572322235050245043e-02,1.337964115874408499e-01,2.009856069215482099e-01,5.929828874756074703e-02,4.688036582761047344e-03,2.642992388167006435e-01,1.556732504283938612e-01,8.208386761847190349e-02,3.949067408461207074e-02,2.241178985687416747e-01,2.675232838933654933e-01,3.921602571358435707e-01,-2.499923071491653714e-01,-1.247283317413232055e-03,-5.825724069354622225e-02,-8.365840328447114727e-02,-1.088581019586479758e-02,1.338556102668203851e-01,2.594010445931136943e-01,-1.432413124117583314e-02,1.893136153951098521e-01,8.982280553273751245e-02,-4.285847731407717992e-02,2.221523479750310559e-01,2.569039086296155405e-01,2.541179051523331234e-01,2.575405547821880137e-01,1.884536376475697828e-01,4.320943874217729186e-01,6.506186526825368244e-01,5.012085915540721581e-01,2.201695817805230659e-01,3.288705694719968875e-01,3.876682966949627357e-02,2.871762107609184267e-01,3.983549038961106681e-01,3.838415563623487348e-01,5.448473458623991350e-01,5.528336986654172058e-01,4.604838273614273447e-01,6.886909647441653570e-01,-7.653844192871994689e-01,-6.130155198696398688e-01,-4.277548345027735177e-01,-4.274419617072476307e-01,-7.043023582222895929e-01,-6.893026306768595957e-01,-5.604161099371383070e-01,-3.620497461430859376e-01,-5.137516358193966459e-01,-3.645773827472698070e-01
-7.634629745207480722e-01,-5.399399428200626350e-01,-9.698142343172976021e-02,-5.144494000590222882e-01,-3.125590056137366179e-01,-5.516804958016007232e-01,-5.923379785029370126e-01,-4.809457047114950035e-01,-4.370216305541782531e-01,-4.777207764988895544e-01,-5.511913200989205786e-01,-5.232922931810446432e-01,-4.136599400990141340e-01,-4.668305967792675815e-01,-5.699570718147510817e-01,-4.358686718638005164e-01,-5.085475444075718832e-01,-4.833133970661688816e-01,-3.235804135348602228e-01,-5.417709283923671792e-01,-6.130558014362452735e-01,-5.214892066682219607e-01,-4.969613048485861384e-01,-6.015231372618776717e-01,-5.822656208347050111e-01,-6.594990121417445561e-01,-5.445691830730197136e-01,-4.789076883795145845e-01,-4.806258883063616039e-01,-3.376139572595872052e-01,-3.672266358466156344e-01,-2.900577826971328932e-01,4.720174224700378063e-01,4.830495448564477434e-01,5.836077614980335060e-01,5.788113080007121214e-01,9.039726326173508353e-01,3.636883455005274768e-01,4.489243602887740825e-01,5.578044913751666334e-01,4.101807925354751250e-01,3.030106885457506394e-01,1.634132496178907767e-01,2.356242478519033068e-01,2.601445091354924188e-01,1.860003966664483810e-01,2.559490328736207521e-01,1.261075279822297945e-01,-4.348682366514819431e-02,2.877222840001600890e-01,2.659215061340350350e-01,3.025586530870948976e-01,1.588367275798694689e-01,-4.231176567866360566e-02,-1.100454912559698240e-01,3.897276395649609815e-02,2.408353472084921454e-01,1.255634746177113348e-01,6.117351739734846333e-02,1.575744493005828278e-02,1.251143464171995401e-01,7.872633847561948117e-02,-1.203198972488263713e-01,-1.744530582998605195e-01,-4.107042418865772260e-02,-1.154417685431984551e-02,-4.371146393687009440e-02,5.877817884980612168e-02,4.454579993375568786e-02,1.067941475152099085e-01,3.661484469539151576e-02,-1.268061184189162027e-01,-6.374645923205699005e-02,7.852612911140696705e-02,-1.603260480550582623e-01,-1.729475761424734415e-01,1.256767831562067596e-02,-1.044425981594876568e-01,1.092841193116486781e-01,-4.518053824878794783e-02,8.243002291023796002e-02,1.773236713991341029e-01,-3.482448111951340353e-02,-1.358278008348190735e-01,-1.289391722692299902e-01,-2.687964727299092527e-01,-3.067590679217109262e-01,-7.113769465067742992e-02,-2.317475178568604854e-01,-2.652269967945920515e-01,-4.284301099524203682e-01,-3.082532464346029455e-01,-4.400129680646496788e-01,-4.256315535874569123e-01,-2.800536222201587822e-01,-3.354755896368404877e-01,-2.047479775799744550e-01,-9.808476825402827337e-02,-1.599808847847835336e-01,-2.369502785050373039e-01,-2.749031050602914750e-01,-2.449184262285915015e-01,-2.949901088760542023e-01,-4.935874178409507818e-01,-4.901562278889934898e-01,-4.596796675261059506e-01,-4.404626379603810982e-01,-2.248956039689974096e-01,-4.014231877826736627e-01,-3.405432552064840968e-01,-6.916819178860593720e-01,-3.545382859301239864e-01,-3.990423398796037469e-01,-5.023286684384341561e-01,-4.485477715061431114e-01,-4.598608241130500152e-01,-4.198762130994398434e-01,-5.998771325088523287e-01,-5.558514378572617654e-01,-3.649131944240183167e-01,-4.654452478660485171e-01,-5.469940290872693511e-01,-4.669547586190019861e-01,-3.856650767062449470e-01,-7.235596255772621666e-01,-6.476005584297266360e-01,-1.481217244207868322e-01,-5.287504807668967910e-01
-4.276620802538629862e-01,-4.745864466844925689e-01,-4.909456797787903337e-01,-4.696475738399147337e-01,-6.576652238559250740e-01,-4.974838384147849957e-01,-3.593409528670096775e-01,-5.866142600751442782e-01,-7.353519349461588028e-01,-6.567819068597430254e-01,-5.669735078713843413e-01,-4.480367181974705404e-01,-3.494744416309092938e-01,-2.356133142449906570e-01,-4.369272298123100251e-01,-5.401827035472992478e-01,-5.439504466726619025e-01,-4.624545857614527633e-01,-5.481178000328811306e-01,-4.740597723071497960e-01,-9.003403229247385342e-01,-6.015182394649352116e-01,-7.198691024789369841e-01,-6.154833248916801169e-01,-5.784813074875734262e-01,-6.897549897821289022e-01,-7.247144478407810952e-01,-7.007864146870967925e-01,-6.560852935454823953e-01,-6.028359624219201685e-01,-5.173641028779806250e-01,-4.291748616747771417e-01,-3.911822651080224533e-01,-3.945550690072492928e-01,-4.598289850972354098e-01,-5.228255980916608481e-01,-5.278429542180508305e-01,-4.876552140038823424e-01,-3.976780906006326388e-01,-3.742762857234106511e-01,-5.216943298327466616e-01,-5.777584154808260708e-01,-4.806352494261341701e-01,-4.222333340360081566e-01,-4.104616982191320873e-01,-3.751001272110203733e-01,-3.220269363897708126e-01,-1.560689101675057644e-01,-4.573347845894799590e-01,-3.324411463823177537e-01,-3.849454678777008421e-01,-3.214401726320652020e-01,-2.255654250036708275e-01,-2.025123532384509872e-01,-1.871566655478664742e-01,-2.057583623035151299e-01,-2.845601678260709644e-01,-1.661950837466259767e-01,-3.267291120797414794e-01,-2.725474750660528689e-01,-3.621158039921802962e-01,-3.666534283207372735e-01,-3.407223602041895005e-01,-2.189314251356060115e-01,-1.109500946939455807e-01,-2.011812888973481955e-02,-5.461104126154636002e-02,-4.591658254073367057e-02,-1.833771285877223711e-01,-2.040188382568999814e-02,-2.445867042374907582e-02,1.421914020200582994e-03,-5.206742457756705078e-02,-3.014730952705141701e-02,5.643115212532064107e-02,-6.030582996479526975e-02,9.795450232750396724e-02,1.076083963319849901e-01,-8.746799759567797095e-03,9.107361686326696792e-02,1.734228294823126487e-02,2.295940106030870675e-01,1.254202901294963202e-01,8.794624948896968830e-02,2.311046689400566567e-01,2.258731961798695898e-01,1.368805811606481626e-01,1.160607424059854620e-01,-1.760364180252756844e-02,2.223623862333681811e-01,6.448509484329438546e-02,1.809898180709533233e-01,3.016251837783505696e-01,1.750606710044382286e-01,8.103861070868946526e-02,1.783219319585807872e-01,2.854746047737655723e-01,2.194163343300654379e-01,3.576490531634061720e-01,2.749766856203503806e-01,2.062114877050571782e-01,9.854075893162587974e-02,3.310210695669083547e-01,4.725657972768431137e-01,3.114872719554616642e-01,3.584838799707085744e-01,3.850251278551859446e-01,2.522748434860786482e-01,6.816228629272290673e-01,4.857109285873841831e-01,2.734987161688779422e-01,3.353272646223858788e-01,5.354907853345941549e-01,3.855094486887827854e-01,4.861421236462273865e-01,2.403846258067310893e-01,-4.491137286694433239e-01,-4.178481092236640548e-01,-6.637302439126867570e-01,-4.404291571181740417e-01,-2.951098741469135311e-01,-3.508915566675304132e-01,-4.323985173187329667e-01,-4.333053761400164072e-01,-4.733642279135831243e-01,-4.553517315202066928e-01,-3.940189011337540403e-01,-5.346602949207102107e-01
-6.909710403462996364e-01,-4.227289438852159242e-01,-5.489060839790780300e-01,-3.358754379853982064e-01,-3.904800275237806373e-01,-6.568702945014980310e-01,-4.378241559027502006e-01,-4.657314109813054936e-01,-5.526548221821090401e-01,-3.638410447585390117e-01,-3.305665695054312847e-01,-4.586041700629692186e-01,-3.938431860437837662e-01,-4.294528634892126884e-01,-5.378079670310186300e-01,-4.288613667413002095e-01,-5.721009375448786738e-01,-2.648303121953083927e-01,-4.383220799690836778e-01,-4.911234254414698630e-01,-7.169388496986458525e-01,-6.392950549431934970e-01,-5.948886080729163250e-01,-6.651026393725841812e-01,-6.016560613969995641e-01,-4.481271172189904561e-01,-2.530174156160216459e-01,-2.446535351675003522e-01,-3.085193545090094136e-01,-2.350187103018618329e-01,-2.335654669781129233e-01,-4.878204896908087673e-01,-7.008767532528252797e-01,-3.831380059003132721e-01,-1.874058897722802319e-01,-1.143397699510455001e-01,-4.796794802122592571e-01,-6.600494384811559367e-01,-3.110576011754401238e-02,-2.600452877875431001e-01,-2.049109391199999963e-01,-9.027652303292263425e-02,-1.458242870422642445e-01,-1.820313731834099780e-01,-9.276674483600562404e-02,-1.572495287842687051e-01,-2.598336838233082924e-01,-2.841588037219737739e-01,-2.627521326315011008e-01,-4.771725555074802366e-02,1.040809891893872685e-01,6.106175893401903643e-02,-2.301430838654254518e-01,-2.579979775456400781e-01,-1.714755571464541273e-01,3.676200954762916945e-02,-1.994734858092675756e-01,3.628870760466997025e-02,-2.167527540009415721e-01,-9.135816786183169336e-02,-5.795425056523579449e-02,-7.266937268772627467e-02,8.122037086247184401e-02,8.841212479328730556e-02,-1.498708761272736847e-02,-7.646943891980630126e-02,-2.002399530017089785e-02,7.375765200601044902e-02,-1.854771877510072442e-01,-9.706594402655388532e-02,2.232158183035174576e-02,3.989348671514197364e-01,8.572930459958161276e-02,9.399719676829268455e-02,1.953034661928930160e-01,1.749739070608354319e-01,2.000932999650773814e-01,6.528397690215638483e-02,1.724626994242425271e-01,1.703909764540420257e-01,2.782825865364587092e-01,2.728547692786200130e-01,2.409118522997781842e-01,1.733738346928457574e-01,-1.187997117303614056e-02,5.896023516617680121e-02,2.410304810612187432e-01,2.896421325638101063e-01,4.392166042797580605e-01,5.006858015816930685e-01,4.483082182205841426e-01,1.051981314052047589e-01,3.659194407263299254e-01,1.441960424792085027e-01,2.102889075675105635e-01,1.636052868598362742e-01,2.986974057495226931e-01,1.958434054770715194e-01,3.635844887649197221e-01,6.192885540058998828e-01,7.071560324298966638e-01,5.679938917393558828e-01,3.792743333878583201e-01,4.627410770086596292e-01,5.446815811784466721e-01,4.726909141481894783e-01,3.664169889190394547e-01,-5.153587302054659647e-01,-2.568326303167168256e-01,-3.625647912330045575e-01,-2.530166187209052508e-01,-3.275411803084942175e-01,-5.247988257429458958e-01,-6.638460579544021023e-01,-3.865214129196992143e-01,-5.951646315767633588e-01,-4.866999629417338435e-01,-3.777335210894833262e-01,-6.494857088801683220e-01,-6.974452403225253061e-01,-3.822852891000712017e-01,-3.160460134495951534e-01,-4.086790051868919305e-01,-1.665114842013109553e-01,-2.501560015549675886e-01,-4.242029546574667687e-01,-4.349673221367146847e-01,-5.989658769233148217e-01
-6.743660934504760451e-01,-5.819357961785454059e-01,-4.726054660171065125e-01,-6.657935788470786820e-01,-6.305016804664232977e-01,-7.386156959384251319e-01,-6.675342678753855008e-01,-6.663902183299189597e-01,-6.546824918522123893e-01,-7.388968405716875854e-01,-6.520022546923815998e-01,-8.359412170865698766e-01,-7.008538835205678774e-01,-5.280818646288948370e-01,-6.673103506662594331e-01,-6.634066915944726306e-01,-5.952104217561824395e-01,-6.035786450542903747e-01,-7.330688501463730189e-01,-7.007809493702582548e-01,-6.240767059460970989e-01,-5.920163517087693172e-01,-6.218341381365486420e-01,-5.525193996229054161e-01,-7.617788151972761934e-01,-7.760873223682299704e-01,-2.757369779403282539e-01,-1.033573897405757301e-02,3.181730363377290732e-02,8.841916558522647240e-02,2.178679505596612664e-01,6.280595000918506865e-02,1.069822378576095606e-01,6.710340332708118749e-02,3.983135767699477747e-02,8.837665454494038342e-02,1.049319971946417462e-01,1.070963117069699960e-01,1.179801930940713173e-01,4.765778027550356122e-02,1.824705463736347455e-01,9.373630349438337450e-02,1.216182843708457917e-01,4.110361260605980421e-02,6.192898902629519892e-02,5.317942605477186946e-02,-1.719672244829256041e-03,7.278078450009314859e-02,3.111976646440191979e-02,-2.294821231296533329e-02,1.263477164925052021e-01,7.585571792909853728e-02,1.890655838006483763e-02,9.141276453874042085e-02,2.628427758264605466e-02,-6.015676073529808987e-02,9.632390839291614382e-02,7.496043623619369489e-02,-1.073019033073212003e-01,3.199321329511663481e-01,2.502515835208879436e-02,1.112310642744191169e-01,1.377579557914087316e-01,-2.312404794074081685e-02,-1.080847081442641300e-01,-1.452260296650283167e-01,-3.751232434182904391e-02,1.515451602602254644e-01,1.272824733629340788e-01,2.613441869233903980e-02,-1.829886296856523750e-02,-3.837483850562584120e-02,-2.926155911304526708e-02,3.892656814278264155e-03,6.691083408549459988e-02,1.146192774550586768e-01,1.158489347892667637e-01,6.312122063148811746e-02,-6.482936146497844665e-02,-1.196867672872197752e-01,-4.445429854122441571e-02,1.818193673283281103e-02,6.016047323060797619e-02,7.369760892204242630e-02,6.475943400857354926e-02,1.184228955999733213e-01,2.057579948512305856e-01,7.092354585156795954e-02,1.183092170720266983e-01,4.863461561384260778e-02,1.299611099501563616e-01,1.119429767833527850e-01,1.830515605686418579e-01,1.102044654094744974e-01,7.107004654525377052e-02,1.427126150165597407e-01,7.997237532769464752e-02,2.559194547288539887e-02,8.221946171921468149e-02,1.682746945920984005e-01,3.197797912935543829e-01,1.019100829003442843e-02,1.014899526955236053e-01,1.642381154061394455e-01,1.087228091457840690e-01,-1.183597385471930538e-02,3.045692630389007505e-01,1.261747500654571974e-01,1.371767899897006204e-01,-5.461664266762914638e-02,5.226139166182783985e-02,1.680054351993771067e-01,2.376836428243004617e-01,2.333113667001696923e-01,-3.960707982287855478e-01,-4.594123443044435540e-01,-6.253900903236289111e-01,-6.643122460147949937e-01,-5.972011120484687074e-01,-5.817002583751700318e-01,-5.680754892187789284e-01,-5.718178965819130655e-01,-5.476223499534650374e-01,-6.740754596648177444e-01,-7.751595595765277125e-01,-6.271514784522619346e-01,-5.208609236045941282e-01,-6.401118993380656708e-01
-5.002155957454805790e-01,-4.055512994725372078e-01,-2.478354167496431004e-01,-4.034839030982347308e-01,-1.955566466386540470e-01,-5.232565366242623028e-01,-5.863959172014977517e-01,-5.847211445245836803e-01,-4.643090217247802798e-01,-4.836252573475275929e-01,-4.894945726903161543e-01,-2.847007902912768174e-01,-2.149662021329996064e-01,-2.569067098706692143e-01,-3.507566859974982076e-01,-4.350950823561430258e-01,-5.931697004027159936e-01,-6.007644780694557651e-01,-2.355239724494384013e-01,7.918638646457735186e-01,7.137986596933983963e-01,6.090254162647084080e-01,6.931121168982132819e-01,6.428443097045778432e-01,3.347038400806753855e-01,3.815650704467341003e-01,3.967318207795440532e-01,3.691473253828926326e-01,5.119539436621879380e-01,6.751575367852007403e-01,5.920581995759202076e-01,3.399266252727982662e-01,4.248219752142041172e-01,4.701182109935137521e-01,4.426730983360640526e-01,5.580648174406602768e-01,6.844212598701263084e-02,2.608644025168478375e-01,4.617423116504300040e-01,2.681819518680175762e-01,1.598571866848614020e-01,2.668168429025911670e-01,1.356384338671455525e-01,2.386700869523757096e-01,1.704863367015324316e-01,1.535481872706747630e-01,3.490248654232480097e-01,2.734253629339224445e-01,6.846300883330308507e-02,1.950927133952356785e-01,1.148310802103952311e-01,-2.909389535948263550e-01,-1.396426371785345899e-01,-9.404284066451722157e-02,1.309597951726066412e-01,-1.771050177798861869e-01,-2.289928182854684691e-01,-1.540959182031949037e-01,-3.493760519196261738e-01,-3.178249029267936621e-01,-1.868722565113930534e-01,-4.765918653102043656e-01,-4.605843043209549292e-01,-3.459494068075591455e-01,-3.844425585729796535e-01,-3.059938859146467682e-01,-2.686431601494487231e-01,-3.389905129925800953e-01,-1.785033458719919308e-01,-2.837574029479703608e-01,-4.076970484218129798e-01,-1.488215562768052391e-01,-2.821558006095443716e-01,-2.205064490125647481e-01,-2.869154568326544585e-01,-2.515491310011581105e-01,-2.777502022157743444e-01,-1.608224756748945494e-01,-3.185966542046045347e-01,-4.709978378078118477e-01,-4.856448967045477461e-01,-4.763640498776478549e-01,-3.091719557237251337e-01,-3.367467554838425858e-01,-5.608158121157684750e-01,-4.863770357958699941e-01,-4.686697839768290130e-01,-1.669717410416682035e-01,-1.106890560174856597e-01,-2.128559961913915888e-01,-4.750128475848948151e-01,-7.329378265034850459e-01,-7.589885677517347329e-01,-3.232655977439932715e-01,-4.799483529427646111e-01,-3.027004884059175671e-01,-2.954655254889835270e-01,-3.844642864128439141e-01,-4.015627054784582373e-01,-4.029058799783004075e-01,-3.372913349978049480e-01,-2.256527603748514077e-01,-3.630757596940291099e-01,-5.745727659777297713e-01,-4.244634149433142989e-01,-4.047544739866238972e-01,-9.062524298679974777e-02,-1.604266726711302549e-01,-1.816328420858516202e-01,-2.425583565733817337e-01,-5.100606630828907750e-01,-3.164809710390579234e-01,-2.651225627415694786e-01,-2.805396329559550206e-01,-5.224342050805067528e-01,-4.081241383200254758e-01,-2.790878324806088107e-01,-3.994702629633947732e-01,-3.577952283019469881e-01,-3.107846642016816596e-01,-3.370440257466982836e-01,-2.580185272479535441e-01,-4.238229689106202125e-01,-3.994305294065969569e-01,-5.520566950620444668e-01,-4.409744749856598922e-01,-1.256982716081332108e-01,-2.181127901166374228e-01
-6.888632360004007804e-01,-6.866858760626622926e-01,-5.676319379588676828e-01,-6.110231670006057714e-01,-4.637016234612839072e-01,-7.312149783899072331e-01,-7.734739773474187396e-01,-6.320190458000746192e-01,-7.308687837494900474e-01,-6.667662320604571535e-01,-5.832356893718499968e-01,-6.343297448799994909e-01,-4.835551348587559528e-01,-4.133685635141377546e-01,-4.271268464690723410e-01,-6.344134553388977027e-01,-6.568615898444090107e-01,-2.074844333224287740e-01,-6.519794815761251749e-01,-5.170506357989079760e-01,-3.541933396805687084e-01,-3.715056065122605555e-01,-6.126729127636839634e-01,-6.422124192566003309e-01,-5.239270577001929885e-01,-5.554380394260931553e-01,-5.905345372123088632e-01,-6.914555126733329393e-01,-5.154598622282726694e-01,-3.725835131231242103e-01,-6.148895162123525493e-01,-5.693651061167841476e-01,-6.368924256820175378e-01,-5.098903169542696734e-01,-4.318825199722257091e-01,-3.476423734780172969e-01,-6.391408688317604669e-01,-4.958584133512811132e-01,-5.286167397565154635e-01,-4.722637259916193653e-01,-3.597080488444118762e-01,-3.990021695686445380e-01,-6.158517280450601650e-01,-3.622283512690874230e-01,-3.222015157275053276e-01,-3.236797923227175966e-01,-2.684301434791924179e-01,-3.544675754202885609e-01,-3.401103394653730572e-01,-2.143407751595463595e-01,-7.975965521079395049e-02,-1.087060866490529090e-02,-3.759043597529971859e-01,-3.610703934935390325e-01,-4.801766641694463766e-01,-2.824940541622643631e-01,-4.040867100912263754e-01,-2.940865217155100853e-01,-2.101110600332824208e-01,-4.145247462793245075e-01,-6.161908120649750575e-01,-3.577027032555260000e-01,-1.166202749988421022e-01,-6.908852899645752388e-02,-1.261062119714928820e-01,-2.464505480904374823e-01,-2.713299218965402604e-01,-3.057100582221987106e-01,-4.935941764303520274e-01,-2.505630191109293192e-01,-2.968732447441333466e-01,-9.103386453260754740e-02,-2.009605839720267906e-01,-6.355623237914620471e-02,-5.288324087002271162e-02,1.513402148985928120e-01,-5.863875777002167111e-02,5.701254069317086837e-02,-4.936882654072253379e-02,-7.271646808928314276e-02,-5.403046920084241325e-03,2.858006914214198876e-02,1.089247562671303432e-01,1.700264742141625873e-01,3.741270093131937591e-02,-1.322941093055921835e-01,-6.932092290044630789e-02,8.691012106394052639e-02,1.593309368289376193e-01,1.473939485103176184e-01,9.890889602288815974e-02,-1.340464305209359552e-01,2.881146560372177534e-01,1.497348132463759141e-01,2.501255815597626664e-01,1.494966710018280354e-01,1.074767044756196471e-01,1.706873406558938044e-01,1.044543167855651739e-01,6.748179641069255996e-02,4.706661381159812224e-02,-4.594308318837714983e-02,-1.129412191352708594e-01,-2.694832482020209294e-02,2.132517828876660804e-01,2.932389783509777303e-01,2.409058353769329142e-01,7.216498228689884054e-02,1.592089122642460775e-02,4.312827554771224703e-01,3.777126911951045884e-01,1.574893684348945833e-01,2.212592622856666136e-01,3.139006892482690270e-01,3.549735083357754561e-01,3.286279627866823261e-01,3.493907860664360321e-01,2.266354288334407052e-01,1.235929763673111886e-01,3.359269825651116648e-01,5.057790435757550940e-01,4.018221194402026297e-01,4.554493686149314602e-01,4.268383169413965117e-01,2.017982982725345653e-01,2.599066629119520799e-01,1.102794535559259437e-01,-3.163554353945490227e-01
-3.590099663269877839e-01,-5.016917262648569187e-01,-4.627725693225432924e-01,-5.890240260363472924e-01,-5.359965349854998173e-01,-5.948751673487460145e-01,-4.210847094533372581e-01,-5.912005742807509012e-01,-4.339031030484021279e-01,-3.016711040014344869e-01,-4.203218935358811748e-01,-4.435665366511771790e-01,-4.206687078269265023e-01,-2.646713921830086691e-01,-2.999734375373714346e-01,-5.491098662097896321e-01,-3.380302233057562167e-01,-4.083849801144832092e-01,-5.503477146009611021e-01,-5.860545079130820012e-01,-5.889384615526417344e-01,-5.546174070157254832e-01,-2.993644687541671123e-01,-5.972201271081173379e-01,-6.417126565696521512e-01,-5.371634186693452495e-01,-4.789573390081132698e-01,-3.940190951869347313e-01,-3.493586937252803337e-01,-3.992441378861031342e-01,-4.423311437562288395e-01,-3.820453816596715013e-01,-2.654102475022026009e-01,-4.776802574132287815e-01,-5.448495160412640814e-01,-5.313241523469012240e-01,-2.429513668027328543e-01,-2.452309007096462046e-01,-3.106073714052677293e-01,-3.000976357638477920e-01,-4.515588696788178646e-01,-3.280642620260823539e-01,-1.536174547984543171e-01,-2.347556219812269862e-01,-3.638810988108870381e-01,-3.640920896372956128e-01,-2.733367938964752497e-01,-2.254306214438146216e-01,-2.664386608054451488e-01,-2.518492605596193146e-01,-1.843751155528572383e-01,-2.542002369926498195e-01,-1.227060945918303503e-01,-1.872676206485835160e-01,-3.798149603389694429e-01,-2.019197460578052439e-02,-2.099983917201987405e-01,4.770056080420635725e-02,-1.434855073542562476e-01,-1.156316100761026061e-01,-2.007693936208624352e-01,-3.463264064913583185e-01,-2.953841771383923231e-01,-2.282357713977586910e-01,-8.805750646655105540e-02,4.318256611726807581e-02,-2.829366607260980909e-02,1.713787192065076639e-02,2.518130892279669686e-01,2.654492137376710525e-01,-5.353013596412634079e-02,6.871105048013402550e-02,-3.710145507902005979e-02,5.954780050368510547e-02,-7.977683003578692200e-02,1.407984610770092737e-01,8.042181325441263851e-02,2.482125225071623864e-01,3.533978619199031335e-01,1.317961941136585602e-01,2.091135419502426485e-01,2.870482673335408852e-01,2.772109558370877691e-01,4.019990666050505257e-01,5.054383267963984405e-01,4.373460879253263656e-01,1.165207462494702584e-01,-2.529250199563221058e-01,4.392962850132522273e-02,2.974566482030011061e-01,1.994661926320952794e-01,1.053338167134915543e-01,7.946110262254681145e-02,4.364867525949021609e-01,3.938040892181426944e-01,3.397597112208903813e-01,2.918127608128514572e-01,2.238732465804617600e-01,4.652183659162222873e-01,5.042638701114305899e-01,2.856028381057797438e-01,2.007547198533898014e-01,3.156918708971985232e-01,3.955454428354108209e-01,2.464060970790127592e-01,2.791504203937882345e-01,4.442098528473595320e-01,2.221521670324035080e-01,3.206694182320322106e-01,6.238986456584495466e-01,5.827779212316787083e-01,7.850708910489484493e-02,-5.621918373867058616e-01,-4.499341270833344120e-01,-4.641517171138888620e-01,-4.800486926973761559e-01,-4.240749247797220289e-01,-4.915946591960400625e-01,-5.449134949756688773e-01,-4.760586971596506567e-01,-5.370877567027415589e-01,-6.402931919576206887e-01,-4.446737077672559546e-01,-3.443834734428871669e-01,-3.466320755049966396e-01,-4.091676447302339814e-01,-5.161128230176142972e-01,-6.929098592861149264e-01
-5.573718759591739236e-01,-5.958590014006616142e-01,-5.729135909517156788e-01,-5.925333948413673557e-01,-8.089326099700160366e-01,-6.917870015485986235e-01,-4.597386464408942386e-01,-4.796734375213724255e-01,-6.573002324479885194e-01,-6.671139081367789547e-01,-6.273312504741513917e-01,-6.065795167970747803e-01,-5.149053308528223072e-01,-5.299654558579283137e-01,-5.523879554229123023e-01,-7.220974109334306057e-01,-6.436752707391933948e-01,-5.558243393627168016e-01,-8.073377366302163516e-01,-6.203775182727314652e-01,-6.598195501653304484e-01,-7.159208706403086264e-01,-6.314478928933028312e-01,-5.480559799507302987e-01,-5.707965633456373311e-01,-6.020458865717195351e-01,-6.679127882418001150e-01,-6.813649494584130828e-01,-2.508155958482688463e-01,2.012048353097228848e-01,1.190172920681692170e-01,1.013801039272894553e-03,-1.122859872582808449e-02,2.078633114766951506e-01,2.883579175536165606e-01,7.962724601177187389e-02,7.956641570561324289e-03,8.560564704893082466e-02,-4.822347318894448093e-02,-2.464089131579302872e-02,2.740284760286033627e-01,1.278199792570371141e-01,7.775922615589794633e-03,-9.311979690750442698e-03,-1.215774815818703447e-01,-1.868485909147468357e-02,1.015737513887292470e-01,-6.503259928491441667e-03,-1.682765085490198209e-02,1.021504032523775918e-01,1.441072902904435016e-01,1.357169545007257394e-01,-2.554677460429580563e-02,1.781313059275450306e-01,2.559168496080869160e-01,2.414333522276795596e-01,1.838505905247405925e-01,1.480271082694093743e-01,1.185273096275468868e-01,1.155212858620127819e-01,1.153079513896752839e-01,1.689012377352097916e-01,1.864698345017320180e-01,1.735849630526410670e-01,1.504047207880478410e-01,1.358268262619713729e-01,6.679734071367512960e-02,-1.639254664244654824e-02,1.041259872988271051e-01,8.567783576658601075e-02,1.040536234717488462e-01,-3.370101730348250973e-02,-1.216164761905030173e-02,8.847927367828421763e-02,3.814373541178817280e-03,1.376172382676118522e-01,1.176812675771232997e-01,8.510753340342840090e-02,-7.955342467908997628e-02,3.024815097695391850e-02,1.318569041028808397e-01,1.073012434755371558e-01,1.964340116417941928e-01,1.726313770296436512e-01,4.925521144746532881e-02,1.280556746419027336e-01,-2.253410492084047950e-03,-8.186369258037928809e-02,-4.621403183201963638e-02,2.191273647068800179e-01,4.216176027636504148e-02,5.151569897664729641e-02,3.547970722842948982e-02,8.018582227328911738e-02,1.320832481519015333e-01,1.231400271568832278e-01,1.500610288758252586e-01,1.737872888792607873e-01,-4.248768648822458943e-02,-6.581802030532772629e-02,4.611671655465854336e-02,7.718152785488067991e-02,1.342466665593188002e-01,2.444354085641836372e-01,2.888097909284548792e-01,-1.070923714901233642e-01,-5.445034818139891097e-01,-4.408789850201438321e-01,-5.503264539838429448e-01,-4.621361388003480952e-01,-6.248079678762676892e-01,-6.647626643164173954e-01,-4.522971860778123854e-01,-6.464350264920728506e-01,-7.189530188400677924e-01,-6.194150184609121812e-01,-4.794625823311434720e-01,-5.511858900644769355e-01,-6.973330754320404834e-01,-6.689994987960017347e-01,-5.902462049942149847e-01,-5.611672677409432763e-01,-5.249265195317968091e-01,-6.650988950778111697e-01,-6.668930635543321994e-01,-6.971848794560155937e-01,-5.422287825298403030e-01,-4.924082434238551409e-01
-7.695939549327898144e-01,-8.280714386241001534e-01,-8.321808048276807535e-01,-8.377870974934974457e-01,-6.896486719832679579e-01,-5.536988405834984972e-01,-6.132179288619078461e-01,-7.684912503529002237e-01,-7.467698632590090702e-01,-7.773997272769860301e-01,-8.295422382735229139e-01,-8.942561191550751909e-01,-8.697989690175097488e-01,-8.160036810582981248e-01,-7.229402736888058678e-01,-9.321055945663659914e-01,-9.131912709725725774e-01,-7.986102855839714021e-01,-8.009115419506087630e-01,-8.372579037378399258e-01,-7.406003131845039222e-01,-7.536959137869488901e-01,-9.021681322884970156e-01,-8.285800584384935830e-01,-7.970865037246027685e-01,-2.773859004569278475e-01,9.929012914120230460e-02,1.132134009071642800e-01,-1.124705238195193857e-01,-1.154046931723518021e-01,8.357158189229385581e-03,-2.012135140430286184e-01,-3.571077625860966803e-02,-4.705158948548282538e-02,4.137090130987155362e-02,3.384728172404101454e-02,1.875451390443501065e-01,-1.389267629321936925e-01,-1.104970394154591445e-01,-1.040133698252420774e-01,-2.135290740659324948e-01,-1.428666168156976779e-01,2.540489732037545800e-01,7.472276707591583855e-02,7.836193763723345307e-02,6.325224281890608202e-02,-1.151781318222797612e-01,2.372779308869081907e-02,1.469208535385400916e-01,5.170931395901676164e-02,-2.330340024086240136e-01,-1.830730673413562548e-01,-1.596353903555215378e-02,3.628194711806171507e-02,6.234319518648300668e-02,1.898269864117732228e-02,7.604685600794844347e-02,1.311173482327293062e-02,-5.811693469387980288e-02,-1.357881976728092244e-01,-1.168469355388883912e-01,1.923185638120966101e-01,-4.103565440631516681e-02,1.993993828941762608e-02,-3.891534681160822851e-02,1.723318517402715189e-01,1.753400157303141582e-01,5.885644819004031553e-02,9.706525662353004957e-02,1.633092742960517429e-01,5.392583467471135511e-02,-6.377089018940411413e-02,-1.010348513948290394e-01,-1.018851127951245356e-01,-7.182428871124062197e-02,-2.100384604937470534e-02,4.703155215605578365e-02,1.091885318409941408e-01,1.577928854828592187e-01,2.063242345115608722e-01,2.438478469667222370e-01,1.823937871290315094e-01,2.421487470355171076e-02,-7.488421649239412892e-02,-1.146874569342141159e-01,-8.497000500210105667e-02,-2.188046629379463218e-02,2.260234921041006859e-02,6.229667902786589773e-02,-1.423132338907463768e-02,-4.274032999027935209e-02,2.195740367315783190e-02,1.298420915815796106e-01,-4.405281223148058839e-02,-3.823682948737958803e-02,-4.134805114433705298e-02,1.880676192338874564e-02,-1.214774357981465366e-02,1.859095836006258440e-01,7.090252606653728307e-02,7.991667206910649246e-02,8.674577922899238958e-02,1.045366969338800966e-01,4.281988222336727962e-02,-1.211843554642899438e-02,3.758108791284580502e-02,6.674568847451278937e-03,4.870687543430547717e-02,-5.285419821915743332e-02,1.138161282174409289e-01,8.744940252680674653e-02,1.988637230022430591e-01,1.558804171357306700e-01,2.920741926105256681e-02,-1.743582804950782883e-02,9.609829312643058952e-02,-2.860603256291378571e-01,-1.976575246310383061e-01,7.435663049086953247e-02,3.449119106658087019e-02,2.874460715401092395e-02,-2.840264999737106971e-02,9.162358062384386159e-02,1.926477980119496725e-02,-1.759831495436916526e-01,-7.239159851440625515e-02,3.936442390078303405e-02,-1.117274649114338159e-01
-6.396705377954255978e-01,-6.240393732629341272e-01,-3.837576427040311766e-01,-5.357122780257826955e-01,-7.051187563486456256e-01,-6.369947746473481054e-01,-5.582101722210085493e-01,-4.292584659795347091e-01,-3.524102010022129861e-01,-6.408549859680339189e-01,-4.631573830094524169e-01,-3.710025712556136446e-01,-5.986719657824637331e-01,-5.455867790161809117e-01,-3.041896481860434376e-01,-2.184961689009889685e-01,-3.145263364058510369e-01,-3.903785765598888347e-01,-4.429567613078584376e-01,-4.133380771925573294e-01,-3.426152909893917520e-01,-3.119708212757478227e-01,-3.091829030347050256e-01,-3.515221618610549492e-01,-3.931149377343077234e-01,-3.750982465041131086e-01,-3.687897811283576410e-01,-4.505972650623831233e-01,-5.230930462186695884e-01,-5.028314158394308064e-01,-4.230818804909659558e-01,-2.399720542329682182e-01,-2.392801147432236930e-01,-5.507594256965387958e-01,-6.287808004728818734e-01,-4.409110264447801963e-01,-4.401633647164447383e-01,-5.558059764610717712e-01,2.840924885322534954e-01,5.098920321997622018e-01,3.774856266036597519e-01,3.997232305538013231e-01,5.334282443957066855e-01,4.358521194078227023e-01,4.746155824684254454e-01,4.062991146232309281e-01,2.867229868574954765e-01,4.374945339363129349e-01,4.946012809500576202e-01,3.621268352628055909e-01,2.084124786366467752e-01,3.127174785080263919e-01,3.798492144489810096e-01,2.817692508928084649e-01,2.630267098119404290e-01,2.605723292603814856e-01,1.527159204192745368e-01,3.613047089855740690e-02,1.168813904470779319e-01,4.700035502840675949e-01,1.451146044091054244e-01,1.592809962957045244e-01,1.554745484153747248e-01,-1.470124717225999578e-01,6.407376680353793486e-03,2.763324511219271140e-01,1.424715649758562241e-01,1.122808854690551632e-02,3.404232636553974345e-01,-3.264130211499759182e-03,2.477681356547635494e-01,-3.832829304053150116e-02,1.059741343873550207e-01,1.157384617265049542e-01,8.246728031673850046e-02,1.762294488092981393e-01,1.769531635913380030e-01,8.862333671516253730e-02,-4.679595577484090274e-01,-6.765502145261127753e-02,-3.463792585302558763e-02,-4.119304222533059501e-01,-1.206853716234995294e-01,-4.759974260217555292e-02,-3.363320776552118641e-02,-6.217455971607827037e-02,6.296516666544998281e-03,-4.378114969979745447e-02,4.129138418928052223e-02,-7.902409695509354098e-03,-8.050267705254152140e-02,-6.808889035643964083e-02,-2.355546562414405909e-01,-3.426264694210223727e-01,-7.256390055070956191e-02,-2.661933732809633191e-01,-3.883706046899714770e-01,-3.527643679634602236e-01,-5.463206604727572913e-01,-4.746956947741640120e-01,-3.174923661643517803e-01,-3.706064631242472207e-01,-3.209762374914413297e-01,-5.343076809512398162e-01,-4.832812054472577779e-01,-2.149622230800335432e-01,-3.222686305109062621e-01,-4.396609510076329164e-01,-3.465564924565635585e-01,-3.286689024577646445e-01,-3.012931449960701280e-01,-4.380980178076397946e-01,-5.984855614628993292e-01,-5.332056429990993385e-01,-4.317773999795774809e-01,-5.387029558460534329e-01,-6.444681168748187527e-01,-6.580883214065595954e-01,-6.192332775906873588e-01,-2.979538966935588729e-01,-4.096133137834313542e-01,-3.110208504535961760e-01,-4.427100562216388924e-01,-6.557175377646126124e-01,-3.561287020215545551e-01,-6.316692636535127248e-01,-4.941293106542218871e-01,-4.392247133694284766e-01
-2.354693642477012627e-01,-3.799278040899459197e-01,-3.825876815230629946e-01,-3.901029845440068256e-01,-2.591525661921226242e-01,-3.815630881197291657e-01,-3.403278124268987459e-01,-2.386823897484681434e-01,-1.838829093936066861e-01,-3.084397932576725121e-01,-4.207399643644115228e-01,-2.849191844178429744e-01,-2.403344995453773891e-01,-4.126331994815203297e-01,-3.331403473177307339e-01,-4.525949287000320398e-01,-4.075369690175069115e-01,-2.950818538077329412e-01,-1.297740827518791273e-01,-3.177042895107293763e-01,-5.600184187984754702e-01,-3.989739766968468104e-01,-5.403087963195373211e-01,-6.911955969426748503e-01,-4.655585857404766492e-01,-4.944891676522908952e-01,-6.932344915967861843e-01,-6.257543979156799940e-01,-3.413515099292003252e-01,2.495770965620115189e-01,7.905495832005693391e-01,6.094198190896816802e-01,5.929104948506322970e-01,6.366012204687820919e-01,3.548427437325045175e-01,4.776913321780442145e-01,4.467886313135662202e-01,6.471000709528713646e-01,4.344992827415852799e-01,5.253839644670927900e-01,4.358013611781496599e-01,5.436549444259850539e-01,7.201397272381069303e-01,2.567992767856277503e-01,2.970147694872543043e-01,4.364228965542406580e-01,3.664869873814134427e-01,4.045358760093563100e-01,3.355385615504856145e-01,3.240495627114353128e-01,4.324774865711012994e-01,9.892652365751478105e-02,2.543288045163516475e-01,2.189003233349882116e-01,-2.683148682444122871e-02,9.117725247509086972e-02,5.715706361881457698e-02,8.721871064449182587e-02,2.167175690982689751e-01,1.383054165689408532e-01,-1.708917187796631446e-02,2.551692227056832907e-02,1.275668550195880047e-01,-3.998356163132159996e-02,-1.556694223450094117e-01,-3.493666326327081982e-03,-2.856048041790839806e-02,-2.556151085219193209e-01,-2.181781997323978539e-01,-2.020876619938600516e-01,-2.586858092492435590e-01,-3.017740215847761753e-01,-2.247704181287778213e-01,-4.306921165490415482e-01,-1.807058008134929949e-01,3.764179699310732374e-02,-2.059510783889624830e-01,-5.020707617939015321e-01,-3.930082285613578086e-01,-2.359678446149213182e-01,-2.791937959603916219e-01,-4.315083486283999847e-01,-4.350779220575309303e-01,-4.395197072777572989e-01,-5.171040755756638463e-01,-3.751326618461827689e-01,-1.867019791636236326e-01,-1.377863337400481725e-01,-2.721704222321268407e-01,-2.372594220701829959e-01,-2.388582069138655006e-01,-6.755115684500651030e-02,-2.685444119197470947e-01,-2.539300817215670372e-02,-5.467505283924699588e-01,-4.291650502847983439e-01,-3.451370407568696286e-01,-4.262560185351164099e-01,-2.509522126854465962e-01,-2.026078683490442622e-01,-3.337121128243143997e-01,-4.150266963785788077e-01,-3.403988998354117168e-01,-1.902643301049673497e-01,-2.446315855922151505e-01,-2.487433341277665022e-01,-5.389355872124631519e-01,-3.170333450743578196e-01,-2.463965052225608465e-01,-4.082855917839544047e-01,-6.362251503317157830e-01,-4.307494749099466946e-01,-6.351341165795981736e-01,-5.542683426932005775e-01,-4.855887615622427878e-01,-3.088182645651322278e-01,-2.685149501559198071e-01,-5.427284599840304091e-01,-6.268435795401973154e-01,-5.115300084802769653e-01,-4.552046897825805516e-01,-4.226712373453901939e-01,-5.290318251732787358e-01,-3.939581196169771871e-01,-1.515144859531303845e-01,-4.269494303824872272e-01,-2.902502329356702604e-01,-3.365406612367654038e-01
-2.357898287615750599e-01,-1.862735981165905830e-01,-6.054816487484833143e-01,-5.203537876330099898e-01,-4.817299218942744377e-01,-5.627543290031568057e-01,-5.811147178394616697e-01,-3.960961071469408235e-01,-3.049642549609666298e-01,-3.122708052374068011e-01,-3.107570221430268065e-01,-2.984247256067001919e-01,-2.979513901992658642e-01,-3.873030770558096303e-01,-4.475012327636768705e-01,-4.114126469968241162e-01,-2.591635486167334079e-01,7.591766336852852348e-02,-5.299105011184966907e-01,-5.339447571596963593e-01,-1.183319142716660194e-01,-2.754424593532738275e-01,-5.079101239394838707e-01,-5.148432274071551573e-01,-3.861603132223918045e-01,-2.558970862841299931e-01,-3.499587528821930804e-01,-2.037497136508588935e-01,-2.093360781055647324e-01,-3.871943583436692204e-01,-1.134306896130291842e-01,3.595603591962587275e-02,-1.033534155722104775e-01,-2.287601843915244015e-01,-1.351843994795032255e-01,-5.629852585177898272e-02,1.000103551002035768e-01,-3.017802378480651249e-01,1.637010507311456309e-01,1.121238397278787602e-01,1.127012759027775507e-01,-1.014926560519975457e-01,-8.390508217563943938e-02,1.385313217117450368e-01,4.020103699975335204e-02,2.806769568852014382e-02,1.561457716789592561e-02,-7.016850171728130671e-03,8.719816173504105206e-02,-6.330942850447790482e-02,1.079805184934768958e-01,2.864817155797411696e-01,1.261669347031532384e-01,1.083782568924288592e-01,2.559667591913530327e-01,5.572638591571813516e-01,4.312794554120761847e-01,1.991644197464643995e-01,1.287312902013936222e-01,1.141585607803040497e-01,4.643551773007028038e-01,4.845377817118310948e-01,5.995419910560562116e-01,7.378956473541689043e-01,6.817415522294102415e-01,7.220382557199245266e-01,4.609649339290656234e-01,-2.967336697073766349e-01,-3.156726994736695491e-01,-1.510516750070662051e-01,-4.581755084840732350e-01,-6.262698938047576158e-01,-3.603529505397479737e-01,-2.208873888848927047e-01,-3.386729521038400748e-01,-2.844025153182905830e-01,-3.155312320715216723e-01,-2.583706691525527455e-01,-4.662165015148235225e-01,-5.587988430358515890e-01,-4.549223035544233129e-01,-2.716573008993035110e-01,-3.684952198546994073e-01,-4.830476234666156721e-01,-3.647642431328687040e-01,-3.355760509656428581e-01,-1.896932936244396239e-01,-6.596274341184805989e-02,-9.292636300934280225e-02,-6.260055211655322083e-01,-3.847810976412735506e-01,-5.191375734672551978e-01,-6.754521888563779219e-01,-3.289187444978972086e-01,-3.370524233365027600e-01,-4.338357240491225730e-01,-2.834093758599427471e-01,-3.102510457050321468e-01,-3.917618470971115929e-01,-5.074253580833003596e-01,-4.828975341907559282e-01,-2.895524940110221213e-01,-2.881762528831743331e-01,-3.640641131349353632e-01,-2.359552466897936462e-01,-5.110104700100974728e-01,-6.326216360017107299e-01,-2.735547052828362080e-01,-2.230167973500725431e-01,-1.703974183173908585e-01,-4.939731120983236745e-01,-5.707161330735841531e-01,-2.819502198544253102e-01,-4.133310608751594173e-01,-3.281061039750789443e-01,-3.503513852727560551e-01,-2.524572437350248166e-01,-2.586925453587158863e-01,-3.140312522661632411e-01,-3.197995557501713826e-01,-2.702203350038352991e-01,-2.353295723487967839e-01,-4.456981388885564721e-01,-4.494476895494685098e-01,-3.842923686743305312e-01,-1.667836748589306972e-01,-3.997516015365734643e-01,-4.182755936560886845e-01
-2.317189886696348067e-01,-4.971516368974066014e-01,-2.880938437953646236e-01,-4.106370242207239007e-01,-4.163474912939732486e-01,-3.656216634616673566e-01,-3.877422731767609654e-01,-6.028395841287713663e-01,-4.504486590380832323e-01,-1.669925101659422706e-01,-4.936658720722683080e-01,-1.059009880782751933e-01,-2.154658726439793726e-01,-3.879387030770691802e-01,-4.455607797901764422e-01,-5.532128658946451338e-01,-5.831478437934305425e-01,-3.458553095622600160e-01,-2.497884909102998374e-01,-1.960883014122577761e-01,-5.630063109517823294e-01,-4.965815549501189086e-01,-4.213030981431295507e-01,-2.144934984956667623e-01,5.599205712269826885e-01,3.704370051435941780e-01,4.625163295588718970e-01,4.438209663656130233e-01,4.742556918303196256e-01,5.203022720494231423e-01,6.062720932912324390e-01,2.844670046581499467e-01,4.401962084084097282e-01,5.535668008868777079e-01,5.478228315527959857e-01,3.887899337068818073e-01,3.103595457569281457e-01,7.154817744200752117e-01,4.876065752959355959e-01,2.515067284414994053e-01,2.705975600107584089e-01,2.658039947995051722e-01,3.014674247437842958e-01,9.355407988395285368e-02,9.763046186062823706e-02,3.127354830073500458e-01,1.493499689209792647e-01,3.381073603653607651e-01,3.358706283661301861e-01,-8.322321746944004450e-02,-2.369993371199420051e-01,-2.564122640086684626e-02,1.241116202560081094e-01,5.810442252536414387e-02,1.665978296067779085e-01,2.522618207138994928e-02,6.393079403802098826e-02,-2.678882089273598027e-02,8.937369667241417195e-03,-1.639330269833075004e-01,2.143528267880183413e-02,-8.609881141803850391e-02,-1.542651936118896727e-01,-3.546594058666150406e-01,-2.281487290743481333e-01,-3.699064640591182562e-01,-3.652844465034910670e-01,-3.466554466946849544e-01,-2.398516599494698587e-01,-4.730989407070695929e-01,-6.131102022315719768e-01,-2.270996224810487574e-01,-4.456953249900127423e-01,-4.583173270961416468e-01,-3.079986465378216631e-01,-2.718269481306538338e-01,-3.250673764295544665e-01,-1.846299396406693438e-01,-2.103235681562148629e-01,-2.776173790857138779e-01,-5.799842867327072993e-01,-4.556292255580932649e-01,-4.094094722012731058e-01,-5.865681861357773252e-01,-4.102125713843260968e-01,-3.947401584226890581e-01,-6.329848353210209000e-01,-7.691924377971027793e-01,-8.711305299569294114e-01,-7.221303104939106321e-01,-5.451560626249448704e-01,-4.451491300417937946e-01,-4.011584624667277610e-01,-4.380166996130205326e-01,-4.396870267521508779e-01,-3.449320774414226798e-01,-2.886507284760791991e-01,-3.264481568523505128e-01,-2.989297403371792283e-01,-1.709480952614909621e-01,-2.004274073638906140e-01,-3.809320086673679828e-01,-3.255740602597750333e-01,-9.200573472710119050e-02,-1.796726104702844884e-01,-4.420052061735831872e-01,-4.576029646670770612e-01,-4.027622294883477783e-01,-5.138290954609120442e-01,-3.401953231204131178e-01,-3.718565973782272382e-01,-3.120724672843521730e-01,-3.332613109469773072e-01,-4.559607687444643953e-01,-3.323349100954199331e-01,-3.721886147815272050e-01,-4.785059022175368604e-01,-2.967067980282392381e-01,-1.895832869490859940e-01,-6.162977984567563627e-01,-2.865767179346070948e-01,-2.618185957028827948e-01,-1.377525367437825721e-01,-2.344339640105594091e-01,-3.814764457956236199e-01,-2.200402638546158640e-01,-4.702111180808952184e-01,-1.620917296945550978e-01
-2.624288945984548649e-01,-1.676196770429236038e-01,-4.955015441775481588e-01,-5.551927923942491239e-01,-7.808451543838387243e-01,-5.006811100989888574e-01,-2.988087972023053540e-01,-4.240514633735686933e-01,-4.447942611182968964e-01,-5.696927812085117449e-01,-5.038910859944153442e-01,-2.343130009193287455e-01,-3.699253512130021293e-01,-5.146408733206382369e-01,-4.926560905927576672e-01,-4.684344134137136684e-01,-5.053482367648549634e-01,-2.582724484258260289e-01,-4.363020592167199951e-01,-2.987986224217658027e-01,-3.570796748535744469e-01,-4.524208388429690753e-01,-1.840821020290201726e-01,-3.669470899080082282e-01,-2.205736445915210120e-01,-1.874055135475349299e-01,-2.314705989843322820e-01,-1.996947938200459294e-01,-4.692650271404248397e-01,-6.394103423257668783e-01,-3.311737202994447515e-01,-1.273059461149543548e-01,2.802257729046082613e-01,5.556856990829330822e-01,5.429999502379456722e-01,3.427065785269940990e-01,8.300697763616663449e-01,9.113561024258108878e-01,7.433970756972874128e-01,4.777957459847484989e-01,4.839356950913643041e-01,4.149658006612357286e-01,6.428468202481346649e-01,5.810472619183280063e-01,2.671145269095945296e-01,2.360705218028152641e-01,3.380353424246978489e-01,2.676256997989736597e-01,2.585131292189776775e-01,3.942415651665245879e-01,3.538317889575693931e-01,1.897752115620341962e-01,1.377317611888226323e-01,3.026507091070064770e-01,4.128447066598552873e-01,5.038160807164546867e-02,2.526758526991034204e-01,2.516670710762701768e-01,1.016786969798691015e-01,1.552983704917211272e-01,6.253192055538697725e-02,1.183896937548716000e-02,7.956024525054320243e-03,6.399120276767897297e-02,1.697609640716054857e-01,8.957130278475154694e-02,-1.293806969717163635e-01,-9.051457504967722056e-02,-2.256423121698893433e-02,-2.942596968637031796e-01,6.015225180926132842e-02,-1.940221776960830702e-01,-3.825618148542136998e-02,-1.643300892514826250e-02,8.570699052259492245e-02,-1.162460137245496655e-01,-3.128795071090018781e-02,-6.109268197238239967e-02,5.438028348666521655e-02,-2.190658813365883029e-01,-4.830117401933614052e-01,-3.382044445628474283e-01,-2.905715180852384005e-01,-2.821536940862377496e-01,-1.330550535966854298e-01,-1.817640499674114674e-01,-7.200452318623902503e-02,-5.516548891634497076e-02,-3.926258627818412505e-01,-5.047809205213779071e-01,-3.705458957087560679e-01,-4.291151620521959087e-01,-5.727418079007756679e-01,-3.394535544323697973e-01,-4.589537381931984572e-01,-4.669132287011778515e-01,-4.860335329644456803e-01,-4.881022630643053195e-01,-4.403335134505339532e-01,-5.047643893594303544e-01,-5.535958297475936929e-01,-4.477176519538521582e-01,-3.529234324183797566e-01,-3.028561766979454006e-01,-3.162820360263017272e-01,-5.942665526637515017e-01,-3.225144818486508358e-01,-3.305470384223270774e-01,1.643258634624310821e-01,-5.136134716820618396e-01,-3.281728155962187476e-01,-1.829374388983258382e-01,-1.997268463538238170e-01,-1.766069228595385232e-01,-2.239922836934495343e-01,-3.264952690603346586e-01,-3.929159490957079837e-01,-3.809475245016178957e-01,-4.329844344359758956e-01,-4.266616794744385044e-01,-3.642223216915849715e-01,-4.239231079123608192e-01,-4.079066682751022466e-01,-4.614520063365202818e-01,-5.961244355133364925e-01,-3.334681568846588062e-01,-4.984448123620635052e-01,-4.463437675258526971e-01
-5.240261717001770680e-01,-4.601710893809021763e-01,-3.389127969080739100e-01,-6.076598007448745786e-01,-7.706310855081353051e-01,-6.895140922938987060e-01,-6.688785603118355683e-01,-6.352136496140800004e-01,-5.803998642058146862e-01,-6.057298549596606962e-01,-7.135868438365692290e-01,-5.534114936107524807e-01,-4.636905594850665446e-01,-5.962849856516391212e-01,-5.942402222550855484e-01,-5.400543073102880287e-01,-5.294014888936291463e-01,-4.933338480145842420e-01,-7.400369147594959562e-01,-4.735426838681038308e-01,-4.977504733465502040e-01,-5.751492927955814682e-01,-4.670802631153287421e-01,-4.783911150181505145e-01,-5.657212125281464443e-01,-2.573765845733786972e-01,8.111322167896149737e-02,5.199908301447962039e-02,1.277774778443716563e-01,2.270567643030392546e-01,2.833792058996966734e-01,2.372680020920646393e-01,1.241637608420472216e-01,6.391735671183416956e-02,1.631201133305687223e-01,1.742931452268503267e-01,1.618243059577062493e-01,7.981287397703225317e-02,-3.080796533627429279e-02,1.304214143736107112e-01,2.302364795686909771e-01,1.659551311356984582e-01,1.918401505712230559e-01,1.769214775640718385e-01,2.607445141511990916e-01,1.321964926384118777e-01,1.893347494090216743e-02,2.550505724803135699e-02,2.516319529156586521e-01,2.377317664273810305e-01,8.322309715250351958e-02,1.527744361888963009e-01,4.771113530088463839e-02,2.463252078809561596e-01,2.563144721641142376e-01,1.921279747624503598e-01,2.039254203251568420e-01,1.382504069803902336e-01,3.610638412183743429e-02,-5.604366886922163005e-02,1.036711639645185312e-01,5.190005195361169221e-02,9.219658894293145113e-02,1.571921497251137223e-01,1.274149428671033368e-01,1.928982930312866939e-01,1.393680208363338446e-01,1.863845781301899651e-01,3.347656598796591720e-01,-6.670148127406943378e-03,8.505423082026085380e-02,6.287563325194159281e-02,4.519110315748916390e-02,1.943331803263789459e-01,3.357392017223856939e-01,3.413609509661493790e-01,2.894776143735126039e-01,6.171078612125805579e-02,1.307973227100239777e-01,2.352752186781199295e-01,2.666003162795006487e-01,2.684035248195775769e-01,1.980049984707016042e-01,1.615103695967091968e-01,1.987689314469534840e-01,1.719654017433402682e-01,5.412131412275958398e-02,5.332770043926933490e-02,1.871158418816795399e-01,1.638220007571307424e-01,1.691447722512671656e-02,-4.252886623817558887e-02,-2.401807002943772903e-02,1.721338069482546834e-02,7.042434789590312771e-02,1.092378172599779845e-01,1.543277499804546760e-01,2.733969083550886747e-01,3.461684813520288784e-01,-9.119413584936336692e-02,-4.612783772743510591e-01,-5.054395727803546734e-01,-4.652613513150214430e-01,-5.619442971123589370e-01,-5.826223357739620523e-01,-5.544656510855371367e-01,-4.778252696485115192e-01,-4.953310387061495845e-01,-4.705359201350052811e-01,-5.037928476831221580e-01,-6.789642868652031593e-01,-4.596384118991810874e-01,-5.147319459074589654e-01,-4.360723873524502969e-01,-4.464040140017938585e-01,-5.193143045769783583e-01,-3.405991411916401979e-01,-4.267702383680830325e-01,-5.728641296191206989e-01,-4.887938616909866529e-01,-4.515517959547559190e-01,-3.668141757119890989e-01,-4.823312551817726113e-01,-4.964475273764548113e-01,-6.067044632029092721e-01,-5.918937516106177466e-01,-6.376678296846062244e-01,-4.885198601006540686e-01
