timestamp,sum_conso,mean_conso,min_conso,max_conso,first_conso,last_conso,median_conso,airTemperature,dewTemperature,precipDepth6HR,seaLvlPressure,windDirection,windSpeed,month,day_of_week
2016-01-01,7906.5421,329.4392541666667,168.2243,336.4486,168.2243,336.4486,336.4486,5.3875,3.8791666666666664,0.0,1016.9416666666666,116.66666666666667,4.470833333333333,1,4
2016-01-02,8074.7664,336.4486,336.4486,336.4486,336.4486,336.4486,336.4486,9.783333333333333,9.183333333333334,15.0,998.0875,166.66666666666666,7.241666666666666,1,5
2016-01-03,8074.7664,336.4486,336.4486,336.4486,336.4486,336.4486,336.4486,7.954166666666667,6.6875,6.0,991.8375,187.91666666666666,5.633333333333333,1,6
2016-01-04,8074.7664,336.4486,336.4486,336.4486,336.4486,336.4486,336.4486,7.841666666666666,6.508333333333333,0.0,982.7666666666668,177.08333333333334,4.145833333333333,1,0
2016-01-05,8074.7664,336.4486,336.4486,336.4486,336.4486,336.4486,336.4486,7.904166666666666,7.058333333333334,0.5,984.7125,175.41666666666666,2.75,1,1
2016-01-06,8074.7664,336.4486,336.4486,336.4486,336.4486,336.4486,336.4486,6.341666666666666,5.958333333333333,1.0,994.2333333333332,193.33333333333334,2.0083333333333333,1,2
2016-01-07,8074.7664,336.4486,336.4486,336.4486,336.4486,336.4486,336.4486,7.1000000000000005,4.5375000000000005,30.0,988.8541666666666,215.0,6.645833333333333,1,3
2016-01-08,8074.7664,336.4486,336.4486,336.4486,336.4486,336.4486,336.4486,5.833333333333333,4.220833333333333,-0.5,999.2916666666666,191.25,3.6374999999999997,1,4
2016-01-09,8074.7664,336.4486,336.4486,336.4486,336.4486,336.4486,336.4486,8.741666666666667,7.233333333333333,3.0,990.2086956521739,171.66666666666666,5.691666666666666,1,5
2016-01-10,8074.7664,336.4486,336.4486,336.4486,336.4486,336.4486,336.4486,6.2250000000000005,3.779166666666667,20.0,985.0458333333332,190.41666666666666,4.941666666666666,1,6
2016-01-11,8074.7664,336.4486,336.4486,336.4486,336.4486,336.4486,336.4486,5.916666666666667,4.995833333333333,15.0,982.8874999999999,225.83333333333334,3.9583333333333335,1,0
2016-01-12,8074.7664,336.4486,336.4486,336.4486,336.4486,336.4486,336.4486,5.3875,3.0,0.0,998.0363636363636,264.1666666666667,6.825,1,1
2016-01-13,8074.7664,336.4486,336.4486,336.4486,336.4486,336.4486,336.4486,4.75,1.7625,2.0,1013.1125000000001,235.41666666666666,5.0375,1,2
2016-01-14,8074.7664,336.4486,336.4486,336.4486,336.4486,336.4486,336.4486,3.7125,0.15833333333333335,11.0,1007.0749999999999,271.25,6.3,1,3
2016-01-15,8074.7664,336.4486,336.4486,336.4486,336.4486,336.4486,336.4486,2.970833333333333,-0.6916666666666668,0.0,1020.1826086956522,292.9166666666667,4.341666666666667,1,4
2016-01-16,8074.7664,336.4486,336.4486,336.4486,336.4486,336.4486,336.4486,2.3041666666666667,-0.4916666666666667,0.0,1028.7708333333333,282.9166666666667,2.325,1,5
2016-01-17,8074.7664,336.4486,336.4486,336.4486,336.4486,336.4486,336.4486,2.370833333333333,1.0291666666666666,12.0,1025.4708333333333,108.75,3.545833333333333,1,6
2016-01-18,8074.7664,336.4486,336.4486,336.4486,336.4486,336.4486,336.4486,3.216666666666667,0.45,-0.5,1014.9875000000001,115.0,4.483333333333333,1,0
2016-01-19,8074.7664,336.4486,336.4486,336.4486,336.4486,336.4486,336.4486,0.5541666666666666,-4.041666666666667,0.0,1017.0583333333334,212.5,0.9625,1,1
2016-01-20,8074.7664,336.4486,336.4486,336.4486,336.4486,336.4486,336.4486,0.17500000000000002,-2.091666666666667,0.0,1020.475,229.16666666666666,1.2916666666666667,1,2
2016-01-21,8074.7664,336.4486,336.4486,336.4486,336.4486,336.4486,336.4486,3.3375,0.7166666666666667,0.0,1021.25,130.41666666666666,3.5083333333333333,1,3
2016-01-22,8074.7664,336.4486,336.4486,336.4486,336.4486,336.4486,336.4486,7.5375000000000005,5.804166666666667,5.0,1017.5500000000001,188.75,5.204166666666667,1,4
2016-01-23,8074.7664,336.4486,336.4486,336.4486,336.4486,336.4486,336.4486,7.3875,6.5375000000000005,0.0,1028.75,194.16666666666666,3.7125,1,5
2016-01-24,8074.7664,336.4486,336.4486,336.4486,336.4486,336.4486,336.4486,12.008333333333333,11.375,5.0,1026.2958333333333,194.16666666666666,4.3625,1,6
2016-01-25,8074.7664,336.4486,336.4486,336.4486,336.4486,336.4486,336.4486,11.216666666666667,8.404166666666667,0.0,1020.4541666666668,192.08333333333334,5.804166666666667,1,0
2016-01-26,8074.7664,336.4486,336.4486,336.4486,336.4486,336.4486,336.4486,9.241666666666667,7.766666666666667,-0.5,1016.4708333333333,205.0,7.833333333333333,1,1
2016-01-27,8074.7664,336.4486,336.4486,336.4486,336.4486,336.4486,336.4486,11.520833333333334,9.9375,1.5,1009.0124999999999,227.5,9.329166666666667,1,2
2016-01-28,8074.7664,336.4486,336.4486,336.4486,336.4486,336.4486,336.4486,6.404166666666666,2.5166666666666666,0.0,1023.1458333333334,229.16666666666666,5.966666666666666,1,3
2016-01-29,8074.7664,336.4486,336.4486,336.4486,336.4486,336.4486,336.4486,11.095833333333333,8.854166666666666,-0.5,1017.4250000000001,225.0,9.845833333333333,1,4
2016-01-30,8074.7664,336.4486,336.4486,336.4486,336.4486,336.4486,336.4486,7.633333333333333,3.3791666666666664,2.5,1009.9826086956521,251.25,7.375,1,5
2016-01-31,8074.7664,336.4486,336.4486,336.4486,336.4486,336.4486,336.4486,8.950000000000001,7.233333333333333,5.0,1009.3000000000001,223.33333333333334,6.245833333333334,1,6
2016-02-01,8074.7664,336.4486,336.4486,336.4486,336.4486,336.4486,336.4486,12.125,8.0375,0.0,1014.9916666666667,242.91666666666666,9.833333333333334,2,0
2016-02-02,8074.7664,336.4486,336.4486,336.4486,336.4486,336.4486,336.4486,8.0375,2.7916666666666665,1.0,1015.2916666666666,249.16666666666666,8.175,2,1
2016-02-03,8074.7664,336.4486,336.4486,336.4486,336.4486,336.4486,336.4486,5.183333333333333,1.1958333333333333,-0.5,1022.0875,272.0833333333333,5.320833333333334,2,2
2016-02-04,8074.7664,336.4486,336.4486,336.4486,336.4486,336.4486,336.4486,9.512500000000001,6.995833333333334,-0.5,1025.1416666666667,256.25,5.716666666666666,2,3
2016-02-05,8074.7664,336.4486,336.4486,336.4486,336.4486,336.4486,336.4486,10.179166666666667,8.3375,1.0,1018.3541666666666,214.16666666666666,6.2375,2,4
2016-02-06,8074.7664,336.4486,336.4486,336.4486,336.4486,336.4486,336.4486,10.3375,8.120833333333334,0.5,997.9833333333332,189.58333333333334,8.958333333333334,2,5
2016-02-07,8074.7664,336.4486,336.4486,336.4486,336.4486,336.4486,336.4486,7.2625,3.9875000000000003,35.0,991.9708333333333,212.08333333333334,7.95,2,6
2016-02-08,8074.7664,336.4486,336.4486,336.4486,336.4486,336.4486,336.4486,7.866666666666667,3.7125,70.0,987.0166666666668,235.83333333333334,12.058333333333335,2,0
2016-02-09,8074.7664,336.4486,336.4486,336.4486,336.4486,336.4486,336.4486,5.25,1.5374999999999999,-1.0,988.6666666666666,235.83333333333334,5.708333333333333,2,1
2016-02-10,8074.7664,336.4486,336.4486,336.4486,336.4486,336.4486,336.4486,5.704166666666667,2.658333333333333,5.0,996.9083333333333,274.5833333333333,4.358333333333333,2,2
2016-02-11,8074.7664,336.4486,336.4486,336.4486,336.4486,336.4486,336.4486,3.5749999999999997,0.3666666666666667,1.0,1003.8833333333333,237.08333333333334,1.6916666666666667,2,3
2016-02-12,8074.7664,336.4486,336.4486,336.4486,336.4486,336.4486,336.4486,3.904166666666667,2.183333333333333,0.0,995.8375,105.41666666666667,3.3125,2,4
2016-02-13,8074.7664,336.4486,336.4486,336.4486,336.4486,336.4486,336.4486,3.8708333333333336,2.3333333333333335,5.0,987.1999999999999,58.75,4.3125,2,5
2016-02-14,8074.7664,336.4486,336.4486,336.4486,336.4486,336.4486,336.4486,3.7541666666666664,-0.10833333333333335,5.0,997.0083333333333,90.0,3.983333333333333,2,6
2016-02-15,8074.7664,336.4486,336.4486,336.4486,336.4486,336.4486,336.4486,2.484210526315789,-0.7894736842105263,0.0,1023.6789473684212,342.10526315789474,3.547368421052632,2,0
2016-02-16,8074.7664,336.4486,336.4486,336.4486,336.4486,336.4486,336.4486,2.566666666666667,-0.7000000000000001,0.0,1033.8458333333333,197.08333333333334,2.779166666666667,2,1
2016-02-17,8074.7664,336.4486,336.4486,336.4486,336.4486,336.4486,336.4486,4.325,1.5333333333333332,0.0,1016.975,164.58333333333334,4.266666666666667,2,2
2016-02-18,8074.7664,336.4486,336.4486,336.4486,336.4486,336.4486,336.4486,4.094444444444445,1.5499999999999998,50.0,1013.4777777777776,287.22222222222223,3.2666666666666666,2,3
2016-02-19,8074.7664,336.4486,336.4486,336.4486,336.4486,336.4486,336.4486,5.029166666666667,2.841666666666667,0.0,1015.8291666666668,203.33333333333334,4.791666666666667,2,4
2016-02-20,8074.7664,336.4486,336.4486,336.4486,336.4486,336.4486,336.4486,10.487499999999999,8.516666666666667,0.5,1009.3166666666666,245.41666666666666,8.454166666666667,2,5
2016-02-21,8074.7664,336.4486,336.4486,336.4486,336.4486,336.4486,336.4486,12.645833333333334,10.420833333333333,-1.0,1010.1999999999999,240.0,9.504166666666668,2,6
2016-02-22,8074.7664,336.4486,336.4486,336.4486,336.4486,336.4486,336.4486,8.75,4.6499999999999995,3.5,1009.3041666666667,278.75,4.616666666666666,2,0
2016-02-23,8074.7664,336.4486,336.4486,336.4486,336.4486,336.4486,336.4486,5.716666666666666,0.7041666666666666,0.0,1017.2521739130434,247.91666666666666,2.5375,2,1
2016-02-24,8074.7664,336.4486,336.4486,336.4486,336.4486,336.4486,336.4486,2.8041666666666667,-2.2416666666666667,0.0,1018.1791666666667,185.83333333333334,1.3916666666666666,2,2
2016-02-25,8074.7664,336.4486,336.4486,336.4486,336.4486,336.4486,336.4486,2.1374999999999997,-2.7708333333333335,0.0,1016.8208333333333,282.0833333333333,2.1416666666666666,2,3
2016-02-26,8074.7664,336.4486,336.4486,336.4486,336.4486,336.4486,336.4486,3.8708333333333336,-1.6291666666666667,0.0,1010.3083333333334,112.08333333333333,3.4375,2,4
2016-02-27,8074.7664,336.4486,336.4486,336.4486,336.4486,336.4486,336.4486,4.55,-1.9291666666666665,-0.5,1010.8166666666666,51.666666666666664,4.566666666666666,2,5
2016-02-28,8074.7664,336.4486,336.4486,336.4486,336.4486,336.4486,336.4486,4.795833333333333,-1.5458333333333334,0.0,1021.0541666666667,37.916666666666664,4.9875,2,6
2016-02-29,8074.7664,336.4486,336.4486,336.4486,336.4486,336.4486,336.4486,5.079166666666667,-0.6833333333333332,0.0,1026.5166666666667,139.58333333333334,2.3375,2,0
2016-03-01,8074.7664,336.4486,336.4486,336.4486,336.4486,336.4486,336.4486,8.6875,6.7875000000000005,19.5,1011.3833333333333,218.75,7.316666666666666,3,1
2016-03-02,8074.7664,336.4486,336.4486,336.4486,336.4486,336.4486,336.4486,5.45,2.1125000000000003,14.5,999.4666666666667,261.6666666666667,8.045833333333333,3,2
2016-03-03,8074.7664,336.4486,336.4486,336.4486,336.4486,336.4486,336.4486,6.479166666666667,1.9291666666666665,-0.5,1003.3166666666666,256.25,5.566666666666666,3,3
2016-03-04,8074.7664,336.4486,336.4486,336.4486,336.4486,336.4486,336.4486,4.966666666666667,0.6791666666666667,2.0,991.6291666666666,221.66666666666666,4.925,3,4
2016-03-05,8074.7664,336.4486,336.4486,336.4486,336.4486,336.4486,336.4486,2.5041666666666664,0.7166666666666667,1.0,1000.1083333333332,314.5833333333333,3.1666666666666665,3,5
2016-03-06,8074.7664,336.4486,336.4486,336.4486,336.4486,336.4486,336.4486,3.5375,-0.15416666666666665,-1.0,1005.7916666666666,304.5833333333333,3.1666666666666665,3,6
2016-03-07,8074.7664,336.4486,336.4486,336.4486,336.4486,336.4486,336.4486,4.045833333333333,-2.1,-0.5,1009.6625,322.9166666666667,3.2875,3,0
2016-03-08,8074.7664,336.4486,336.4486,336.4486,336.4486,336.4486,336.4486,3.9416666666666664,0.5625000000000001,-0.5,1013.2916666666666,214.58333333333334,3.5708333333333333,3,1
2016-03-09,8074.7664,336.4486,336.4486,336.4486,336.4486,336.4486,336.4486,7.808333333333334,6.595833333333334,3.5,996.4958333333334,114.16666666666667,4.783333333333333,3,2
2016-03-10,8074.7664,336.4486,336.4486,336.4486,336.4486,336.4486,336.4486,6.6125,5.004166666666666,5.0,1019.1958333333333,278.3333333333333,2.2666666666666666,3,3
2016-03-11,8074.7664,336.4486,336.4486,336.4486,336.4486,336.4486,336.4486,4.695833333333334,2.2375000000000003,0.0,1028.25,175.83333333333334,1.5875000000000001,3,4
2016-03-12,8074.7664,336.4486,336.4486,336.4486,336.4486,336.4486,336.4486,6.445833333333333,3.5083333333333333,0.0,1030.8500000000001,154.16666666666666,1.4916666666666665,3,5
2016-03-13,8074.7664,336.4486,336.4486,336.4486,336.4486,336.4486,336.4486,5.991666666666667,2.658333333333333,0.0,1034.4624999999999,53.75,3.2541666666666664,3,6
2016-03-14,8074.7664,336.4486,336.4486,336.4486,336.4486,336.4486,336.4486,6.883333333333333,-0.38333333333333336,0.0,1032.7708333333333,58.333333333333336,5.379166666666666,3,0
2016-03-15,8074.7664,336.4486,336.4486,336.4486,336.4486,336.4486,336.4486,6.125,3.9625,0.0,1030.2625,33.75,3.558333333333333,3,1
2016-03-16,8074.7664,336.4486,336.4486,336.4486,336.4486,336.4486,336.4486,7.495833333333334,2.670833333333333,0.0,1029.6041666666667,49.583333333333336,4.9624999999999995,3,2
2016-03-17,8074.7664,336.4486,336.4486,336.4486,336.4486,336.4486,336.4486,6.675,1.6083333333333334,0.0,1030.0916666666667,54.583333333333336,3.341666666666667,3,3
2016-03-18,8074.7664,336.4486,336.4486,336.4486,336.4486,336.4486,336.4486,5.120833333333334,3.2291666666666665,0.0,1027.0304347826088,41.666666666666664,3.2583333333333333,3,4
2016-03-19,8074.7664,336.4486,336.4486,336.4486,336.4486,336.4486,336.4486,6.875,2.8208333333333333,-1.0,1026.3826086956522,38.333333333333336,4.120833333333333,3,5
2016-03-20,8074.7664,336.4486,336.4486,336.4486,336.4486,336.4486,336.4486,7.3500000000000005,3.033333333333333,-0.5,1025.1166666666666,74.16666666666667,2.8791666666666664,3,6
2016-03-21,8074.7664,336.4486,336.4486,336.4486,336.4486,336.4486,336.4486,8.466666666666667,3.608333333333333,0.0,1023.1916666666666,293.75,2.3666666666666667,3,0
2016-03-22,8074.7664,336.4486,336.4486,336.4486,336.4486,336.4486,336.4486,7.643478260869566,2.095652173913044,0.0,1018.1086956521739,229.56521739130434,1.452173913043478,3,1
2016-03-23,8074.7664,336.4486,336.4486,336.4486,336.4486,336.4486,336.4486,8.45,2.785,,1016.845,269.5,2.02,3,2
2016-03-24,8074.7664,336.4486,336.4486,336.4486,336.4486,336.4486,336.4486,8.025,5.541666666666667,0.0,1013.3375,230.83333333333334,4.3625,3,3
2016-03-25,8074.7664,336.4486,336.4486,336.4486,336.4486,336.4486,336.4486,10.408333333333333,4.845833333333333,30.0,1013.5458333333332,265.8333333333333,3.7291666666666665,3,4
2016-03-26,8074.7664,336.4486,336.4486,336.4486,336.4486,336.4486,336.4486,9.516666666666667,7.8125,-0.5,1004.5333333333333,182.5,7.325,3,5
2016-03-27,8074.7664,336.4486,336.4486,336.4486,336.4486,336.4486,336.4486,8.054166666666667,5.366666666666667,35.0,999.3916666666668,195.83333333333334,7.054166666666667,3,6
2016-03-28,8074.7664,336.4486,336.4486,336.4486,336.4486,336.4486,336.4486,8.116666666666667,4.470833333333333,50.0,989.7909090909092,223.33333333333334,10.358333333333333,3,0
2016-03-29,8074.7664,336.4486,336.4486,336.4486,336.4486,336.4486,336.4486,7.679166666666667,3.6166666666666667,4.0,1002.6958333333333,229.58333333333334,6.1375,3,1
2016-03-30,8074.7664,336.4486,336.4486,336.4486,336.4486,336.4486,336.4486,8.508333333333333,3.65,5.0,1008.1666666666666,246.66666666666666,4.045833333333333,3,2
2016-03-31,8074.7664,336.4486,336.4486,336.4486,336.4486,336.4486,336.4486,8.145833333333334,2.066666666666667,0.0,1015.5833333333334,237.08333333333334,2.2333333333333334,3,3
2016-04-01,8074.7664,336.4486,336.4486,336.4486,336.4486,336.4486,336.4486,7.8500000000000005,2.8208333333333333,0.0,1019.0749999999999,177.5,4.1125,4,4
2016-04-02,8074.7664,336.4486,336.4486,336.4486,336.4486,336.4486,336.4486,10.216666666666667,3.858333333333333,0.0,1012.0791666666668,151.25,4.008333333333334,4,5
2016-04-03,8074.7664,336.4486,336.4486,336.4486,336.4486,336.4486,336.4486,11.104166666666666,7.983333333333333,30.0,1005.1875,154.16666666666666,3.745833333333333,4,6
2016-04-04,8074.7664,336.4486,336.4486,336.4486,336.4486,336.4486,336.4486,10.525,7.825,2.5,1002.3416666666667,175.0,4.595833333333333,4,0
2016-04-05,8074.7664,336.4486,336.4486,336.4486,336.4486,336.4486,336.4486,10.833333333333334,4.983333333333333,0.0,1007.375,257.9166666666667,3.85,4,1
2016-04-06,8074.7664,336.4486,336.4486,336.4486,336.4486,336.4486,336.4486,8.612499999999999,4.041666666666667,2.5,1007.4875000000001,242.91666666666666,7.425000000000001,4,2
2016-04-07,8074.7664,336.4486,336.4486,336.4486,336.4486,336.4486,336.4486,7.086956521739131,4.469565217391304,1.0,1009.3000000000001,259.1304347826087,5.3478260869565215,4,3
2016-04-08,8074.7664,336.4486,336.4486,336.4486,336.4486,336.4486,336.4486,8.85,5.379166666666666,15.0,1011.1916666666666,237.91666666666666,3.0708333333333333,4,4
2016-04-09,8074.7664,336.4486,336.4486,336.4486,336.4486,336.4486,336.4486,7.779166666666666,4.3125,5.0,1003.4333333333334,216.25,4.170833333333333,4,5
2016-04-10,8074.7664,336.4486,336.4486,336.4486,336.4486,336.4486,336.4486,7.858333333333333,2.379166666666667,-0.5,1007.3249999999999,103.33333333333333,5.0375000000000005,4,6
2016-04-11,8074.7664,336.4486,336.4486,336.4486,336.4486,336.4486,336.4486,11.320833333333333,9.058333333333334,5.0,1005.7583333333333,143.75,2.983333333333333,4,0
2016-04-12,8074.7664,336.4486,336.4486,336.4486,336.4486,336.4486,336.4486,11.629166666666668,6.175,0.0,1006.65,211.66666666666666,3.2416666666666667,4,1
2016-04-13,8074.7664,336.4486,336.4486,336.4486,336.4486,336.4486,336.4486,11.375,4.8125,0.0,1008.2708333333334,233.75,1.8375000000000001,4,2
2016-04-14,8074.7664,336.4486,336.4486,336.4486,336.4486,336.4486,336.4486,11.958333333333334,6.354166666666667,1.5,1009.1041666666666,174.58333333333334,3.033333333333333,4,3
2016-04-15,8074.7664,336.4486,336.4486,336.4486,336.4486,336.4486,336.4486,9.829166666666667,8.9625,27.0,1000.6583333333333,194.16666666666666,2.1999999999999997,4,4
2016-04-16,8074.7664,336.4486,336.4486,336.4486,336.4486,336.4486,336.4486,6.1375,2.7458333333333336,2.0,1004.5666666666666,323.3333333333333,3.15,4,5
2016-04-17,8074.7664,336.4486,336.4486,336.4486,336.4486,336.4486,336.4486,6.704166666666667,-0.32916666666666666,-0.5,1015.9875000000001,293.3333333333333,2.1,4,6
2016-04-18,8074.7664,336.4486,336.4486,336.4486,336.4486,336.4486,336.4486,8.491666666666667,3.0124999999999997,0.0,1022.3347826086957,257.0833333333333,4.6625000000000005,4,0
2016-04-19,8074.7664,336.4486,336.4486,336.4486,336.4486,336.4486,336.4486,11.341666666666667,3.9958333333333336,0.0,1028.1416666666667,178.75,3.1833333333333336,4,1
2016-04-20,8074.7664,336.4486,336.4486,336.4486,336.4486,336.4486,336.4486,9.637500000000001,3.641666666666667,0.0,1029.625,70.41666666666667,4.770833333333333,4,2
2016-04-21,8074.7664,336.4486,336.4486,336.4486,336.4486,336.4486,336.4486,11.033333333333333,4.370833333333333,0.0,1023.7916666666666,62.916666666666664,4.495833333333333,4,3
2016-04-22,8074.7664,336.4486,336.4486,336.4486,336.4486,336.4486,336.4486,8.766666666666667,5.120833333333334,-0.5,1021.3708333333334,58.75,4.208333333333333,4,4
2016-04-23,8074.7664,336.4486,336.4486,336.4486,336.4486,336.4486,336.4486,7.358333333333333,0.8875000000000001,15.0,1020.6608695652175,135.41666666666666,3.345833333333333,4,5
2016-04-24,8074.7664,336.4486,336.4486,336.4486,336.4486,336.4486,336.4486,7.291666666666667,1.3333333333333333,1.0,1020.1041666666666,283.75,3.1125000000000003,4,6
2016-04-25,8074.7664,336.4486,336.4486,336.4486,336.4486,336.4486,336.4486,7.670833333333333,4.066666666666666,-0.5,1010.7458333333334,253.33333333333334,4.370833333333334,4,0
2016-04-26,8074.7664,336.4486,336.4486,336.4486,336.4486,336.4486,336.4486,5.7749999999999995,-0.6875,0.5,1008.3916666666668,292.0833333333333,4.629166666666666,4,1
2016-04-27,8074.7664,336.4486,336.4486,336.4486,336.4486,336.4486,336.4486,6.191666666666666,-0.5666666666666667,-0.5,1012.2958333333332,292.0833333333333,3.0708333333333333,4,2
2016-04-28,8074.7664,336.4486,336.4486,336.4486,336.4486,336.4486,336.4486,6.929166666666667,1.1916666666666667,-0.5,1013.025,247.5,5.1,4,3
2016-04-29,8074.7664,336.4486,336.4486,336.4486,336.4486,336.4486,336.4486,7.7250000000000005,1.8125,7.0,1010.9041666666667,264.1666666666667,5.883333333333333,4,4
2016-04-30,8074.7664,336.4486,336.4486,336.4486,336.4486,336.4486,336.4486,7.75,0.6,0.0,1021.6083333333332,271.6666666666667,2.6416666666666666,4,5
2016-05-01,8074.7664,336.4486,336.4486,336.4486,336.4486,336.4486,336.4486,9.85,3.533333333333333,0.0,1027.4875,220.83333333333334,4.0249999999999995,5,6
2016-05-02,8074.7664,336.4486,336.4486,336.4486,336.4486,336.4486,336.4486,12.1,9.295833333333333,-1.0,1020.5869565217391,218.33333333333334,6.008333333333333,5,0
2016-05-03,8074.7664,336.4486,336.4486,336.4486,336.4486,336.4486,336.4486,10.545833333333333,3.091666666666667,0.0,1025.5874999999999,269.5833333333333,3.670833333333333,5,1
2016-05-04,8074.7664,336.4486,336.4486,336.4486,336.4486,336.4486,336.4486,11.933333333333332,3.025,0.0,1026.2782608695652,181.25,3.079166666666666,5,2
2016-05-05,8074.7664,336.4486,336.4486,336.4486,336.4486,336.4486,336.4486,13.954166666666666,2.4833333333333334,0.0,1019.8833333333333,105.83333333333333,3.2416666666666667,5,3
2016-05-06,8074.7664,336.4486,336.4486,336.4486,336.4486,336.4486,336.4486,16.14166666666667,6.941666666666666,0.0,1010.7291666666666,96.66666666666667,2.7083333333333335,5,4
2016-05-07,8074.7664,336.4486,336.4486,336.4486,336.4486,336.4486,336.4486,17.925,10.329166666666667,0.0,1006.6750000000001,107.5,3.516666666666667,5,5
2016-05-08,8074.7664,336.4486,336.4486,336.4486,336.4486,336.4486,336.4486,20.495833333333334,8.970833333333333,0.0,1006.9818181818181,88.33333333333333,4.3375,5,6
2016-05-09,8074.7664,336.4486,336.4486,336.4486,336.4486,336.4486,336.4486,18.841666666666665,11.637500000000001,-0.5,1008.0416666666666,75.0,4.004166666666666,5,0
2016-05-10,8074.7664,336.4486,336.4486,336.4486,336.4486,336.4486,336.4486,16.05,15.658333333333333,25.0,1006.0958333333333,69.58333333333333,2.9,5,1
2016-05-11,8074.7664,336.4486,336.4486,336.4486,336.4486,336.4486,336.4486,16.195833333333333,15.541666666666666,4.0,1003.2583333333333,68.33333333333333,2.6166666666666667,5,2
2016-05-12,8074.7664,336.4486,336.4486,336.4486,336.4486,336.4486,336.4486,17.395833333333332,12.0375,-0.5,1002.4,85.83333333333333,4.116666666666666,5,3
2016-05-13,8074.7664,336.4486,336.4486,336.4486,336.4486,336.4486,336.4486,12.645833333333334,8.716666666666667,0.0,1010.5166666666668,24.166666666666668,5.166666666666667,5,4
2016-05-14,8074.7664,336.4486,336.4486,336.4486,336.4486,336.4486,336.4486,10.445833333333333,1.7458333333333333,0.0,1020.0625,134.58333333333334,3.154166666666667,5,5
2016-05-15,8074.7664,336.4486,336.4486,336.4486,336.4486,336.4486,336.4486,11.887500000000001,3.920833333333333,0.0,1022.1625,217.08333333333334,2.475,5,6
2016-05-16,8074.7664,336.4486,336.4486,336.4486,336.4486,336.4486,336.4486,13.629166666666668,6.925,0.0,1020.7782608695653,178.33333333333334,2.591666666666667,5,0
2016-05-17,8074.7664,336.4486,336.4486,336.4486,336.4486,336.4486,336.4486,13.208333333333334,8.475,0.0,1016.1958333333333,252.08333333333334,3.858333333333333,5,1
2016-05-18,8074.7664,336.4486,336.4486,336.4486,336.4486,336.4486,336.4486,12.191666666666668,10.254166666666666,19.5,1004.975,224.58333333333334,4.420833333333333,5,2
2016-05-19,8074.7664,336.4486,336.4486,336.4486,336.4486,336.4486,336.4486,13.600000000000001,9.733333333333333,15.0,1011.4333333333334,259.5833333333333,4.425,5,3
2016-05-20,8074.7664,336.4486,336.4486,336.4486,336.4486,336.4486,336.4486,15.379166666666668,10.583333333333334,-0.5,1014.2208333333333,227.08333333333334,5.745833333333334,5,4
2016-05-21,8074.7664,336.4486,336.4486,336.4486,336.4486,336.4486,336.4486,14.816666666666668,12.579166666666666,-1.0,1008.7958333333332,199.58333333333334,5.954166666666667,5,5
2016-05-22,8074.7664,336.4486,336.4486,336.4486,336.4486,336.4486,336.4486,14.341666666666667,9.570833333333333,-0.5,1007.8583333333332,282.5,2.6458333333333335,5,6
2016-05-23,8074.7664,336.4486,336.4486,336.4486,336.4486,336.4486,336.4486,14.166666666666666,7.8999999999999995,-0.5,1017.7125,242.91666666666666,3.3083333333333336,5,0
2016-05-24,8074.7664,336.4486,336.4486,336.4486,336.4486,336.4486,336.4486,12.6,6.054166666666667,-0.5,1021.3249999999999,47.083333333333336,3.6999999999999997,5,1
2016-05-25,8074.7664,336.4486,336.4486,336.4486,336.4486,336.4486,336.4486,10.704166666666666,6.716666666666666,-0.5,1017.8375,147.91666666666666,2.6916666666666664,5,2
2016-05-26,8074.7664,336.4486,336.4486,336.4486,336.4486,336.4486,336.4486,14.5625,8.266666666666667,-0.5,1016.0541666666667,134.16666666666666,2.1333333333333333,5,3
2016-05-27,8074.7664,336.4486,336.4486,336.4486,336.4486,336.4486,336.4486,15.875,9.65,0.0,1016.7217391304347,64.16666666666667,3.4499999999999997,5,4
2016-05-28,8074.7664,336.4486,336.4486,336.4486,336.4486,336.4486,336.4486,15.470833333333333,10.245833333333334,-1.0,1015.1869565217391,49.583333333333336,3.391666666666667,5,5
2016-05-29,8074.7664,336.4486,336.4486,336.4486,336.4486,336.4486,336.4486,13.8125,9.9125,0.0,1013.6291666666666,87.91666666666667,3.891666666666666,5,6
2016-05-30,8074.7664,336.4486,336.4486,336.4486,336.4486,336.4486,336.4486,14.3375,10.4125,0.0,1015.8208333333333,256.25,4.7875,5,0
2016-05-31,8074.7664,336.4486,336.4486,336.4486,336.4486,336.4486,336.4486,12.220833333333333,10.270833333333334,60.0,1016.5333333333333,352.5,5.2375,5,1
2016-06-01,8074.7664,336.4486,336.4486,336.4486,336.4486,336.4486,336.4486,12.754166666666668,11.629166666666668,-0.5,1021.3541666666666,83.75,4.845833333333333,6,2
2016-06-02,8074.7664,336.4486,336.4486,336.4486,336.4486,336.4486,336.4486,11.25,8.870833333333334,0.0,1020.8083333333334,19.166666666666668,5.45,6,3
2016-06-03,8074.7664,336.4486,336.4486,336.4486,336.4486,336.4486,336.4486,11.320833333333333,8.729166666666666,0.0,1017.725,90.0,3.0708333333333333,6,4
2016-06-04,8074.7664,336.4486,336.4486,336.4486,336.4486,336.4486,336.4486,15.625,13.941666666666668,0.0,1017.4458333333333,214.16666666666666,2.066666666666667,6,5
2016-06-05,8074.7664,336.4486,336.4486,336.4486,336.4486,336.4486,336.4486,17.291666666666668,13.445833333333333,0.0,1020.5833333333334,75.83333333333333,3.1166666666666667,6,6
2016-06-06,8074.7664,336.4486,336.4486,336.4486,336.4486,336.4486,336.4486,18.216666666666665,8.670833333333333,0.0,1021.6217391304348,77.91666666666667,3.5500000000000003,6,0
2016-06-07,8074.7664,336.4486,336.4486,336.4486,336.4486,336.4486,336.4486,18.825,13.583333333333334,0.0,1022.6750000000001,142.08333333333334,1.6916666666666667,6,1
2016-06-08,8074.7664,336.4486,336.4486,336.4486,336.4486,336.4486,336.4486,18.966666666666665,16.054166666666667,34.5,1023.7083333333334,177.91666666666666,1.9875,6,2
2016-06-09,8074.7664,336.4486,336.4486,336.4486,336.4486,336.4486,336.4486,17.224999999999998,12.283333333333333,1.0,1021.4041666666667,72.08333333333333,2.4583333333333335,6,3
2016-06-10,8074.7664,336.4486,336.4486,336.4486,336.4486,336.4486,336.4486,18.1875,11.704166666666666,0.0,1013.5749999999999,144.58333333333334,2.1166666666666667,6,4
2016-06-11,8074.7664,336.4486,336.4486,336.4486,336.4486,336.4486,336.4486,18.991666666666667,14.191666666666668,-1.0,1010.6333333333333,258.75,2.370833333333333,6,5
2016-06-12,8074.7664,336.4486,336.4486,336.4486,336.4486,336.4486,336.4486,16.7625,14.891666666666666,14.5,1006.9458333333333,219.16666666666666,3.6208333333333336,6,6
2016-06-13,8074.7664,336.4486,336.4486,336.4486,336.4486,336.4486,336.4486,16.3875,14.008333333333333,15.0,1002.1217391304348,264.5833333333333,4.358333333333333,6,0
2016-06-14,8074.7664,336.4486,336.4486,336.4486,336.4486,336.4486,336.4486,15.608333333333334,13.6,9.0,996.6125000000001,232.5,4.783333333333333,6,1
2016-06-15,8074.7664,336.4486,336.4486,336.4486,336.4486,336.4486,336.4486,15.266666666666666,11.833333333333334,4.0,996.7708333333334,207.5,4.0874999999999995,6,2
2016-06-16,8074.7664,336.4486,336.4486,336.4486,336.4486,336.4486,336.4486,14.825000000000001,13.104166666666666,5.0,1000.5041666666666,145.41666666666666,2.4583333333333335,6,3
2016-06-17,8074.7664,336.4486,336.4486,336.4486,336.4486,336.4486,336.4486,15.470833333333333,12.691666666666668,70.0,1007.4875000000001,171.25,2.920833333333334,6,4
2016-06-18,8074.7664,336.4486,336.4486,336.4486,336.4486,336.4486,336.4486,14.645833333333334,11.775,14.5,1019.4583333333334,290.4166666666667,2.4791666666666665,6,5
2016-06-19,8074.7664,336.4486,336.4486,336.4486,336.4486,336.4486,336.4486,15.987499999999999,13.058333333333332,0.0,1022.6541666666667,224.16666666666666,4.425,6,6
2016-06-20,8074.7664,336.4486,336.4486,336.4486,336.4486,336.4486,336.4486,17.529166666666665,15.604166666666666,60.0,1013.6833333333334,224.58333333333334,5.420833333333333,6,0
2016-06-21,8074.7664,336.4486,336.4486,336.4486,336.4486,336.4486,336.4486,17.4875,12.766666666666666,0.0,1017.0,248.75,4.129166666666666,6,1
2016-06-22,8074.7664,336.4486,336.4486,336.4486,336.4486,336.4486,336.4486,18.3125,16.329166666666666,-0.5,1018.7916666666666,175.0,3.3166666666666664,6,2
2016-06-23,8074.7664,336.4486,336.4486,336.4486,336.4486,336.4486,336.4486,19.066666666666666,18.866666666666667,20.0,1015.8958333333334,199.58333333333334,2.6125000000000003,6,3
2016-06-24,8074.7664,336.4486,336.4486,336.4486,336.4486,336.4486,336.4486,16.854166666666668,12.525,-1.0,1017.8041666666667,233.75,4.779166666666667,6,4
2016-06-25,8074.7664,336.4486,336.4486,336.4486,336.4486,336.4486,336.4486,15.608333333333334,11.475,-1.0,1016.9416666666666,272.5,3.8791666666666664,6,5
2016-06-26,8074.7664,336.4486,336.4486,336.4486,336.4486,336.4486,336.4486,15.641666666666666,12.166666666666666,5.0,1017.7375000000001,267.0833333333333,4.604166666666667,6,6
2016-06-27,8074.7664,336.4486,336.4486,336.4486,336.4486,336.4486,336.4486,17.695833333333333,12.383333333333333,1.5,1017.5166666666668,282.9166666666667,3.8499999999999996,6,0
2016-06-28,8074.7664,336.4486,336.4486,336.4486,336.4486,336.4486,336.4486,15.370833333333332,10.470833333333333,0.0,1013.9375,226.66666666666666,3.7583333333333333,6,1
2016-06-29,8074.7664,336.4486,336.4486,336.4486,336.4486,336.4486,336.4486,14.2875,12.745833333333332,5.0,1008.8375,222.91666666666666,6.370833333333334,6,2
2016-06-30,8074.7664,336.4486,336.4486,336.4486,336.4486,336.4486,336.4486,16.666666666666668,13.016666666666666,2.5,1008.991304347826,211.25,4.908333333333333,6,3
2016-07-01,8074.7664,336.4486,336.4486,336.4486,336.4486,336.4486,336.4486,15.733333333333334,11.887500000000001,7.0,1008.7666666666668,234.58333333333334,6.545833333333333,7,4
2016-07-02,8074.7664,336.4486,336.4486,336.4486,336.4486,336.4486,336.4486,15.112499999999999,8.0,0.5,1013.5583333333334,248.33333333333334,6.816666666666666,7,5
2016-07-03,8074.7664,336.4486,336.4486,336.4486,336.4486,336.4486,336.4486,15.945833333333333,10.454166666666667,0.0,1018.4499999999999,213.75,3.595833333333333,7,6
2016-07-04,8074.7664,336.4486,336.4486,336.4486,336.4486,336.4486,336.4486,16.400000000000002,12.254166666666668,0.0,1018.5583333333334,222.08333333333334,4.2250000000000005,7,0
2016-07-05,8074.7664,336.4486,336.4486,336.4486,336.4486,336.4486,336.4486,17.5625,10.620833333333334,0.0,1017.7666666666668,291.25,4.366666666666666,7,1
2016-07-06,8074.7664,336.4486,336.4486,336.4486,336.4486,336.4486,336.4486,16.879166666666666,7.929166666666667,0.0,1022.5625,263.3333333333333,2.1625,7,2
2016-07-07,8074.7664,336.4486,336.4486,336.4486,336.4486,336.4486,336.4486,18.554166666666667,11.879166666666668,-0.5,1019.3833333333333,226.25,3.704166666666666,7,3
2016-07-08,8074.7664,336.4486,336.4486,336.4486,336.4486,336.4486,336.4486,18.629166666666666,13.058333333333332,-0.5,1016.4083333333333,246.25,5.483333333333333,7,4
2016-07-09,8074.7664,336.4486,336.4486,336.4486,336.4486,336.4486,336.4486,19.095833333333335,13.5875,0.0,1017.0454545454545,216.25,5.829166666666667,7,5
2016-07-10,8074.7664,336.4486,336.4486,336.4486,336.4486,336.4486,336.4486,18.829166666666666,14.383333333333333,-0.5,1008.7708333333334,213.33333333333334,6.779166666666666,7,6
2016-07-11,8074.7664,336.4486,336.4486,336.4486,336.4486,336.4486,336.4486,17.587500000000002,13.591666666666667,-0.5,1007.9166666666666,225.41666666666666,6.629166666666666,7,0
2016-07-12,8074.7664,336.4486,336.4486,336.4486,336.4486,336.4486,336.4486,15.141666666666666,11.741666666666667,4.0,1012.2916666666666,266.6666666666667,3.5375,7,1
2016-07-13,8074.7664,336.4486,336.4486,336.4486,336.4486,336.4486,336.4486,15.058333333333335,9.758333333333333,-0.5,1018.1958333333333,303.75,2.9875000000000003,7,2
2016-07-14,8074.7664,336.4486,336.4486,336.4486,336.4486,336.4486,336.4486,16.6875,8.570833333333333,0.0,1023.9708333333333,301.6666666666667,3.1333333333333333,7,3
2016-07-15,8074.7664,336.4486,336.4486,336.4486,336.4486,336.4486,336.4486,16.349999999999998,11.891666666666666,0.0,1026.3,259.5833333333333,4.320833333333334,7,4
2016-07-16,8074.7664,336.4486,336.4486,336.4486,336.4486,336.4486,336.4486,20.962500000000002,16.029166666666665,0.0,1024.6333333333334,259.1666666666667,5.2875,7,5
2016-07-17,8074.7664,336.4486,336.4486,336.4486,336.4486,336.4486,336.4486,21.96666666666667,16.379166666666666,0.0,1022.3208333333333,265.0,4.766666666666667,7,6
2016-07-18,8074.7664,336.4486,336.4486,336.4486,336.4486,336.4486,336.4486,22.558333333333334,12.804166666666667,0.0,1021.4708333333333,237.08333333333334,1.7874999999999999,7,0
2016-07-19,8074.7664,336.4486,336.4486,336.4486,336.4486,336.4486,336.4486,25.916666666666668,16.0,0.0,1016.7125,114.58333333333333,3.8000000000000003,7,1
2016-07-20,8074.7664,336.4486,336.4486,336.4486,336.4486,336.4486,336.4486,24.641666666666666,15.775,0.0,1009.6333333333333,205.0,5.325,7,2
2016-07-21,8074.7664,336.4486,336.4486,336.4486,336.4486,336.4486,336.4486,19.620833333333334,12.658333333333333,0.0,1016.0833333333334,285.8333333333333,2.766666666666667,7,3
2016-07-22,8074.7664,336.4486,336.4486,336.4486,336.4486,336.4486,336.4486,20.416666666666668,15.179166666666667,0.0,1018.4521739130436,157.91666666666666,1.929166666666667,7,4
2016-07-23,8074.7664,336.4486,336.4486,336.4486,336.4486,336.4486,336.4486,21.891666666666666,14.387500000000001,0.0,1019.8291666666668,227.5,2.891666666666667,7,5
2016-07-24,8074.7664,336.4486,336.4486,336.4486,336.4486,336.4486,336.4486,19.8125,14.654166666666667,0.0,1018.85,228.75,4.6000000000000005,7,6
2016-07-25,8074.7664,336.4486,336.4486,336.4486,336.4486,336.4486,336.4486,19.2375,11.641666666666666,2.0,1019.3583333333332,265.4166666666667,4.75,7,0
2016-07-26,8074.7664,336.4486,336.4486,336.4486,336.4486,336.4486,336.4486,18.516666666666666,12.008333333333333,0.0,1020.8166666666666,249.58333333333334,3.8125,7,1
2016-07-27,8074.7664,336.4486,336.4486,336.4486,336.4486,336.4486,336.4486,19.958333333333332,15.112499999999999,15.0,1015.4625,220.41666666666666,4.391666666666667,7,2
2016-07-28,8074.7664,336.4486,336.4486,336.4486,336.4486,336.4486,336.4486,18.445833333333333,12.870833333333332,0.0,1014.0041666666666,232.5,3.4458333333333333,7,3
2016-07-29,8074.7664,336.4486,336.4486,336.4486,336.4486,336.4486,336.4486,19.066666666666666,14.75,1.0,1011.0869565217391,251.25,4.175,7,4
2016-07-30,8074.7664,336.4486,336.4486,336.4486,336.4486,336.4486,336.4486,18.554166666666667,11.6625,0.5,1013.5695652173912,305.6521739130435,2.3833333333333333,7,5
2016-07-31,8074.7664,336.4486,336.4486,336.4486,336.4486,336.4486,336.4486,18.2625,9.645833333333334,0.0,1017.0333333333333,305.0,3.029166666666667,7,6
2016-08-01,8074.7664,336.4486,336.4486,336.4486,336.4486,336.4486,336.4486,15.354166666666666,10.958333333333334,0.0,1018.4083333333333,232.91666666666666,3.4166666666666665,8,0
2016-08-02,8074.7664,336.4486,336.4486,336.4486,336.4486,336.4486,336.4486,18.570833333333333,17.079166666666666,46.0,1010.0173913043479,217.08333333333334,5.208333333333333,8,1
2016-08-03,8074.7664,336.4486,336.4486,336.4486,336.4486,336.4486,336.4486,20.054166666666667,14.524999999999999,-1.0,1007.6791666666667,208.75,6.625,8,2
2016-08-04,8074.7664,336.4486,336.4486,336.4486,336.4486,336.4486,336.4486,18.575,11.950000000000001,-0.5,1009.8166666666666,252.91666666666666,6.770833333333333,8,3
2016-08-05,8074.7664,336.4486,336.4486,336.4486,336.4486,336.4486,336.4486,18.445833333333333,11.691666666666668,0.0,1019.725,258.3333333333333,3.808333333333333,8,4
2016-08-06,8074.7664,336.4486,336.4486,336.4486,336.4486,336.4486,336.4486,19.3875,12.166666666666666,0.0,1026.425,245.83333333333334,3.8833333333333333,8,5
2016-08-07,8074.7664,336.4486,336.4486,336.4486,336.4486,336.4486,336.4486,20.891666666666666,14.424999999999999,0.0,1023.3583333333332,243.75,6.416666666666667,8,6
2016-08-08,8074.7664,336.4486,336.4486,336.4486,336.4486,336.4486,336.4486,17.7,8.65,,1021.75,285.8333333333333,4.816666666666666,8,0
2016-08-09,8074.7664,336.4486,336.4486,336.4486,336.4486,336.4486,336.4486,15.558333333333332,6.854166666666667,0.0,1025.178260869565,312.5,3.3666666666666667,8,1
2016-08-10,8074.7664,336.4486,336.4486,336.4486,336.4486,336.4486,336.4486,15.570833333333333,7.791666666666667,0.0,1024.8625,290.4166666666667,3.5583333333333336,8,2
2016-08-11,8074.7664,336.4486,336.4486,336.4486,336.4486,336.4486,336.4486,18.520833333333332,12.433333333333332,-0.5,1022.15,274.1666666666667,5.141666666666667,8,3
2016-08-12,8074.7664,336.4486,336.4486,336.4486,336.4486,336.4486,336.4486,19.75,12.745833333333332,0.0,1023.4173913043478,257.0833333333333,5.404166666666666,8,4
2016-08-13,8074.7664,336.4486,336.4486,336.4486,336.4486,336.4486,336.4486,19.683333333333334,12.4125,0.0,1022.5782608695652,259.1666666666667,4.8625,8,5
2016-08-14,8074.7664,336.4486,336.4486,336.4486,336.4486,336.4486,336.4486,18.933333333333334,9.241666666666667,0.0,1025.3260869565217,123.33333333333333,2.004166666666667,8,6
2016-08-15,8074.7664,336.4486,336.4486,336.4486,336.4486,336.4486,336.4486,18.170833333333334,10.504166666666666,0.0,1024.4166666666667,88.75,3.4625,8,0
2016-08-16,8074.7664,336.4486,336.4486,336.4486,336.4486,336.4486,336.4486,18.20416666666667,11.445833333333333,0.0,1019.2375000000001,70.0,3.158333333333333,8,1
2016-08-17,8074.7664,336.4486,336.4486,336.4486,336.4486,336.4486,336.4486,19.758333333333333,11.450000000000001,0.0,1013.3000000000001,68.33333333333333,2.8000000000000003,8,2
2016-08-18,8074.7664,336.4486,336.4486,336.4486,336.4486,336.4486,336.4486,19.954166666666666,12.775,-0.5,1010.2666666666668,131.25,3.0,8,3
2016-08-19,8074.7664,336.4486,336.4486,336.4486,336.4486,336.4486,336.4486,17.537499999999998,15.058333333333332,5.0,1006.6458333333334,160.83333333333334,4.441666666666666,8,4
2016-08-20,8074.7664,336.4486,336.4486,336.4486,336.4486,336.4486,336.4486,17.2,12.7875,1.0,1006.6521739130435,209.58333333333334,7.466666666666668,8,5
2016-08-21,8074.7664,336.4486,336.4486,336.4486,336.4486,336.4486,336.4486,17.841666666666665,13.116666666666667,1.5,1016.1708333333332,242.91666666666666,6.983333333333333,8,6
2016-08-22,8074.7664,336.4486,336.4486,336.4486,336.4486,336.4486,336.4486,19.929166666666667,15.066666666666668,0.5,1023.1041666666666,216.25,5.470833333333334,8,0
2016-08-23,8074.7664,336.4486,336.4486,336.4486,336.4486,336.4486,336.4486,22.458333333333332,14.016666666666666,0.0,1022.2869565217391,140.41666666666666,3.470833333333333,8,1
2016-08-24,8074.7664,336.4486,336.4486,336.4486,336.4486,336.4486,336.4486,24.575,16.599999999999998,0.0,1017.7083333333334,194.16666666666666,2.0125,8,2
2016-08-25,8074.7664,336.4486,336.4486,336.4486,336.4486,336.4486,336.4486,22.829166666666666,17.962500000000002,14.5,1015.0833333333334,213.75,1.8333333333333333,8,3
2016-08-26,8074.7664,336.4486,336.4486,336.4486,336.4486,336.4486,336.4486,21.7,12.6625,-0.5,1017.6791666666667,287.5,2.4125,8,4
2016-08-27,8074.7664,336.4486,336.4486,336.4486,336.4486,336.4486,336.4486,21.104166666666668,15.299999999999999,0.0,1015.5916666666667,131.25,3.35,8,5
2016-08-28,8074.7664,336.4486,336.4486,336.4486,336.4486,336.4486,336.4486,18.7625,15.733333333333334,4.5,1013.2208333333333,225.0,4.904166666666667,8,6
2016-08-29,8074.7664,336.4486,336.4486,336.4486,336.4486,336.4486,336.4486,19.087500000000002,11.987499999999999,0.0,1021.725,257.9166666666667,2.1666666666666665,8,0
2016-08-30,8074.7664,336.4486,336.4486,336.4486,336.4486,336.4486,336.4486,19.708333333333332,11.554166666666667,0.0,1024.0791666666667,233.33333333333334,2.55,8,1
2016-08-31,8074.7664,336.4486,336.4486,336.4486,336.4486,336.4486,336.4486,18.3125,12.987499999999999,0.0,1020.7083333333334,238.33333333333334,3.733333333333333,8,2
2016-09-01,8074.7664,336.4486,336.4486,336.4486,336.4486,336.4486,336.4486,18.075,11.641666666666666,0.0,1022.7666666666668,244.58333333333334,3.216666666666667,9,3
2016-09-02,8074.7664,336.4486,336.4486,336.4486,336.4486,336.4486,336.4486,17.0,14.158333333333333,0.0,1018.9875000000001,222.08333333333334,4.4750000000000005,9,4
2016-09-03,8074.7664,336.4486,336.4486,336.4486,336.4486,336.4486,336.4486,16.795833333333334,13.754166666666668,0.5,1015.4708333333333,222.5,4.766666666666667,9,5
2016-09-04,8074.7664,336.4486,336.4486,336.4486,336.4486,336.4486,336.4486,18.0125,13.5625,3.5,1012.7916666666666,252.5,5.8999999999999995,9,6
2016-09-05,9373.8318,493.35956842105264,168.2243,1000.0,168.2243,1000.0,336.4486,18.258333333333333,16.525000000000002,5.0,1019.2739130434783,205.83333333333334,3.0083333333333333,9,0
2016-09-06,12000.0,923.0769230769231,500.0,1000.0,500.0,1000.0,1000.0,21.370833333333334,18.320833333333333,-0.5,1023.2913043478261,221.66666666666666,3.1833333333333336,9,1
2016-09-07,11000.0,1000.0,1000.0,1000.0,1000.0,1000.0,1000.0,22.0625,15.708333333333334,-1.0,1017.6208333333334,134.58333333333334,2.466666666666667,9,2
2016-09-08,10000.0,1000.0,1000.0,1000.0,1000.0,1000.0,1000.0,19.145833333333332,12.0375,0.0,1011.5708333333333,203.75,4.804166666666666,9,3
2016-09-09,10000.0,909.0909090909091,500.0,1000.0,500.0,1000.0,1000.0,19.466666666666665,14.8375,0.0,1014.8041666666667,197.91666666666666,5.5,9,4
2016-09-10,10000.0,909.0909090909091,500.0,1000.0,500.0,1000.0,1000.0,18.004166666666666,15.875,3.0,1012.7739130434783,209.16666666666666,4.520833333333333,9,5
2016-09-11,8000.0,1000.0,1000.0,1000.0,1000.0,1000.0,1000.0,15.279166666666667,9.245833333333334,1.0,1016.8208333333333,221.66666666666666,2.658333333333333,9,6
2016-09-12,10000.0,1000.0,1000.0,1000.0,1000.0,1000.0,1000.0,18.641666666666666,14.104166666666666,-0.5,1013.1041666666666,151.66666666666666,3.391666666666667,9,0
2016-09-13,12000.0,923.0769230769231,500.0,1000.0,500.0,1000.0,1000.0,24.254166666666666,15.879166666666668,0.0,1009.3416666666667,85.41666666666667,2.533333333333333,9,1
2016-09-14,12000.0,1000.0,500.0,1500.0,1500.0,1000.0,1000.0,22.895833333333332,15.820833333333333,0.0,1010.2875,143.75,3.125,9,2
2016-09-15,11000.0,1000.0,1000.0,1000.0,1000.0,1000.0,1000.0,21.3125,16.229166666666668,0.0,1009.7875,195.83333333333334,2.6916666666666664,9,3
2016-09-16,9000.0,1000.0,1000.0,1000.0,1000.0,1000.0,1000.0,16.320833333333333,13.295833333333334,35.0,1012.6666666666666,289.1666666666667,3.875,9,4
2016-09-17,7000.0,1000.0,1000.0,1000.0,1000.0,1000.0,1000.0,14.3375,11.291666666666666,-0.5,1020.2916666666666,275.0,4.120833333333333,9,5
2016-09-18,9000.0,1000.0,500.0,1500.0,1500.0,1000.0,1000.0,16.795833333333334,12.716666666666667,0.0,1021.4125,303.3333333333333,2.0416666666666665,9,6
2016-09-19,9000.0,1000.0,1000.0,1000.0,1000.0,1000.0,1000.0,15.729166666666666,13.070833333333333,0.0,1021.6875,297.9166666666667,1.55,9,0
2016-09-20,9000.0,1000.0,1000.0,1000.0,1000.0,1000.0,1000.0,16.054166666666667,12.9,1.0,1020.1875,200.83333333333334,1.7458333333333333,9,1
2016-09-21,10000.0,909.0909090909091,500.0,1000.0,500.0,1000.0,1000.0,17.712500000000002,12.9,0.0,1018.0541666666667,122.5,2.85,9,2
2016-09-22,10000.0,1000.0,1000.0,1000.0,1000.0,1000.0,1000.0,16.4875,12.341666666666667,0.0,1019.1625,216.25,3.4625,9,3
2016-09-23,9000.0,1000.0,1000.0,1000.0,1000.0,1000.0,1000.0,14.700000000000001,7.5874999999999995,0.0,1024.1000000000001,220.83333333333334,2.9291666666666667,9,4
2016-09-24,8000.0,1000.0,1000.0,1000.0,1000.0,1000.0,1000.0,17.8,11.5,0.0,1016.7521739130434,164.58333333333334,4.670833333333333,9,5
2016-09-25,9000.0,1000.0,1000.0,1000.0,1000.0,1000.0,1000.0,16.766666666666666,10.6,-0.5,1014.7375000000001,219.58333333333334,5.4375,9,6
2016-09-26,9000.0,1000.0,1000.0,1000.0,1000.0,1000.0,1000.0,13.929166666666667,10.170833333333333,2.0,1022.0375,180.0,3.1750000000000003,9,0
2016-09-27,9000.0,1000.0,1000.0,1000.0,1000.0,1000.0,1000.0,15.816666666666668,13.320833333333333,0.0,1022.5291666666667,184.16666666666666,4.375,9,1
2016-09-28,10000.0,1000.0,1000.0,1000.0,1000.0,1000.0,1000.0,16.933333333333334,13.579166666666666,0.0,1023.6541666666667,229.58333333333334,5.754166666666666,9,2
2016-09-29,9000.0,1000.0,1000.0,1000.0,1000.0,1000.0,1000.0,16.63478260869565,11.869565217391305,10.0,1015.091304347826,247.82608695652175,6.647826086956522,9,3
2016-09-30,9000.0,900.0,500.0,1000.0,500.0,1000.0,1000.0,14.125,9.1,-0.5,1012.3249999999999,226.66666666666666,4.3999999999999995,9,4
2016-10-01,8000.0,1000.0,1000.0,1000.0,1000.0,1000.0,1000.0,11.633333333333333,9.883333333333333,20.0,1006.408695652174,201.66666666666666,2.475,10,5
2016-10-02,8000.0,1000.0,1000.0,1000.0,1000.0,1000.0,1000.0,12.116666666666667,7.795833333333333,3.0,1016.8291666666668,314.1666666666667,2.5375,10,6
2016-10-03,8000.0,1000.0,1000.0,1000.0,1000.0,1000.0,1000.0,11.570833333333333,5.8125,0.0,1028.675,141.66666666666666,1.8583333333333334,10,0
2016-10-04,9000.0,1000.0,1000.0,1000.0,1000.0,1000.0,1000.0,14.104166666666666,10.1875,0.0,1029.9916666666666,73.33333333333333,4.9875,10,1
2016-10-05,8000.0,1000.0,1000.0,1000.0,1000.0,1000.0,1000.0,13.641666666666666,6.829166666666667,0.0,1029.5208333333333,85.0,6.170833333333333,10,2
2016-10-06,8000.0,1000.0,1000.0,1000.0,1000.0,1000.0,1000.0,12.170833333333334,4.883333333333334,0.0,1025.4333333333334,53.333333333333336,3.829166666666666,10,3
2016-10-07,8000.0,1000.0,1000.0,1000.0,1000.0,1000.0,1000.0,13.016666666666666,9.433333333333334,-0.5,1022.4739130434783,43.91304347826087,2.2041666666666666,10,4
2016-10-08,8000.0,888.8888888888889,500.0,1000.0,500.0,1000.0,1000.0,13.35,10.079166666666667,-0.5,1026.0083333333334,144.58333333333334,2.5125,10,5
2016-10-09,8000.0,1000.0,1000.0,1000.0,1000.0,1000.0,1000.0,11.579166666666666,7.220833333333334,0.0,1028.0166666666667,141.66666666666666,2.9916666666666667,10,6
2016-10-10,8000.0,1000.0,1000.0,1000.0,1000.0,1000.0,1000.0,9.716666666666667,5.875,0.0,1026.2166666666667,234.58333333333334,2.3291666666666666,10,0
2016-10-11,8000.0,1000.0,1000.0,1000.0,1000.0,1000.0,1000.0,10.299999999999999,6.220833333333334,0.0,1022.8874999999999,95.0,1.8625,10,1
2016-10-12,8000.0,1000.0,1000.0,1000.0,1000.0,1000.0,1000.0,11.966666666666667,8.383333333333333,11.0,1020.1541666666667,82.5,3.283333333333333,10,2
2016-10-13,8000.0,888.8888888888889,500.0,1000.0,500.0,1000.0,1000.0,10.745833333333332,7.066666666666666,4.5,1012.9652173913043,59.166666666666664,3.5875,10,3
2016-10-14,8000.0,888.8888888888889,500.0,1000.0,500.0,1000.0,1000.0,11.770833333333334,7.495833333333334,0.0,1006.1391304347826,55.0,2.8249999999999997,10,4
2016-10-15,8000.0,888.8888888888889,500.0,1000.0,500.0,1000.0,1000.0,12.129166666666668,9.179166666666667,-0.5,1006.7086956521739,144.58333333333334,3.0625,10,5
2016-10-16,8000.0,1000.0,1000.0,1000.0,1000.0,1000.0,1000.0,12.787500000000001,10.633333333333333,29.5,1012.0565217391304,152.08333333333334,4.241666666666666,10,6
2016-10-17,8000.0,1000.0,1000.0,1000.0,1000.0,1000.0,1000.0,12.720833333333333,10.049999999999999,5.0,1018.1913043478262,209.16666666666666,4.0625,10,0
2016-10-18,9000.0,1000.0,1000.0,1000.0,1000.0,1000.0,1000.0,10.95217391304348,6.456521739130435,-1.0,1019.8478260869565,255.83333333333334,5.304166666666666,10,1
2016-10-19,8000.0,1000.0,1000.0,1000.0,1000.0,1000.0,1000.0,11.3125,6.616666666666666,0.0,1021.3249999999999,300.8333333333333,3.7708333333333335,10,2
2016-10-20,8000.0,1000.0,1000.0,1000.0,1000.0,1000.0,1000.0,10.904166666666667,7.508333333333333,-0.5,1021.1541666666667,306.25,3.095833333333333,10,3
2016-10-21,9000.0,1000.0,500.0,1500.0,1500.0,1000.0,1000.0,10.375,7.204166666666667,0.0,1020.0916666666667,292.9166666666667,2.8249999999999997,10,4
2016-10-22,7000.0,1000.0,1000.0,1000.0,1000.0,1000.0,1000.0,9.325,6.575,0.0,1016.4541666666668,132.91666666666666,2.2125,10,5
2016-10-23,7000.0,1000.0,1000.0,1000.0,1000.0,1000.0,1000.0,9.670833333333333,6.191666666666666,0.0,1011.8000000000001,55.416666666666664,3.408333333333333,10,6
2016-10-24,8000.0,1000.0,1000.0,1000.0,1000.0,1000.0,1000.0,11.245833333333332,7.300000000000001,-0.5,1013.1208333333334,54.166666666666664,3.0083333333333333,10,0
2016-10-25,8000.0,1000.0,1000.0,1000.0,1000.0,1000.0,1000.0,11.233333333333334,9.058333333333334,1.5,1022.7304347826087,66.08695652173913,1.4333333333333333,10,1
2016-10-26,9000.0,1000.0,1000.0,1000.0,1000.0,1000.0,1000.0,12.583333333333334,10.612499999999999,-0.5,1028.3833333333334,242.91666666666666,3.375,10,2
2016-10-27,8000.0,1000.0,1000.0,1000.0,1000.0,1000.0,1000.0,11.904166666666667,9.595833333333333,0.0,1031.9416666666666,240.0,4.145833333333333,10,3
2016-10-28,9000.0,900.0,500.0,1000.0,500.0,1000.0,1000.0,14.0,10.570833333333333,0.0,1033.8916666666667,257.0833333333333,3.5124999999999997,10,4
2016-10-29,8000.0,888.8888888888889,500.0,1000.0,500.0,1000.0,1000.0,13.3375,11.487499999999999,-0.5,1034.5083333333334,182.91666666666666,1.2083333333333333,10,5
2016-10-30,8000.0,1000.0,1000.0,1000.0,1000.0,1000.0,1000.0,10.545833333333333,10.083333333333334,0.0,1030.5541666666666,111.66666666666667,1.5083333333333335,10,6
2016-10-31,8000.0,1000.0,1000.0,1000.0,1000.0,1000.0,1000.0,12.829166666666666,10.674999999999999,0.0,1027.0478260869565,56.666666666666664,1.1958333333333333,10,0
2016-11-01,9000.0,1125.0,1000.0,2000.0,2000.0,1000.0,1000.0,9.395833333333334,7.858333333333333,0.0,1024.2833333333333,140.41666666666666,2.1625,11,1
2016-11-02,8000.0,1000.0,1000.0,1000.0,1000.0,1000.0,1000.0,6.620833333333334,2.6666666666666665,0.0,1024.9666666666667,306.6666666666667,2.1583333333333337,11,2
2016-11-03,8000.0,1000.0,1000.0,1000.0,1000.0,1000.0,1000.0,6.683333333333334,3.3333333333333335,0.0,1021.3458333333333,257.5,2.3958333333333335,11,3
2016-11-04,8000.0,1000.0,1000.0,1000.0,1000.0,1000.0,1000.0,8.266666666666667,6.391666666666667,2.5,1009.8208333333333,248.75,2.308333333333333,11,4
2016-11-05,7000.0,1000.0,1000.0,1000.0,1000.0,1000.0,1000.0,5.470833333333334,2.4875,0.0,1006.0916666666667,299.1666666666667,3.3874999999999997,11,5
2016-11-06,7000.0,1000.0,1000.0,1000.0,1000.0,1000.0,1000.0,4.483333333333333,0.6708333333333334,0.0,1006.5666666666666,315.0,4.3,11,6
2016-11-07,8000.0,1000.0,1000.0,1000.0,1000.0,1000.0,1000.0,5.904166666666666,2.225,0.5,1011.8916666666668,313.3333333333333,4.533333333333333,11,0
2016-11-08,8000.0,1000.0,1000.0,1000.0,1000.0,1000.0,1000.0,3.1666666666666665,0.4666666666666666,0.0,1010.0291666666667,231.25,2.6958333333333333,11,1
2016-11-09,8000.0,1000.0,1000.0,1000.0,1000.0,1000.0,1000.0,6.5625,5.083333333333333,40.0,1000.2166666666667,218.75,4.358333333333333,11,2
2016-11-10,8000.0,1000.0,1000.0,1000.0,1000.0,1000.0,1000.0,6.866666666666667,4.708333333333333,-1.0,1007.5375,262.5,3.7416666666666667,11,3
2016-11-11,8000.0,1000.0,1000.0,1000.0,1000.0,1000.0,1000.0,6.0375000000000005,2.970833333333333,1.0,1020.7791666666667,210.83333333333334,2.2208333333333337,11,4
2016-11-12,7000.0,1000.0,1000.0,1000.0,1000.0,1000.0,1000.0,8.604166666666666,7.754166666666666,35.0,1016.8541666666666,162.91666666666666,2.733333333333333,11,5
2016-11-13,7000.0,1000.0,1000.0,1000.0,1000.0,1000.0,1000.0,7.8999999999999995,5.575,0.5,1026.7541666666666,314.1666666666667,2.0541666666666667,11,6
2016-11-14,8000.0,1000.0,1000.0,1000.0,1000.0,1000.0,1000.0,9.700000000000001,8.6,1.0,1029.5625,229.16666666666666,3.6875,11,0
2016-11-15,9000.0,1000.0,1000.0,1000.0,1000.0,1000.0,1000.0,13.737499999999999,12.420833333333334,-0.5,1025.4416666666666,257.9166666666667,4.266666666666667,11,1
2016-11-16,9000.0,1000.0,1000.0,1000.0,1000.0,1000.0,1000.0,12.262500000000001,9.950000000000001,0.5,1015.4541666666668,245.41666666666666,6.045833333333333,11,2
2016-11-17,8000.0,1000.0,1000.0,1000.0,1000.0,1000.0,1000.0,9.025,5.654166666666666,14.5,1000.7458333333334,227.91666666666666,6.141666666666667,11,3
2016-11-18,8000.0,1000.0,1000.0,1000.0,1000.0,1000.0,1000.0,5.3999999999999995,2.1333333333333333,-1.0,995.7666666666668,234.16666666666666,5.125,11,4
2016-11-19,7000.0,1000.0,1000.0,1000.0,1000.0,1000.0,1000.0,4.708333333333333,2.5875,0.0,1000.2541666666666,198.33333333333334,3.533333333333333,11,5
2016-11-20,7000.0,1000.0,1000.0,1000.0,1000.0,1000.0,1000.0,6.870833333333334,5.441666666666666,25.0,989.0523809523809,188.33333333333334,5.191666666666666,11,6
2016-11-21,8000.0,1000.0,1000.0,1000.0,1000.0,1000.0,1000.0,8.895833333333334,7.833333333333333,30.0,989.0666666666666,105.83333333333333,4.6625,11,0
2016-11-22,8000.0,1000.0,1000.0,1000.0,1000.0,1000.0,1000.0,9.7875,6.508333333333333,3.0,999.4666666666667,192.08333333333334,5.791666666666667,11,1
2016-11-23,8000.0,1000.0,1000.0,1000.0,1000.0,1000.0,1000.0,7.719047619047619,6.057142857142857,0.0,1017.4857142857143,120.95238095238095,3.0857142857142854,11,2
2016-11-24,7673.4691,319.7278791666667,163.2653,326.5306,163.2653,326.5306,326.5306,9.620833333333334,6.341666666666666,-0.5,1022.9458333333333,47.083333333333336,5.691666666666666,11,3
2016-11-25,8326.5306,832.65306,163.2653,1000.0,163.2653,1000.0,1000.0,7.6125,3.2458333333333336,0.0,1021.9541666666668,45.833333333333336,4.795833333333333,11,4
2016-11-26,7000.0,1000.0,1000.0,1000.0,1000.0,1000.0,1000.0,5.691666666666666,4.433333333333334,0.0,1021.0749999999999,30.0,2.4125,11,5
2016-11-27,7000.0,1000.0,1000.0,1000.0,1000.0,1000.0,1000.0,6.908333333333334,4.175,0.0,1024.9541666666667,61.666666666666664,2.7375000000000003,11,6
2016-11-28,8000.0,1000.0,1000.0,1000.0,1000.0,1000.0,1000.0,6.329166666666667,0.15416666666666667,0.0,1029.9666666666667,59.166666666666664,3.9375,11,0
2016-11-29,7000.0,1000.0,1000.0,1000.0,1000.0,1000.0,1000.0,2.0375,-2.6041666666666665,0.0,1034.0833333333333,56.25,1.8375000000000001,11,1
2016-11-30,6000.0,1000.0,1000.0,1000.0,1000.0,1000.0,1000.0,0.6875,-2.65,0.0,1034.8416666666667,277.0833333333333,1.6333333333333335,11,2
2016-12-01,8000.0,1000.0,1000.0,1000.0,1000.0,1000.0,1000.0,2.1999999999999997,-1.1708333333333334,0.0,1030.95,276.6666666666667,2.154166666666667,12,3
2016-12-02,8000.0,1000.0,1000.0,1000.0,1000.0,1000.0,1000.0,5.945833333333333,4.0249999999999995,0.0,1026.9416666666666,163.75,1.2833333333333334,12,4
2016-12-03,6714.285999999999,279.76191666666665,142.8571,285.7143,142.8571,285.7143,285.7143,5.654166666666666,1.9083333333333332,1.0,1025.4875,61.666666666666664,3.233333333333333,12,5
2016-12-04,6285.7142,785.714275,142.8571,1000.0,142.8571,1000.0,1000.0,3.4125,-0.23333333333333336,0.0,1023.9583333333334,70.0,2.9458333333333333,12,6
2016-12-05,8000.0,888.8888888888889,500.0,1000.0,500.0,1000.0,1000.0,3.15,1.1791666666666667,0.0,1024.5,51.25,1.7333333333333334,12,0
2016-12-06,8000.0,888.8888888888889,500.0,1000.0,1000.0,1000.0,1000.0,6.891666666666667,6.258333333333333,0.0,1027.0708333333334,143.33333333333334,1.9083333333333334,12,1
2016-12-07,8000.0,1000.0,1000.0,1000.0,1000.0,1000.0,1000.0,10.870833333333332,9.079166666666667,0.0,1026.3416666666667,194.16666666666666,3.170833333333333,12,2
2016-12-08,8000.0,1000.0,1000.0,1000.0,1000.0,1000.0,1000.0,11.620833333333332,10.116666666666667,0.0,1025.625,201.25,3.9791666666666665,12,3
2016-12-09,9000.0,1000.0,500.0,1500.0,1500.0,1000.0,1000.0,12.229166666666666,10.5875,-0.5,1025.4666666666667,202.08333333333334,3.808333333333333,12,4
2016-12-10,7000.0,1000.0,1000.0,1000.0,1000.0,1000.0,1000.0,11.758333333333333,10.545833333333333,-0.5,1020.875,224.58333333333334,4.520833333333333,12,5
2016-12-11,7000.0,1000.0,1000.0,1000.0,1000.0,1000.0,1000.0,6.616666666666667,5.366666666666667,20.0,1024.7291666666667,246.25,3.3666666666666667,12,6
2016-12-12,7673.4691,319.7278791666667,163.2653,326.5306,163.2653,326.5306,326.5306,7.208333333333333,6.529166666666666,1.0,1022.5041666666666,145.0,3.0291666666666663,12,0
2016-12-13,8326.5306,832.65306,163.2653,1000.0,163.2653,1000.0,1000.0,10.8375,9.929166666666667,0.5,1019.9541666666668,175.41666666666666,3.1791666666666667,12,1
2016-12-14,8000.0,1000.0,1000.0,1000.0,1000.0,1000.0,1000.0,9.454166666666667,6.833333333333333,-0.5,1019.7708333333334,135.83333333333334,3.095833333333333,12,2
2016-12-15,8000.0,1000.0,1000.0,1000.0,1000.0,1000.0,1000.0,8.575000000000001,7.2625,0.0,1019.0124999999999,130.83333333333334,3.404166666666667,12,3
2016-12-16,8000.0,1000.0,1000.0,1000.0,1000.0,1000.0,1000.0,9.575000000000001,7.929166666666667,0.0,1024.925,143.75,2.0,12,4
2016-12-17,7000.0,1000.0,1000.0,1000.0,1000.0,1000.0,1000.0,6.4375,6.3,0.0,1037.5541666666666,257.0833333333333,1.3333333333333333,12,5
2016-12-18,6000.0,1000.0,1000.0,1000.0,1000.0,1000.0,1000.0,6.745833333333334,6.104166666666667,0.0,1036.2291666666667,249.58333333333334,1.4666666666666668,12,6
2016-12-19,8000.0,888.8888888888889,500.0,1000.0,500.0,1000.0,1000.0,5.8125,4.920833333333333,-0.5,1027.3791666666666,210.0,1.7916666666666667,12,0
2016-12-20,8000.0,1000.0,1000.0,1000.0,1000.0,1000.0,1000.0,5.504166666666666,3.0875,-0.5,1021.1708333333332,126.66666666666667,3.3041666666666667,12,1
2016-12-21,7000.0,1000.0,1000.0,1000.0,1000.0,1000.0,1000.0,9.291666666666666,7.45,1.0,1019.4291666666667,211.66666666666666,4.675,12,2
2016-12-22,8000.0,888.8888888888889,500.0,1000.0,500.0,1000.0,1000.0,6.570833333333333,4.254166666666666,1.0,1027.4291666666666,232.91666666666666,2.9250000000000003,12,3
2016-12-23,7000.0,1000.0,1000.0,1000.0,1000.0,1000.0,1000.0,8.391666666666667,6.8999999999999995,-0.5,1025.9833333333333,212.08333333333334,5.604166666666667,12,4
2016-12-24,7000.0,875.0,500.0,1000.0,500.0,1000.0,1000.0,8.154166666666667,4.75,5.0,1026.2,235.83333333333334,6.395833333333333,12,5
2016-12-25,7000.0,875.0,500.0,1000.0,500.0,1000.0,1000.0,11.645833333333334,8.887500000000001,-0.5,1023.5333333333333,232.91666666666666,7.420833333333333,12,6
2016-12-26,7000.0,875.0,500.0,1000.0,500.0,1000.0,1000.0,7.2375,3.2708333333333335,-0.5,1031.6375,262.9166666666667,4.729166666666667,12,0
2016-12-27,6000.0,1000.0,1000.0,1000.0,1000.0,1000.0,1000.0,2.2583333333333333,0.3,0.0,1043.7958333333333,221.25,1.2416666666666667,12,1
2016-12-28,7000.0,875.0,500.0,1000.0,500.0,1000.0,1000.0,1.9833333333333334,0.8166666666666665,1.0,1042.5874999999999,84.16666666666667,1.4833333333333334,12,2
2016-12-29,8000.0,888.8888888888889,500.0,1000.0,500.0,1000.0,1000.0,2.6125000000000003,1.0166666666666666,1.0,1037.4291666666666,130.0,1.4041666666666668,12,3
2016-12-30,7000.0,1000.0,1000.0,1000.0,1000.0,1000.0,1000.0,1.4375,1.4375,0.0,1036.6291666666666,248.75,1.4416666666666667,12,4
2016-12-31,7000.0,1000.0,1000.0,1000.0,1000.0,1000.0,1000.0,6.141666666666667,5.383333333333333,0.0,1030.8791666666666,223.33333333333334,2.9791666666666665,12,5
2017-01-01,6000.0,1000.0,1000.0,1000.0,1000.0,1000.0,1000.0,6.179166666666667,4.9875,1.0,1018.6166666666667,139.16666666666666,3.8125,1,6
2017-01-02,7000.0,875.0,500.0,1000.0,500.0,1000.0,1000.0,2.779166666666667,0.6375000000000001,5.0,1028.4791666666667,192.5,2.795833333333333,1,0
2017-01-03,8000.0,888.8888888888889,500.0,1000.0,500.0,1000.0,1000.0,1.6041666666666667,-0.3208333333333333,1.0,1028.2041666666667,263.75,3.6999999999999997,1,1
2017-01-04,8000.0,1000.0,1000.0,1000.0,1000.0,1000.0,1000.0,4.6875,0.9791666666666666,0.0,1025.7166666666667,265.0,3.7291666666666665,1,2
2017-01-05,7000.0,1000.0,1000.0,1000.0,1000.0,1000.0,1000.0,1.1916666666666667,-1.5541666666666665,0.0,1034.4333333333334,256.25,1.1333333333333333,1,3
2017-01-06,8000.0,888.8888888888889,500.0,1000.0,500.0,1000.0,1000.0,2.504166666666667,1.1791666666666665,0.0,1036.1875,152.08333333333334,2.345833333333333,1,4
2017-01-07,7000.0,1000.0,1000.0,1000.0,1000.0,1000.0,1000.0,8.737499999999999,8.195833333333333,16.0,1032.0541666666666,270.4166666666667,2.3249999999999997,1,5
2017-01-08,7000.0,1000.0,1000.0,1000.0,1000.0,1000.0,1000.0,8.775,8.379166666666666,1.0,1032.0791666666667,179.58333333333334,1.3625,1,6
2017-01-09,8000.0,1000.0,1000.0,1000.0,1000.0,1000.0,1000.0,7.908333333333334,6.7375,0.5,1019.2791666666667,223.33333333333334,4.8500000000000005,1,0
2017-01-10,8000.0,1000.0,1000.0,1000.0,1000.0,1000.0,1000.0,6.220833333333334,4.029166666666667,-0.5,1011.2333333333332,259.5833333333333,4.208333333333333,1,1
2017-01-11,8000.0,1000.0,1000.0,1000.0,1000.0,1000.0,1000.0,8.191666666666666,3.5583333333333336,-0.5,1011.225,264.5833333333333,5.341666666666666,1,2
2017-01-12,7000.0,1000.0,1000.0,1000.0,1000.0,1000.0,1000.0,4.604166666666667,2.0708333333333333,1.0,1005.0124999999999,245.83333333333334,4.720833333333333,1,3
2017-01-13,7806.897199999999,325.2873833333333,289.6552,1144.8276,1144.8276,289.6552,289.6552,2.9166666666666665,-0.8166666666666668,11.0,1009.3083333333334,290.0,6.116666666666666,1,4
2017-01-14,6951.7248,289.6552,289.6552,289.6552,289.6552,289.6552,289.6552,2.5,0.37083333333333335,-0.5,1020.3375,285.0,3.5374999999999996,1,5
2017-01-15,6951.7248,289.6552,289.6552,289.6552,289.6552,289.6552,289.6552,5.533333333333332,5.020833333333333,15.0,1022.75,284.1666666666667,2.6166666666666667,1,6
2017-01-16,8289.655200000001,921.0728000000001,144.8276,1144.8276,144.8276,1000.0,1000.0,5.3875,4.4624999999999995,19.0,1027.7458333333334,115.83333333333333,2.120833333333333,1,0
2017-01-17,8000.0,1000.0,1000.0,1000.0,1000.0,1000.0,1000.0,2.4250000000000003,-0.9083333333333333,0.0,1035.9333333333334,123.33333333333333,1.6291666666666667,1,1
2017-01-18,8000.0,1000.0,1000.0,1000.0,1000.0,1000.0,1000.0,0.9272727272727272,-3.4681818181818183,0.0,1038.7619047619048,134.28571428571428,0.7954545454545454,1,2
2017-01-19,8000.0,1000.0,1000.0,1000.0,1000.0,1000.0,1000.0,1.7791666666666668,-1.7541666666666667,0.0,1037.2375,100.83333333333333,1.866666666666667,1,3
2017-01-20,7000.0,1000.0,1000.0,1000.0,1000.0,1000.0,1000.0,2.2375,-2.191666666666667,0.0,1033.4750000000001,56.666666666666664,2.658333333333333,1,4
2017-01-21,7000.0,875.0,500.0,1000.0,500.0,1000.0,1000.0,0.7541666666666668,-3.1374999999999997,0.0,1028.0541666666666,97.91666666666667,2.629166666666667,1,5
2017-01-22,7000.0,1000.0,1000.0,1000.0,1000.0,1000.0,1000.0,0.07916666666666665,-2.120833333333333,0.0,1027.2416666666666,152.5,0.9833333333333334,1,6
2017-01-23,8000.0,1000.0,1000.0,1000.0,1000.0,1000.0,1000.0,0.6,-0.16666666666666666,1.0,1028.3833333333334,247.08333333333334,1.0250000000000001,1,0
2017-01-24,7000.0,1000.0,1000.0,1000.0,1000.0,1000.0,1000.0,3.295833333333333,1.6125,0.0,1028.2375,254.16666666666666,1.3208333333333333,1,1
2017-01-25,8000.0,888.8888888888889,500.0,1000.0,500.0,1000.0,1000.0,1.0583333333333333,0.7000000000000001,1.0,1027.7166666666667,148.33333333333334,2.0125,1,2
2017-01-26,7000.0,875.0,500.0,1000.0,500.0,1000.0,1000.0,-0.6375000000000001,-2.5458333333333334,0.0,1020.1291666666666,125.41666666666667,4.4125,1,3
2017-01-27,0.0,,,,,,,3.108333333333333,1.1375,0.0,1010.7458333333334,102.5,3.3833333333333333,1,4
2017-01-28,0.0,,,,,,,7.3125,4.0375000000000005,-0.5,1010.1208333333334,193.75,4.841666666666667,1,5
2017-01-29,0.0,,,,,,,6.1499999999999995,5.170833333333333,0.5,1011.7416666666667,187.08333333333334,3.9875000000000003,1,6
2017-01-30,0.0,,,,,,,7.675,6.633333333333333,30.0,1010.9083333333333,155.0,3.016666666666666,1,0
2017-01-31,0.0,,,,,,,7.041666666666667,6.6125,3.0,1012.8916666666668,112.5,3.875,1,1
2017-02-01,0.0,,,,,,,10.383333333333335,9.458333333333334,15.0,1006.6125000000001,165.83333333333334,4.141666666666667,2,2
2017-02-02,0.0,,,,,,,10.345833333333333,8.591666666666667,3.5,997.1666666666666,170.41666666666666,6.595833333333334,2,3
2017-02-03,0.0,,,,,,,8.216666666666667,5.816666666666666,-1.0,994.8375,170.41666666666666,6.520833333333333,2,4
2017-02-04,0.0,,,,,,,5.233333333333333,2.7624999999999997,4.0,997.3041666666667,204.16666666666666,2.2916666666666665,2,5
2017-02-05,0.0,,,,,,,4.654166666666667,3.2458333333333336,2.0,1003.6208333333334,139.58333333333334,2.7083333333333335,2,6
2017-02-06,0.0,,,,,,,3.9291666666666667,2.2583333333333333,0.0,1017.3291666666668,200.41666666666666,2.7874999999999996,2,0
2017-02-07,0.0,,,,,,,7.004166666666666,4.483333333333333,31.0,1014.275,230.41666666666666,2.3875,2,1
2017-02-08,0.0,,,,,,,4.258333333333334,1.9541666666666666,-0.5,1026.1708333333333,140.0,2.3458333333333337,2,2
2017-02-09,0.0,,,,,,,2.0875,-0.3583333333333334,0.0,1027.7833333333333,46.666666666666664,3.3083333333333336,2,3
2017-02-10,0.0,,,,,,,1.5541666666666665,0.3458333333333334,-1.0,1024.0041666666666,97.91666666666667,3.558333333333333,2,4
2017-02-11,0.0,,,,,,,1.6624999999999999,0.10833333333333334,1.5,1022.5583333333334,145.0,3.516666666666667,2,5
2017-02-12,0.0,,,,,,,3.216666666666667,1.5833333333333333,2.5,1022.4291666666667,55.0,4.554166666666666,2,6
2017-02-13,0.0,,,,,,,6.1499999999999995,2.9458333333333333,0.0,1021.7791666666667,75.41666666666667,5.7875000000000005,2,0
2017-02-14,0.0,,,,,,,7.133333333333333,3.6833333333333336,0.0,1023.2416666666667,105.0,3.5541666666666667,2,1
2017-02-15,0.0,,,,,,,8.883333333333333,7.783333333333334,0.0,1027.7541666666666,158.75,3.6125000000000003,2,2
2017-02-16,0.0,,,,,,,8.441666666666666,5.920833333333333,1.0,1029.6125,240.0,3.608333333333333,2,3
2017-02-17,0.0,,,,,,,9.116666666666667,6.1000000000000005,1.0,1027.8625,240.0,2.7291666666666665,2,4
2017-02-18,0.0,,,,,,,7.6625000000000005,5.370833333333334,0.0,1025.2749999999999,202.5,3.108333333333333,2,5
2017-02-19,0.0,,,,,,,8.362499999999999,6.179166666666667,0.0,1022.5166666666668,237.91666666666666,3.5499999999999994,2,6
2017-02-20,0.0,,,,,,,12.308333333333332,9.954166666666667,-0.5,1018.8916666666668,256.25,5.375,2,0
2017-02-21,0.0,,,,,,,11.487499999999999,9.512500000000001,1.0,1016.1125000000001,255.41666666666666,6.129166666666666,2,1
2017-02-22,0.0,,,,,,,11.908333333333333,9.354166666666666,-0.5,1008.475,250.83333333333334,8.545833333333333,2,2
2017-02-23,0.0,,,,,,,9.475,4.679166666666666,11.0,998.4125,253.75,10.429166666666667,2,3
2017-02-24,0.0,,,,,,,6.0125,-0.07916666666666668,-0.5,1016.0541666666667,272.5,3.9375,2,4
2017-02-25,0.0,,,,,,,8.391666666666667,5.7875000000000005,-0.5,1013.7041666666668,211.66666666666666,6.216666666666666,2,5
2017-02-26,0.0,,,,,,,10.25,8.025,3.0,1005.9041666666667,220.41666666666666,7.383333333333334,2,6
2017-02-27,0.0,,,,,,,6.791666666666667,5.095833333333333,25.0,990.2458333333334,209.16666666666666,5.3999999999999995,2,0
2017-02-28,0.0,,,,,,,4.5,1.9291666666666665,5.0,988.6541666666667,243.33333333333334,5.808333333333334,2,1
2017-03-01,0.0,,,,,,,7.095833333333334,4.0874999999999995,1.0,998.3333333333334,236.25,5.25,3,2
2017-03-02,0.0,,,,,,,7.6125,0.6541666666666667,3.0,1008.2624999999999,240.41666666666666,8.091666666666667,3,3
2017-03-03,0.0,,,,,,,8.066666666666666,6.170833333333333,10.0,998.8833333333333,145.83333333333334,4.170833333333333,3,4
2017-03-04,0.0,,,,,,,8.6625,5.3625,20.0,989.4250000000001,202.08333333333334,4.870833333333334,3,5
2017-03-05,0.0,,,,,,,7.270833333333333,4.208333333333333,11.0,991.3666666666667,227.91666666666666,7.116666666666667,3,6
2017-03-06,0.0,,,,,,,7.045833333333333,2.4791666666666665,3.0,1004.4916666666667,285.0,4.004166666666666,3,0
2017-03-07,0.0,,,,,,,7.608333333333333,2.7916666666666665,0.0,1016.5041666666666,257.0833333333333,3.6875,3,1
2017-03-08,0.0,,,,,,,10.975,8.866666666666667,5.0,1012.6666666666666,233.75,5.125,3,2
2017-03-09,0.0,,,,,,,12.604166666666666,6.3875,0.0,1020.5,226.66666666666666,4.145833333333333,3,3
2017-03-10,0.0,,,,,,,9.625,7.245833333333334,-0.5,1025.1499999999999,150.41666666666666,3.095833333333333,3,4
2017-03-11,0.0,,,,,,,12.383333333333333,9.549999999999999,0.0,1018.225,165.0,2.966666666666667,3,5
2017-03-12,0.0,,,,,,,10.629166666666666,8.416666666666666,10.0,1015.1458333333334,268.3333333333333,1.9166666666666667,3,6
2017-03-13,0.0,,,,,,,10.491666666666667,5.220833333333333,-0.5,1028.4521739130435,282.9166666666667,2.9499999999999997,3,0
2017-03-14,0.0,,,,,,,11.083333333333334,8.4,0.0,1032.3541666666667,260.4166666666667,4.395833333333333,3,1
2017-03-15,0.0,,,,,,,11.895833333333334,8.029166666666667,0.0,1032.5333333333333,275.0,2.033333333333333,3,2
2017-03-16,0.0,,,,,,,9.05,6.966666666666666,0.0,1023.1541666666667,237.5,3.8125,3,3
2017-03-17,0.0,,,,,,,8.533333333333333,3.8708333333333336,0.0,1017.3666666666667,262.9166666666667,6.429166666666667,3,4
2017-03-18,0.0,,,,,,,12.291666666666666,9.7875,1.5,1010.4208333333332,257.9166666666667,7.804166666666667,3,5
2017-03-19,0.0,,,,,,,12.758333333333333,9.1,0.0,1009.1666666666666,247.08333333333334,8.458333333333334,3,6
2017-03-20,0.0,,,,,,,10.645833333333334,8.454166666666667,0.5,1004.5833333333334,230.41666666666666,6.979166666666667,3,0
2017-03-21,0.0,,,,,,,7.5249999999999995,1.2541666666666667,0.0,1009.0124999999999,238.75,6.1000000000000005,3,1
2017-03-22,0.0,,,,,,,7.229166666666667,3.8041666666666667,9.5,1006.4583333333334,152.91666666666666,4.929166666666666,3,2
2017-03-23,0.0,,,,,,,8.612499999999999,4.629166666666666,-1.0,1015.2416666666667,57.5,5.3,3,3
2017-03-24,0.0,,,,,,,8.975,4.7749999999999995,0.0,1028.0249999999999,53.333333333333336,4.908333333333333,3,4
2017-03-25,0.0,,,,,,,9.504166666666666,-1.0583333333333333,0.0,1029.1583333333333,50.0,4.920833333333333,3,5
2017-03-26,0.0,,,,,,,9.9375,3.2458333333333336,0.0,1024.1875,65.0,4.7,3,6
2017-03-27,0.0,,,,,,,10.15,5.729166666666667,0.0,1021.9875000000001,72.08333333333333,3.220833333333333,3,0
2017-03-28,0.0,,,,,,,11.233333333333334,7.329166666666667,0.0,1020.0833333333334,161.66666666666666,3.8541666666666665,3,1
2017-03-29,0.0,,,,,,,13.049999999999999,9.975,-0.5,1021.6666666666666,211.66666666666666,5.716666666666666,3,2
2017-03-30,0.0,,,,,,,15.9,8.404166666666667,-0.5,1018.4333333333334,179.58333333333334,4.395833333333333,3,3
2017-03-31,0.0,,,,,,,13.0875,7.595833333333334,1.0,1010.0749999999999,193.33333333333334,4.770833333333333,3,4
2017-04-01,0.0,,,,,,,11.833333333333334,6.825,-0.5,1009.8083333333334,215.0,4.504166666666666,4,5
2017-04-02,0.0,,,,,,,10.970833333333333,5.483333333333333,0.0,1021.7875,269.1666666666667,1.9166666666666667,4,6
2017-04-03,0.0,,,,,,,10.866666666666667,5.7,0.0,1025.2416666666666,143.33333333333334,3.5541666666666667,4,0
2017-04-04,0.0,,,,,,,11.654166666666667,8.629166666666666,-0.5,1026.0125,245.0,2.6041666666666665,4,1
2017-04-05,0.0,,,,,,,10.1625,3.8166666666666664,0.0,1030.9958333333334,329.1666666666667,2.9375,4,2
2017-04-06,0.0,,,,,,,11.566666666666668,4.8999999999999995,0.0,1030.5666666666666,303.75,1.6833333333333333,4,3
2017-04-07,0.0,,,,,,,11.558333333333332,5.375,0.0,1027.1708333333333,217.5,1.7958333333333334,4,4
2017-04-08,0.0,,,,,,,12.9625,5.55,0.0,1023.5916666666667,179.58333333333334,2.1875,4,5
2017-04-09,0.0,,,,,,,15.958333333333334,7.033333333333334,0.0,1020.2416666666667,180.0,4.291666666666667,4,6
2017-04-10,0.0,,,,,,,11.054166666666667,3.1125000000000003,0.0,1025.5666666666666,317.5,3.2125,4,0
2017-04-11,0.0,,,,,,,10.891666666666666,3.5083333333333333,0.0,1027.1,281.25,3.8041666666666667,4,1
2017-04-12,0.0,,,,,,,11.329166666666666,5.091666666666667,0.0,1019.15,272.9166666666667,4.904166666666667,4,2
2017-04-13,0.0,,,,,,,10.629166666666666,2.2416666666666667,-0.5,1018.4125,299.5833333333333,2.829166666666666,4,3
2017-04-14,0.0,,,,,,,11.395833333333334,5.116666666666666,0.0,1016.8916666666668,262.5,4.616666666666666,4,4
2017-04-15,0.0,,,,,,,11.299999999999999,3.3541666666666665,-0.5,1018.3541666666666,288.3333333333333,4.458333333333333,4,5
2017-04-16,0.0,,,,,,,10.75,4.233333333333333,0.0,1021.8791666666666,272.5,4.566666666666666,4,6
2017-04-17,0.0,,,,,,,9.762500000000001,4.3625,2.0,1023.0208333333334,161.66666666666666,2.654166666666667,4,0
2017-04-18,0.0,,,,,,,8.491666666666667,-0.08749999999999998,0.0,1031.0260869565216,64.16666666666667,3.7708333333333335,4,1
2017-04-19,0.0,,,,,,,9.233333333333333,-0.4041666666666666,0.0,1036.5083333333334,94.58333333333333,2.2583333333333333,4,2
2017-04-20,0.0,,,,,,,10.904166666666667,4.920833333333333,0.0,1035.7958333333333,244.58333333333334,3.1999999999999997,4,3
2017-04-21,0.0,,,,,,,12.045833333333334,6.454166666666667,1.0,1031.7208333333333,294.5833333333333,2.7125,4,4
2017-04-22,0.0,,,,,,,11.766666666666666,4.454166666666667,0.0,1028.4624999999999,242.08333333333334,2.8666666666666667,4,5
2017-04-23,0.0,,,,,,,11.404166666666667,4.104166666666667,0.0,1025.8708333333334,202.08333333333334,3.4749999999999996,4,6
2017-04-24,0.0,,,,,,,9.633333333333333,4.4875,1.0,1016.1374999999999,275.8333333333333,3.75,4,0
2017-04-25,0.0,,,,,,,5.779166666666666,-2.75,-0.5,1014.2083333333334,308.3333333333333,3.7708333333333335,4,1
2017-04-26,0.0,,,,,,,5.866666666666667,0.9625,2.0,1018.2583333333333,237.5,3.6333333333333333,4,2
2017-04-27,0.0,,,,,,,6.925,2.004166666666667,0.0,1019.0875,287.0833333333333,3.1875,4,3
2017-04-28,0.0,,,,,,,10.433333333333334,4.8500000000000005,-1.0,1016.8625000000001,284.5833333333333,2.004166666666667,4,4
2017-04-29,0.0,,,,,,,11.025,3.6208333333333336,0.0,1014.4583333333334,187.91666666666666,3.6,4,5
2017-04-30,0.0,,,,,,,13.308333333333332,4.0125,0.0,1002.0041666666666,116.25,6.7625,4,6
2017-05-01,0.0,,,,,,,10.541666666666666,7.3500000000000005,7.0,1004.7875,106.25,4.179166666666666,5,0
2017-05-02,0.0,,,,,,,11.754166666666668,6.420833333333333,-0.5,1019.1125000000001,58.75,3.0124999999999997,5,1
2017-05-03,0.0,,,,,,,9.633333333333333,6.441666666666666,-0.5,1022.2916666666666,39.583333333333336,3.7874999999999996,5,2
2017-05-04,0.0,,,,,,,11.237499999999999,6.8875,1.0,1022.4666666666667,37.916666666666664,4.370833333333333,5,3
2017-05-05,0.0,,,,,,,11.858333333333334,4.516666666666667,0.0,1020.7125,59.583333333333336,5.458333333333333,5,4
2017-05-06,0.0,,,,,,,12.091666666666667,7.0125,0.0,1013.5708333333333,68.33333333333333,4.316666666666666,5,5
2017-05-07,0.0,,,,,,,12.362499999999999,5.920833333333333,0.0,1020.8833333333333,211.66666666666666,2.8666666666666667,5,6
2017-05-08,0.0,,,,,,,9.679166666666667,4.154166666666667,0.0,1026.7916666666667,117.5,3.658333333333333,5,0
2017-05-09,0.0,,,,,,,10.174999999999999,2.8874999999999997,0.0,1022.2624999999999,35.416666666666664,2.7125,5,1
2017-05-10,0.0,,,,,,,11.608333333333334,4.220833333333333,0.0,1008.2125,124.58333333333333,2.966666666666667,5,2
2017-05-11,0.0,,,,,,,14.299999999999999,8.045833333333333,-0.5,996.4875000000001,85.83333333333333,3.3041666666666667,5,3
2017-05-12,0.0,,,,,,,14.841666666666667,11.104166666666666,6.0,997.1208333333334,175.0,4.679166666666666,5,4
2017-05-13,0.0,,,,,,,14.370833333333332,7.9624999999999995,1.0,1007.7958333333332,203.75,5.104166666666667,5,5
2017-05-14,0.0,,,,,,,14.816666666666668,8.225,-0.5,1018.375,227.5,4.570833333333334,5,6
2017-05-15,0.0,,,,,,,14.391666666666666,11.241666666666667,4.0,1024.3791666666666,179.16666666666666,4.9125000000000005,5,0
2017-05-16,0.0,,,,,,,18.620833333333334,13.85,-0.5,1023.5041666666666,209.58333333333334,5.4875,5,1
2017-05-17,0.0,,,,,,,15.204166666666666,14.420833333333334,30.0,1016.6833333333334,209.58333333333334,2.4,5,2
2017-05-18,0.0,,,,,,,12.245833333333332,8.533333333333333,9.5,1012.6125000000001,292.0833333333333,2.3541666666666665,5,3
2017-05-19,0.0,,,,,,,11.5875,8.070833333333333,34.5,1012.0958333333333,271.25,3.1291666666666664,5,4
2017-05-20,0.0,,,,,,,11.9125,7.4750000000000005,2.0,1017.9583333333334,210.83333333333334,4.8125,5,5
2017-05-21,0.0,,,,,,,14.75,8.058333333333334,0.0,1023.2391304347826,172.91666666666666,3.9458333333333333,5,6
2017-05-22,0.0,,,,,,,18.070833333333333,9.291666666666666,0.0,1016.3708333333334,150.0,4.116666666666666,5,0
2017-05-23,0.0,,,,,,,16.599999999999998,12.1,0.0,1021.0708333333333,267.5,3.345833333333333,5,1
2017-05-24,0.0,,,,,,,19.758333333333333,12.7125,0.0,1025.3374999999999,204.16666666666666,2.2375000000000003,5,2
2017-05-25,0.0,,,,,,,20.341666666666665,12.545833333333334,0.0,1023.5333333333333,126.66666666666667,3.204166666666667,5,3
2017-05-26,0.0,,,,,,,21.0625,11.766666666666666,0.0,1017.625,91.66666666666667,4.8,5,4
2017-05-27,0.0,,,,,,,18.974999999999998,13.254166666666668,-0.5,1014.0333333333333,166.25,4.908333333333333,5,5
2017-05-28,0.0,,,,,,,17.291666666666668,12.733333333333334,0.0,1017.5625,194.16666666666666,2.1791666666666667,5,6
2017-05-29,0.0,,,,,,,17.375,15.079166666666666,1.5,1012.4333333333334,171.25,2.9625,5,0
2017-05-30,0.0,,,,,,,17.400000000000002,12.487499999999999,0.0,1015.6,256.25,5.070833333333334,5,1
2017-05-31,0.0,,,,,,,17.566666666666666,12.3125,0.0,1022.1708333333332,228.75,2.2958333333333334,5,2
2017-06-01,0.0,,,,,,,19.041666666666668,11.862499999999999,0.0,1020.6916666666666,206.66666666666666,3.0041666666666664,6,3
2017-06-02,0.0,,,,,,,19.4875,13.541666666666666,0.0,1015.8874999999999,268.3333333333333,1.8333333333333333,6,4
2017-06-03,0.0,,,,,,,17.316666666666666,9.566666666666666,0.0,1014.5708333333333,275.4166666666667,4.641666666666667,6,5
2017-06-04,0.0,,,,,,,14.870833333333332,8.475,-0.5,1016.15,240.0,5.566666666666666,6,6
2017-06-05,0.0,,,,,,,14.516666666666666,10.383333333333333,-0.5,1007.025,193.75,7.145833333333333,6,0
2017-06-06,0.0,,,,,,,12.979166666666666,9.141666666666667,95.0,995.8333333333334,241.25,9.966666666666667,6,1
2017-06-07,0.0,,,,,,,15.054166666666667,8.091666666666667,1.0,1011.0916666666667,247.5,8.125,6,2
2017-06-08,0.0,,,,,,,15.612499999999999,12.045833333333334,3.5,1009.9958333333334,208.33333333333334,6.695833333333333,6,3
2017-06-09,0.0,,,,,,,16.508333333333333,11.066666666666668,3.5,1011.2833333333333,240.0,5.791666666666667,6,4
2017-06-10,0.0,,,,,,,18.466666666666665,12.358333333333334,0.0,1016.35,201.25,5.9375,6,5
2017-06-11,0.0,,,,,,,18.849999999999998,12.091666666666667,0.0,1014.0541666666667,229.58333333333334,6.529166666666666,6,6
2017-06-12,0.0,,,,,,,15.991666666666667,9.4375,-0.5,1017.5500000000001,254.58333333333334,6.141666666666667,6,0
2017-06-13,0.0,,,,,,,18.0125,10.654166666666667,0.0,1019.5749999999999,250.0,2.1625,6,1
2017-06-14,0.0,,,,,,,20.791666666666668,11.733333333333334,0.0,1016.7291666666666,133.75,3.158333333333333,6,2
2017-06-15,0.0,,,,,,,19.166666666666668,10.65,0.0,1014.8874999999999,257.0833333333333,5.825,6,3
2017-06-16,0.0,,,,,,,18.195833333333333,11.4375,0.0,1023.8666666666667,271.25,4.766666666666667,6,4
2017-06-17,0.0,,,,,,,22.78333333333333,15.174999999999999,0.0,1026.4291666666666,257.9166666666667,2.8166666666666664,6,5
2017-06-18,0.0,,,,,,,24.7625,15.637500000000001,0.0,1023.2666666666668,252.08333333333334,2.1666666666666665,6,6
2017-06-19,0.0,,,,,,,26.02916666666667,15.745833333333332,0.0,1018.9458333333333,100.0,2.2916666666666665,6,0
2017-06-20,0.0,,,,,,,24.537499999999998,14.729166666666666,0.0,1017.6041666666666,98.75,3.3249999999999997,6,1
2017-06-21,0.0,,,,,,,25.1375,16.616666666666667,0.0,1014.3249999999999,124.58333333333333,3.641666666666666,6,2
2017-06-22,0.0,,,,,,,20.775000000000002,14.995833333333332,0.0,1012.0833333333334,250.83333333333334,5.7875000000000005,6,3
2017-06-23,0.0,,,,,,,18.841666666666665,11.745833333333332,0.0,1016.0166666666668,248.75,6.791666666666667,6,4
2017-06-24,0.0,,,,,,,19.3625,14.549999999999999,-0.5,1013.6041666666666,240.0,6.191666666666666,6,5
2017-06-25,0.0,,,,,,,18.525000000000002,12.245833333333332,-0.5,1012.4666666666667,259.5833333333333,6.283333333333334,6,6
2017-06-26,0.0,,,,,,,18.75,7.5125,-0.5,1013.7958333333332,117.5,2.7416666666666667,6,0
2017-06-27,0.0,,,,,,,17.141666666666666,12.616666666666667,1.0,1006.6875,75.83333333333333,3.516666666666666,6,1
2017-06-28,0.0,,,,,,,15.25,12.770833333333334,45.0,997.85,143.33333333333334,2.8625000000000003,6,2
2017-06-29,0.0,,,,,,,15.025,10.1625,-0.5,996.4499999999999,281.6666666666667,3.2583333333333333,6,3
2017-06-30,0.0,,,,,,,17.641666666666666,11.799999999999999,0.0,1004.6136363636364,291.7391304347826,2.6916666666666664,6,4
2017-07-01,0.0,,,,,,,18.058333333333334,11.487499999999999,2.0,1015.6916666666666,297.0833333333333,4.229166666666667,7,5
2017-07-02,0.0,,,,,,,19.133333333333333,9.775,0.0,1020.6999999999999,296.6666666666667,3.808333333333333,7,6
2017-07-03,0.0,,,,,,,19.204166666666666,12.070833333333333,-0.5,1020.5347826086957,258.3333333333333,4.945833333333334,7,0
2017-07-04,0.0,,,,,,,19.783333333333335,12.5875,0.0,1019.8833333333333,251.25,3.091666666666667,7,1
2017-07-05,0.0,,,,,,,22.458333333333332,12.674999999999999,0.0,1018.225,166.66666666666666,2.370833333333333,7,2
2017-07-06,0.0,,,,,,,25.150000000000002,14.5625,0.0,1014.0791666666668,137.91666666666666,3.733333333333333,7,3
2017-07-07,0.0,,,,,,,23.183333333333334,13.4125,0.0,1015.8791666666666,275.0,4.0249999999999995,7,4
2017-07-08,0.0,,,,,,,21.587500000000002,12.066666666666668,0.0,1018.0583333333334,265.8333333333333,2.970833333333333,7,5
2017-07-09,0.0,,,,,,,22.375,13.645833333333334,0.0,1012.7416666666667,175.0,3.345833333333333,7,6
2017-07-10,0.0,,,,,,,20.845833333333335,12.5875,0.0,1008.5083333333333,260.8333333333333,4.666666666666667,7,0
2017-07-11,0.0,,,,,,,16.208333333333332,12.933333333333332,10.0,1009.2458333333334,203.33333333333334,4.4125,7,1
2017-07-12,0.0,,,,,,,17.2375,10.908333333333333,91.0,1015.0041666666666,170.0,3.7624999999999997,7,2
2017-07-13,0.0,,,,,,,18.45,9.5875,0.0,1021.6374999999999,207.5,3.3958333333333335,7,3
2017-07-14,0.0,,,,,,,17.9375,10.079166666666667,-1.0,1019.9416666666666,288.75,3.745833333333333,7,4
2017-07-15,0.0,,,,,,,18.141666666666666,14.0,1.0,1021.9458333333333,245.0,4.470833333333333,7,5
2017-07-16,0.0,,,,,,,21.241666666666667,16.6375,0.0,1022.6291666666666,257.9166666666667,4.35,7,6
2017-07-17,0.0,,,,,,,20.808333333333334,9.283333333333333,1.0,1023.0166666666668,67.91666666666667,3.225,7,0
2017-07-18,0.0,,,,,,,21.4875,13.200000000000001,0.0,1016.2041666666668,87.5,5.0625,7,1
2017-07-19,0.0,,,,,,,19.920833333333334,16.783333333333335,3.5,1006.125,149.16666666666666,4.404166666666667,7,2
2017-07-20,0.0,,,,,,,17.837500000000002,11.8125,-0.5,1007.85,230.41666666666666,5.445833333333333,7,3
2017-07-21,0.0,,,,,,,17.57916666666667,11.154166666666667,0.0,1008.4333333333334,165.41666666666666,6.137499999999999,7,4
2017-07-22,0.0,,,,,,,14.5625,12.466666666666667,65.0,1008.0375,185.0,3.545833333333333,7,5
2017-07-23,0.0,,,,,,,15.404166666666667,11.9625,-0.5,1011.4083333333333,251.25,4.016666666666667,7,6
2017-07-24,0.0,,,,,,,16.349999999999998,12.825000000000001,-1.0,1014.0708333333333,283.75,3.4458333333333333,7,0
2017-07-25,0.0,,,,,,,18.10833333333333,12.429166666666667,0.0,1015.6958333333333,259.5833333333333,2.779166666666667,7,1
2017-07-26,0.0,,,,,,,17.6375,15.079166666666666,10.0,1007.75,202.91666666666666,5.075,7,2
2017-07-27,0.0,,,,,,,16.7,12.575000000000001,10.0,1006.7458333333334,237.08333333333334,5.233333333333333,7,3
2017-07-28,0.0,,,,,,,16.954166666666666,13.0625,24.5,1008.275,219.16666666666666,6.6625000000000005,7,4
2017-07-29,0.0,,,,,,,16.958333333333332,14.083333333333334,0.5,1007.6166666666667,221.66666666666666,4.145833333333333,7,5
2017-07-30,0.0,,,,,,,17.212500000000002,12.591666666666667,5.0,1005.8708333333334,235.41666666666666,5.6875,7,6
2017-07-31,0.0,,,,,,,17.366666666666667,11.066666666666668,0.0,1011.3708333333334,222.08333333333334,4.841666666666667,7,0
2017-08-01,0.0,,,,,,,17.0625,11.9125,0.0,1014.5666666666666,219.58333333333334,4.741666666666666,8,1
2017-08-02,0.0,,,,,,,16.845833333333335,14.679166666666667,1.0,1011.8791666666666,185.0,5.570833333333333,8,2
2017-08-03,0.0,,,,,,,18.420833333333334,13.85,4.5,1007.0875,223.75,8.116666666666667,8,3
2017-08-04,0.0,,,,,,,18.408333333333335,12.041666666666666,-1.0,1011.3249999999999,242.91666666666666,5.879166666666666,8,4
2017-08-05,0.0,,,,,,,17.091666666666665,10.475,1.0,1016.8625000000001,285.8333333333333,3.3625000000000003,8,5
2017-08-06,0.0,,,,,,,16.3,10.258333333333333,0.0,1021.8958333333334,232.08333333333334,4.279166666666667,8,6
2017-08-07,0.0,,,,,,,16.587500000000002,13.404166666666667,0.0,1017.3166666666666,231.66666666666666,3.6125000000000003,8,0
2017-08-08,0.0,,,,,,,15.247826086956522,12.299999999999999,0.0,1011.3772727272727,302.72727272727275,2.9956521739130437,8,1
2017-08-09,0.0,,,,,,,13.9,12.558333333333332,55.0,1015.8833333333333,311.6666666666667,3.7291666666666665,8,2
2017-08-10,0.0,,,,,,,16.245833333333334,9.616666666666667,5.0,1023.1875,149.16666666666666,3.1458333333333335,8,3
2017-08-11,0.0,,,,,,,16.175,11.283333333333333,0.0,1018.9875000000001,245.83333333333334,4.208333333333333,8,4
2017-08-12,0.0,,,,,,,18.875,12.762500000000001,-0.5,1015.8666666666667,264.5833333333333,4.7124999999999995,8,5
2017-08-13,0.0,,,,,,,17.474999999999998,8.075000000000001,0.0,1021.0208333333334,243.75,2.4,8,6
2017-08-14,0.0,,,,,,,17.695833333333333,11.033333333333333,0.0,1017.2416666666667,171.25,2.954166666666667,8,0
2017-08-15,0.0,,,,,,,18.561904761904763,12.114285714285714,-0.5,1015.104761904762,258.0952380952381,3.033333333333333,8,1
2017-08-16,0.0,,,,,,,17.033333333333335,10.854166666666666,0.0,1018.775,217.91666666666666,3.595833333333333,8,2
2017-08-17,0.0,,,,,,,19.408333333333335,15.125,4.5,1011.3166666666666,212.91666666666666,5.720833333333334,8,3
2017-08-18,0.0,,,,,,,15.979166666666666,11.791666666666666,-0.5,1011.1083333333332,233.33333333333334,5.979166666666667,8,4
2017-08-19,0.0,,,,,,,16.004166666666666,9.674999999999999,0.0,1017.1999999999999,260.4166666666667,6.3374999999999995,8,5
2017-08-20,0.0,,,,,,,15.012500000000001,10.204166666666667,0.0,1023.2375000000001,233.75,3.7708333333333335,8,6
2017-08-21,0.0,,,,,,,16.7,15.370833333333332,2.0,1021.2391304347826,113.75,2.6166666666666667,8,0
2017-08-22,0.0,,,,,,,19.341666666666665,16.587500000000002,0.0,1018.6125000000001,119.58333333333333,2.920833333333333,8,1
2017-08-23,0.0,,,,,,,18.558333333333334,14.608333333333334,1.0,1013.6291666666666,202.08333333333334,4.070833333333334,8,2
2017-08-24,0.0,,,,,,,17.141666666666666,12.145833333333334,0.0,1017.0041666666666,243.75,3.5999999999999996,8,3
2017-08-25,0.0,,,,,,,18.241666666666667,11.941666666666668,0.0,1017.1999999999999,255.0,1.7166666666666668,8,4
2017-08-26,0.0,,,,,,,19.474999999999998,12.833333333333334,,1016.2416666666667,281.25,1.575,8,5
2017-08-27,0.0,,,,,,,20.708333333333332,12.041666666666666,0.0,1018.3375,142.08333333333334,2.0166666666666666,8,6
2017-08-28,0.0,,,,,,,21.358333333333334,14.766666666666666,0.0,1017.4250000000001,186.25,2.5625,8,0
2017-08-29,0.0,,,,,,,20.029166666666665,14.779166666666667,0.0,1013.3666666666667,273.75,2.5416666666666665,8,1
2017-08-30,0.0,,,,,,,13.929166666666667,10.604166666666666,10.0,1013.3833333333333,269.1666666666667,2.5208333333333335,8,2
2017-08-31,0.0,,,,,,,14.466666666666667,9.933333333333334,-1.0,1017.1750000000001,227.91666666666666,2.2333333333333334,8,3
2017-09-01,0.0,,,,,,,16.025000000000002,8.995833333333334,0.0,1021.4875000000001,225.83333333333334,1.9041666666666668,9,4
2017-09-02,0.0,,,,,,,15.658333333333333,9.179166666666667,0.0,1021.8166666666666,243.75,2.004166666666667,9,5
2017-09-03,0.0,,,,,,,13.8375,11.358333333333334,0.0,1013.2624999999999,147.08333333333334,4.691666666666666,9,6
2017-09-04,0.0,,,,,,,17.779166666666665,16.087500000000002,16.0,1011.7791666666667,176.66666666666666,3.745833333333333,9,0
2017-09-05,0.0,,,,,,,17.583333333333332,15.366666666666667,1.0,1013.7666666666668,223.33333333333334,4.7875,9,1
2017-09-06,0.0,,,,,,,15.791666666666666,9.616666666666665,1.0,1018.9083333333333,274.5833333333333,4.304166666666666,9,2
2017-09-07,0.0,,,,,,,15.85,11.383333333333333,-0.5,1013.9499999999999,240.0,4.604166666666667,9,3
2017-09-08,0.0,,,,,,,15.670833333333334,12.883333333333333,24.5,999.9291666666667,240.83333333333334,5.375,9,4
2017-09-09,0.0,,,,,,,13.191666666666668,10.137500000000001,5.0,997.9416666666666,269.1666666666667,4.054166666666666,9,5
2017-09-10,0.0,,,,,,,13.345833333333333,10.825000000000001,-0.5,998.5416666666666,228.75,5.391666666666667,9,6
2017-09-11,0.0,,,,,,,14.325000000000001,10.254166666666666,2.0,994.2624999999999,248.33333333333334,7.566666666666666,9,0
2017-09-12,0.0,,,,,,,13.9375,9.654166666666667,2.0,1004.0041666666666,237.5,6.154166666666666,9,1
2017-09-13,0.0,,,,,,,14.470833333333333,8.395833333333334,9.5,999.025,253.33333333333334,9.354166666666666,9,2
2017-09-14,0.0,,,,,,,12.083333333333334,7.541666666666667,-1.0,1008.125,279.1666666666667,4.816666666666666,9,3
2017-09-15,0.0,,,,,,,11.25,7.8125,0.0,1013.1374999999999,292.5,2.725,9,4
2017-09-16,0.0,,,,,,,11.35,8.595833333333333,1.0,1011.8458333333333,285.8333333333333,2.0833333333333335,9,5
2017-09-17,0.0,,,,,,,12.391666666666666,9.366666666666667,-0.5,1013.8083333333334,225.83333333333334,2.0375,9,6
2017-09-18,0.0,,,,,,,12.92608695652174,9.6,1.5,1017.6173913043478,301.30434782608694,2.5695652173913044,9,0
2017-09-19,0.0,,,,,,,12.1,8.299999999999999,15.0,1021.4,260.8333333333333,2.216666666666667,9,1
2017-09-20,0.0,,,,,,,13.9375,10.954166666666666,0.0,1018.8208333333333,197.91666666666666,3.3833333333333333,9,2
2017-09-21,0.0,,,,,,,15.087499999999999,12.208333333333334,0.0,1015.6833333333334,201.25,4.2625,9,3
2017-09-22,0.0,,,,,,,12.6875,8.637500000000001,1.0,1021.4083333333333,232.08333333333334,2.8333333333333335,9,4
2017-09-23,0.0,,,,,,,15.512500000000001,10.1625,-0.5,1021.6416666666668,150.83333333333334,3.608333333333333,9,5
2017-09-24,0.0,,,,,,,16.445833333333333,11.279166666666667,0.0,1019.2541666666666,109.16666666666667,3.5833333333333335,9,6
2017-09-25,0.0,,,,,,,16.204166666666666,14.016666666666666,6.0,1019.6416666666668,62.916666666666664,2.1458333333333335,9,0
2017-09-26,0.0,,,,,,,16.383333333333333,12.804166666666667,0.0,1022.1166666666667,80.41666666666667,2.183333333333333,9,1
2017-09-27,0.0,,,,,,,15.870833333333332,13.554166666666667,0.0,1019.375,126.25,3.5416666666666665,9,2
2017-09-28,0.0,,,,,,,16.441666666666666,13.433333333333332,62.0,1018.0708333333333,204.16666666666666,3.5583333333333336,9,3
2017-09-29,0.0,,,,,,,16.220833333333335,13.674999999999999,2.0,1016.0500000000001,212.91666666666666,4.129166666666666,9,4
2017-09-30,0.0,,,,,,,13.908333333333333,10.370833333333334,-1.0,1016.4416666666666,205.0,4.008333333333334,9,5
2017-10-01,0.0,,,,,,,16.3125,14.525,11.0,1010.8958333333334,196.25,5.891666666666667,10,6
2017-10-02,0.0,,,,,,,14.783333333333333,9.495833333333334,0.0,1013.3166666666666,258.75,7.300000000000001,10,0
2017-10-03,0.0,,,,,,,12.237499999999999,6.5625,0.0,1022.6833333333334,277.0833333333333,3.845833333333333,10,1
2017-10-04,0.0,,,,,,,12.475,7.55,0.0,1021.9541666666668,247.08333333333334,5.904166666666666,10,2
2017-10-05,0.0,,,,,,,14.083333333333334,7.620833333333334,3.0,1017.5583333333334,288.3333333333333,6.254166666666666,10,3
2017-10-06,0.0,,,,,,,11.691666666666668,5.8999999999999995,0.0,1025.7041666666667,289.5833333333333,3.5416666666666665,10,4
2017-10-07,0.0,,,,,,,14.091666666666667,10.508333333333333,-0.5,1018.2458333333334,257.0833333333333,5.2749999999999995,10,5
2017-10-08,0.0,,,,,,,13.633333333333333,9.679166666666667,2.0,1020.0416666666666,292.9166666666667,2.620833333333333,10,6
2017-10-09,0.0,,,,,,,13.637500000000001,10.483333333333333,0.0,1018.9166666666666,236.25,2.783333333333333,10,0
2017-10-10,0.0,,,,,,,14.262500000000001,11.879166666666668,0.0,1015.1833333333334,225.0,5.345833333333334,10,1
2017-10-11,0.0,,,,,,,15.100000000000001,11.975,0.5,1011.3916666666668,219.58333333333334,7.254166666666666,10,2
2017-10-12,0.0,,,,,,,13.108333333333334,9.270833333333334,8.0,1019.8833333333333,227.5,4.445833333333334,10,3
2017-10-13,0.0,,,,,,,16.2375,13.895833333333334,0.0,1022.1166666666667,212.5,5.366666666666667,10,4
2017-10-14,0.0,,,,,,,16.941666666666666,13.958333333333334,0.0,1023.7708333333334,200.41666666666666,4.258333333333334,10,5
2017-10-15,0.0,,,,,,,15.004166666666668,12.770833333333334,0.0,1018.2125,165.83333333333334,3.3166666666666664,10,6
2017-10-16,0.0,,,,,,,16.395833333333332,12.25,0.0,1015.9583333333334,159.16666666666666,5.345833333333334,10,0
2017-10-17,0.0,,,,,,,12.629166666666668,7.75,0.0,1018.8000000000001,201.25,4.016666666666667,10,1
2017-10-18,0.0,,,,,,,13.229166666666666,11.645833333333334,1.0,1011.7791666666667,77.91666666666667,2.2666666666666666,10,2
2017-10-19,0.0,,,,,,,15.4,14.233333333333334,5.0,1003.7875,140.0,4.133333333333334,10,3
2017-10-20,0.0,,,,,,,13.275,9.508333333333333,4.5,1004.0124999999999,212.08333333333334,6.866666666666667,10,4
2017-10-21,0.0,,,,,,,13.604166666666666,9.85,4.0,1002.3291666666668,210.83333333333334,8.200000000000001,10,5
2017-10-22,0.0,,,,,,,11.391666666666666,6.216666666666666,-0.5,1013.0208333333334,264.5833333333333,6.9624999999999995,10,6
2017-10-23,0.0,,,,,,,13.5875,12.0625,0.5,1017.7333333333332,208.75,3.8125,10,0
2017-10-24,0.0,,,,,,,16.383333333333333,14.237499999999999,-0.5,1017.9499999999999,216.66666666666666,5.825,10,1
2017-10-25,0.0,,,,,,,15.283333333333333,10.950000000000001,0.5,1020.3583333333332,244.16666666666666,4.158333333333333,10,2
2017-10-26,0.0,,,,,,,12.770833333333334,12.15,-0.5,1024.8625,241.66666666666666,1.5666666666666667,10,3
2017-10-27,0.0,,,,,,,11.504166666666668,7.279166666666666,0.0,1032.7041666666667,283.3333333333333,2.25,10,4
2017-10-28,0.0,,,,,,,10.825000000000001,8.370833333333334,0.0,1026.3374999999999,262.9166666666667,5.125,10,5
2017-10-29,0.0,,,,,,,12.1,6.55,-0.5,1023.1541666666667,238.75,4.133333333333334,10,6
2017-10-30,0.0,,,,,,,7.383333333333333,3.0833333333333335,0.0,1030.7666666666667,275.4166666666667,1.3916666666666666,10,0
2017-10-31,0.0,,,,,,,9.991666666666667,6.516666666666667,0.0,1026.1791666666666,231.66666666666666,3.7249999999999996,10,1
2017-11-01,0.0,,,,,,,11.108333333333334,7.983333333333333,0.0,1019.2916666666666,205.0,2.466666666666667,11,2
2017-11-02,0.0,,,,,,,8.529166666666667,7.104166666666667,1.0,1015.9541666666668,231.25,1.2625,11,3
2017-11-03,0.0,,,,,,,10.708333333333334,8.85,0.0,1013.6416666666668,201.66666666666666,1.3166666666666667,11,4
2017-11-04,0.0,,,,,,,11.112499999999999,9.254166666666666,6.0,1005.0041666666666,216.25,3.5124999999999997,11,5
2017-11-05,0.0,,,,,,,6.3625,3.233333333333333,0.0,1014.7958333333332,287.5,3.720833333333333,11,6
2017-11-06,0.0,,,,,,,6.129166666666666,3.2375000000000003,1.0,1025.0416666666667,220.0,2.3625000000000003,11,0
2017-11-07,0.0,,,,,,,9.670833333333333,7.379166666666666,-0.5,1017.9,199.16666666666666,4.779166666666667,11,1
2017-11-08,0.0,,,,,,,6.575,3.3874999999999997,25.0,1022.6291666666666,324.1666666666667,2.5875,11,2
2017-11-09,0.0,,,,,,,8.379166666666666,6.320833333333333,0.0,1023.6583333333333,252.5,2.4458333333333333,11,3
2017-11-10,0.0,,,,,,,9.908333333333333,4.441666666666666,-0.5,1019.975,272.5,5.004166666666666,11,4
2017-11-11,0.0,,,,,,,8.620833333333334,7.545833333333333,4.5,1011.9625,204.16666666666666,2.125,11,5
2017-11-12,0.0,,,,,,,6.8625,2.829166666666667,0.5,1012.4625,300.4166666666667,4.433333333333334,11,6
2017-11-13,0.0,,,,,,,4.958333333333333,0.27499999999999997,0.0,1025.7291666666667,297.0833333333333,2.8208333333333333,11,0
2017-11-14,0.0,,,,,,,9.041666666666666,6.683333333333334,1.0,1024.0125,236.66666666666666,3.8125,11,1
2017-11-15,0.0,,,,,,,10.304166666666667,9.637500000000001,-0.5,1024.2,232.5,1.8708333333333333,11,2
2017-11-16,0.0,,,,,,,10.5875,7.866666666666667,0.0,1023.4708333333333,263.3333333333333,3.0625,11,3
2017-11-17,0.0,,,,,,,5.154166666666667,1.3041666666666667,1.0,1029.175,295.8333333333333,1.7,11,4
2017-11-18,0.0,,,,,,,6.945833333333333,4.875,-0.5,1023.0958333333333,264.5833333333333,3.4375,11,5
2017-11-19,0.0,,,,,,,5.495833333333334,2.5791666666666666,0.5,1023.4583333333334,274.1666666666667,2.341666666666667,11,6
2017-11-20,0.0,,,,,,,10.279166666666667,8.700000000000001,2.0,1015.9416666666666,229.16666666666666,5.020833333333333,11,0
2017-11-21,0.0,,,,,,,12.858333333333334,10.116666666666667,-0.5,1010.0124999999999,230.83333333333334,6.179166666666667,11,1
2017-11-22,0.0,,,,,,,14.345833333333333,9.4375,0.0,997.875,204.16666666666666,8.4625,11,2
2017-11-23,0.0,,,,,,,11.112499999999999,5.5874999999999995,3.5,997.4958333333334,232.08333333333334,7.741666666666667,11,3
2017-11-24,0.0,,,,,,,5.658333333333334,2.5875,-0.5,1010.5708333333333,281.6666666666667,1.675,11,4
2017-11-25,0.0,,,,,,,3.016666666666667,0.10416666666666667,1.0,1016.4958333333334,271.6666666666667,3.808333333333333,11,5
2017-11-26,0.0,,,,,,,4.216666666666667,1.0916666666666668,0.0,1023.9416666666666,256.25,4.725,11,6
2017-11-27,0.0,,,,,,,8.333333333333334,5.766666666666667,6.0,1013.6750000000001,250.0,6.516666666666667,11,0
2017-11-28,0.0,,,,,,,4.420833333333333,1.2791666666666666,-1.0,1008.75,291.25,3.5416666666666665,11,1
2017-11-29,0.0,,,,,,,3.8874999999999997,0.6083333333333333,-0.5,1010.7291666666666,326.25,3.9166666666666665,11,2
2017-11-30,0.0,,,,,,,2.058333333333333,-2.75,0.0,1012.4125,310.0,4.254166666666666,11,3
2017-12-01,0.0,,,,,,,4.3500000000000005,0.46249999999999997,-0.5,1020.9375,291.25,4.3125,12,4
2017-12-02,0.0,,,,,,,4.516666666666667,2.2041666666666666,-0.5,1027.0666666666666,271.25,2.2708333333333335,12,5
2017-12-03,0.0,,,,,,,8.200000000000001,6.875,2.0,1026.9833333333333,294.1666666666667,2.725,12,6
2017-12-04,0.0,,,,,,,7.616666666666667,5.0125,0.0,1033.3458333333333,282.9166666666667,2.766666666666667,12,0
2017-12-05,0.0,,,,,,,7.970833333333332,4.358333333333333,0.0,1035.4083333333333,255.41666666666666,3.8499999999999996,12,1
2017-12-06,0.0,,,,,,,9.504166666666666,4.629166666666666,0.0,1027.3458333333335,212.5,5.304166666666666,12,2
2017-12-07,0.0,,,,,,,8.916666666666666,6.079166666666667,9.5,1010.5416666666666,238.33333333333334,6.516666666666667,12,3
2017-12-08,0.0,,,,,,,2.829166666666667,-1.3708333333333333,0.0,1015.7583333333333,277.9166666666667,5.804166666666667,12,4
2017-12-09,0.0,,,,,,,1.3541666666666667,-1.8666666666666665,0.0,1015.1,250.83333333333334,3.9749999999999996,12,5
2017-12-10,0.0,,,,,,,1.2625,0.4041666666666666,50.0,982.5208333333334,134.16666666666666,3.0625,12,6
2017-12-11,0.0,,,,,,,1.6875,0.008333333333333378,32.0,985.275,168.75,4.7124999999999995,12,0
2017-12-12,0.0,,,,,,,1.2666666666666666,-0.9625,0.0,1007.1583333333333,230.41666666666666,3.016666666666667,12,1
2017-12-13,0.0,,,,,,,6.375,4.704166666666667,8.0,996.625,235.0,5.825,12,2
2017-12-14,0.0,,,,,,,4.029166666666667,1.1083333333333334,15.0,991.2666666666668,247.5,6.729166666666667,12,3
2017-12-15,0.0,,,,,,,3.6791666666666667,1.3375000000000001,5.0,998.7166666666667,306.25,4.254166666666666,12,4
2017-12-16,0.0,,,,,,,2.920833333333333,0.43333333333333335,0.0,1017.8083333333334,288.3333333333333,2.9250000000000003,12,5
2017-12-17,0.0,,,,,,,4.2250000000000005,3.6666666666666665,1.0,1022.7624999999999,228.33333333333334,3.3249999999999997,12,6
2017-12-18,0.0,,,,,,,4.391666666666667,2.2708333333333335,-0.5,1029.05,312.9166666666667,1.6208333333333333,12,0
2017-12-19,0.0,,,,,,,3.525,2.35,1.0,1035.1083333333333,249.16666666666666,2.025,12,1
2017-12-20,0.0,,,,,,,9.170833333333333,8.612499999999999,0.5,1035.2083333333333,248.33333333333334,2.8666666666666667,12,2
2017-12-21,0.0,,,,,,,10.654166666666667,9.487499999999999,-0.5,1035.5208333333333,253.33333333333334,3.8958333333333335,12,3
2017-12-22,0.0,,,,,,,10.362499999999999,8.908333333333333,1.0,1035.8333333333333,251.66666666666666,2.2916666666666665,12,4
2017-12-23,0.0,,,,,,,9.254166666666666,7.879166666666666,-0.5,1033.7291666666667,245.83333333333334,5.104166666666667,12,5
2017-12-24,0.0,,,,,,,9.333333333333334,7.479166666666667,0.0,1024.7083333333333,234.58333333333334,5.954166666666667,12,6
2017-12-25,0.0,,,,,,,9.908333333333333,7.808333333333334,0.5,1007.65,201.66666666666666,7.441666666666666,12,0
2017-12-26,0.0,,,,,,,5.716666666666666,3.6625,20.0,993.65,202.08333333333334,5.7749999999999995,12,1
2017-12-27,0.0,,,,,,,3.358333333333333,1.2833333333333334,55.0,987.7666666666668,271.6666666666667,5.1625000000000005,12,2
2017-12-28,0.0,,,,,,,1.6500000000000001,-0.8583333333333334,0.0,1003.5083333333333,254.58333333333334,3.6166666666666667,12,3
2017-12-29,0.0,,,,,,,4.595833333333333,1.9833333333333334,25.0,997.9166666666666,198.75,5.783333333333332,12,4
2017-12-30,0.0,,,,,,,10.85,7.670833333333333,1.0,996.65,227.5,7.866666666666667,12,5
2017-12-31,0.0,,,,,,,10.508333333333333,8.3125,19.0,994.8666666666667,215.83333333333334,7.4875,12,6
