sum_conso,mean_conso,min_conso,max_conso,first_conso,last_conso,median_conso,voltage,global_intensity,sub_metering_1,sub_metering_2,sub_metering_3,month,day_of_week
34.922,0.0881868686868686,0.0,0.528,0.418,0.07,0.07,93552.53,5180.8,0.0,546.0,4926.0,12,5
226.006,0.1569486111111111,0.0,0.582,0.152,0.12,0.128,345725.32,14398.6,2033.0,4187.0,13341.0,12,6
161.792,0.1123555555555555,0.0,0.646,0.126,0.248,0.092,347373.64,9247.2,1063.0,2621.0,14018.0,12,0
150.942,0.1048208333333333,0.0,0.606,0.242,0.052,0.106,348479.01,7094.0,839.0,7602.0,6197.0,12,1
160.998,0.1118041666666666,0.0,0.482,0.058,0.22,0.11,348923.61,9313.0,0.0,2648.0,14063.0,12,2
144.166,0.1002545201668984,0.0,0.688,0.148,0.0,0.088,346616.31,7238.6,1765.0,2623.0,10421.0,12,3
186.906,0.1297958333333333,0.0,0.622,0.0,0.094,0.11,347305.75,9897.0,3151.0,350.0,11131.0,12,4
221.47,0.1537986111111111,0.0,0.724,0.0,0.046,0.094,345795.95,20200.4,2669.0,425.0,14726.0,12,5
149.9,0.1040972222222222,0.0,0.494,0.046,0.262,0.1,348029.91,11002.2,1703.0,5082.0,6891.0,12,6
240.28,0.1668611111111111,0.0,0.794,0.26,0.088,0.144,350495.9,11450.2,6620.0,1962.0,5795.0,12,0
165.102,0.1146541666666666,0.0,0.8,0.102,0.162,0.104,347940.63,16341.0,1086.0,2533.0,14979.0,12,1
178.902,0.1242374999999999,0.0,0.438,0.162,0.058,0.132,351025.0,6505.2,0.0,314.0,6976.0,12,2
208.876,0.1450527777777777,0.0,0.694,0.054,0.172,0.148,350306.4,8764.2,2207.0,4419.0,9176.0,12,3
196.394,0.1363847222222222,0.0,0.564,0.186,0.0,0.144,346854.68,13350.8,1252.0,5162.0,11329.0,12,4
311.928,0.2169179415855354,0.0,0.754,0.0,0.0,0.188,345897.51,11924.2,3072.0,7891.0,12480.0,12,5
150.852,0.1047583333333333,0.0,0.414,0.0,0.236,0.106,345451.07,14687.4,0.0,347.0,6502.0,12,6
148.166,0.1028930555555555,0.0,0.454,0.136,0.15,0.114,345785.73,11400.4,0.0,352.0,5880.0,1,0
190.342,0.1321819444444444,0.0,0.862,0.122,0.062,0.132,348399.04,5348.2,0.0,348.0,6562.0,1,1
196.728,0.1366166666666666,0.0,0.46,0.058,0.0,0.144,350722.21,4340.2,0.0,344.0,4765.0,1,2
202.302,0.1404875,0.0,0.724,0.046,0.186,0.138,345240.43,13648.6,1051.0,7597.0,10896.0,1,3
173.154,0.1202458333333333,0.0,0.554,0.182,0.13,0.134,346313.9,11354.6,1483.0,379.0,7602.0,1,4
192.188,0.1334638888888888,0.0,0.638,0.132,0.282,0.136,345129.2,6543.2,1336.0,402.0,5678.0,1,5
246.074,0.1708847222222222,0.0,0.622,0.28,0.132,0.172,346899.58,10487.0,1987.0,8177.0,12810.0,1,6
207.568,0.1441444444444444,0.0,0.716,0.138,0.158,0.134,344990.81,9434.4,0.0,467.0,17547.0,1,0
207.248,0.1439222222222222,0.0,0.778,0.154,0.294,0.134,346302.03,7950.4,1688.0,4267.0,9790.0,1,1
228.452,0.1586472222222222,0.0,0.596,0.302,0.32,0.152,347079.53,9155.2,771.0,4456.0,11012.0,1,2
230.02,0.1597361111111111,0.0,0.704,0.324,0.126,0.158,347264.19,9588.0,1378.0,2170.0,12415.0,1,3
199.14,0.1382916666666666,0.0,0.518,0.138,0.0,0.144,347815.02,6205.2,0.0,439.0,8276.0,1,4
290.736,0.2019,0.0,0.834,0.0,0.112,0.176,344568.4,13612.4,7806.0,2975.0,11341.0,1,5
227.12,0.1578318276580959,0.0,0.76,0.062,0.0,0.136,343664.64,12905.4,1777.0,4215.0,12975.0,1,6
174.86,0.1214305555555555,0.0,0.582,0.104,0.152,0.118,347386.91,9016.6,1099.0,2239.0,15163.0,1,0
185.428,0.1287694444444444,0.0,0.842,0.164,0.112,0.124,348400.45,7165.4,2063.0,644.0,6583.0,1,1
200.752,0.1394111111111111,0.0,0.822,0.114,0.104,0.128,347047.56,11928.8,3500.0,5737.0,16064.0,1,2
177.712,0.1234111111111111,0.0,0.616,0.104,0.0,0.122,346886.78,7693.2,0.0,336.0,13491.0,1,3
170.052,0.1180916666666666,0.0,0.528,0.0,0.0,0.12,345831.76,6301.8,2103.0,330.0,7172.0,1,4
238.362,0.1655291666666666,0.0,0.678,0.0,0.0,0.138,343969.16,13461.2,4324.0,5222.0,11440.0,1,5
229.736,0.1595388888888888,0.0,0.638,0.064,0.0,0.132,344114.09,14674.6,10346.0,5567.0,11599.0,1,6
168.642,0.1171125,0.0,0.582,0.0,0.08,0.116,347908.51,9151.6,1054.0,2983.0,11361.0,1,0
138.28,0.0960277777777777,0.0,0.558,0.08,0.164,0.102,349578.08,7575.6,0.0,1064.0,5061.0,1,1
178.06,0.1236527777777777,0.0,0.596,0.21,0.128,0.112,347699.08,12576.4,3464.0,2480.0,11744.0,1,2
144.16,0.1001111111111111,0.0,0.596,0.128,0.13,0.108,350531.08,6666.2,1158.0,262.0,11239.0,1,3
142.902,0.0992374999999999,0.0,0.648,0.128,0.0,0.104,349591.38,6798.8,1163.0,261.0,8238.0,1,4
148.242,0.1029458333333333,0.0,0.592,0.0,0.094,0.092,347927.86,8567.8,1170.0,3896.0,12374.0,1,5
153.352,0.1065684503127171,0.0,0.616,0.154,0.104,0.082,345798.59,13143.4,3466.0,3997.0,12045.0,1,6
165.696,0.1150666666666666,0.0,0.692,0.104,0.0,0.104,346938.62,8336.0,1123.0,294.0,15254.0,1,0
180.934,0.1256486111111111,0.0,0.874,0.0,0.058,0.114,348250.86,7240.6,1123.0,1424.0,8149.0,1,1
185.988,0.1291583333333333,0.0,0.718,0.058,0.126,0.116,345486.43,9970.0,0.0,5950.0,15052.0,1,2
150.264,0.10435,0.0,0.5,0.128,0.0,0.106,346164.68,7678.8,1170.0,386.0,13145.0,2,3
139.542,0.0969041666666666,0.0,0.38,0.0,0.224,0.102,346081.52,7014.0,0.0,356.0,11338.0,2,4
245.824,0.1707111111111111,0.0,0.76,0.106,0.094,0.12,344030.68,17015.0,4746.0,4573.0,17834.0,2,5
186.494,0.1295097222222222,0.0,0.64,0.096,0.084,0.098,345072.0,15214.2,3391.0,4597.0,14472.0,2,6
147.228,0.1022416666666666,0.0,0.562,0.09,0.25,0.1,346766.85,6941.4,896.0,2564.0,7849.0,2,0
142.566,0.0990041666666666,0.0,0.45,0.242,0.118,0.098,347420.39,5431.6,1185.0,405.0,4517.0,2,1
177.708,0.1234083333333333,0.0,0.796,0.124,0.244,0.114,347255.56,9780.0,3299.0,3513.0,11986.0,2,2
138.896,0.0964555555555555,0.0,0.624,0.244,0.262,0.096,348188.12,7557.6,2226.0,366.0,10157.0,2,3
158.066,0.1097680555555555,0.0,0.574,0.26,0.258,0.112,348106.24,6807.2,0.0,3045.0,9770.0,2,4
192.974,0.1340097222222222,0.0,0.688,0.264,0.092,0.118,345653.03,11957.4,5071.0,2831.0,14405.0,2,5
204.314,0.1418847222222222,0.0,0.82,0.09,0.06,0.112,344888.85,15158.6,2430.0,4765.0,13114.0,2,6
136.704,0.0949333333333333,0.0,0.446,0.0,0.126,0.082,345741.84,7925.0,2227.0,399.0,11517.0,2,0
134.678,0.0935263888888888,0.0,0.424,0.132,0.0,0.096,347280.27,5967.0,0.0,2828.0,6256.0,2,1
202.506,0.1406291666666666,0.0,0.662,0.0,0.134,0.126,346140.56,10533.8,3295.0,3793.0,11579.0,2,2
165.964,0.1152527777777777,0.0,0.646,0.136,0.058,0.114,346563.68,8381.2,0.0,2363.0,14028.0,2,3
151.686,0.1053375,0.0,0.39,0.116,0.34,0.11,346782.16,7267.0,1148.0,859.0,8689.0,2,4
238.968,0.16595,0.0,0.806,0.344,0.08,0.132,344615.09,8826.0,1765.0,2226.0,7157.0,2,5
255.522,0.1774458333333333,0.0,0.764,0.086,0.224,0.154,344405.96,16184.0,6107.0,8003.0,13129.0,2,6
176.584,0.1226277777777777,0.0,0.38,0.19,0.126,0.113,345297.0,9276.8,1634.0,2900.0,13085.0,2,0
187.158,0.1299708333333333,0.0,0.434,0.206,0.118,0.114,345406.24,13202.6,2058.0,5191.0,9713.0,2,1
189.87,0.1318541666666666,0.0,0.644,0.116,0.05,0.106,346263.79,8747.2,3527.0,2332.0,11548.0,2,2
137.954,0.0959346314325452,0.0,0.498,0.052,0.074,0.08,343140.65,14194.2,1409.0,4129.0,12251.0,2,3
149.344,0.1037111111111111,0.0,0.644,0.114,0.0,0.092,346587.79,5508.6,0.0,503.0,10786.0,2,4
122.202,0.0848625,0.0,0.35,0.0,0.126,0.094,345402.87,3003.6,0.0,363.0,3562.0,2,5
113.736,0.0789833333333333,0.0,0.372,0.124,0.274,0.088,348021.43,2105.6,0.0,329.0,1660.0,2,6
108.28,0.0751944444444444,0.0,0.388,0.278,0.0,0.074,347433.97,2388.8,0.0,331.0,2830.0,2,0
113.204,0.0786138888888888,0.0,0.36,0.0,0.268,0.092,349839.75,2195.4,0.0,314.0,1924.0,2,1
113.372,0.0787305555555555,0.0,0.38,0.27,0.0,0.09,348709.81,2201.0,0.0,340.0,1973.0,2,2
107.628,0.0747416666666666,0.0,0.378,0.0,0.12,0.084,347502.82,2172.8,0.0,316.0,1980.0,3,3
107.008,0.0743111111111111,0.0,0.368,0.118,0.116,0.084,346451.9,2169.8,0.0,340.0,1969.0,3,4
134.992,0.0937444444444444,0.0,0.364,0.118,0.11,0.094,347454.84,3457.6,0.0,347.0,4597.0,3,5
175.682,0.1220013888888888,0.0,0.628,0.11,0.104,0.107,345642.91,8867.8,1476.0,8711.0,9408.0,3,6
205.956,0.1430249999999999,0.0,0.656,0.102,0.0,0.1,345644.51,11290.0,5727.0,12109.0,10026.0,3,0
186.148,0.1292694444444444,0.0,0.498,0.0,0.0,0.108,347022.82,5321.8,0.0,1740.0,4700.0,3,1
171.2,0.1188888888888888,0.0,0.672,0.0,0.204,0.094,346065.93,9986.4,1076.0,4761.0,15513.0,3,2
187.404,0.1301416666666666,0.0,0.818,0.202,0.0,0.09,346558.21,6717.8,2180.0,3385.0,6655.0,3,3
119.238,0.0828041666666666,0.0,0.408,0.0,0.086,0.0849999999999999,346879.39,5373.0,1093.0,345.0,8631.0,3,4
243.528,0.1691166666666666,0.0,0.77,0.088,0.064,0.114,345316.08,10572.4,4130.0,5422.0,10979.0,3,5
173.374,0.1203986111111111,0.0,0.744,0.064,0.0,0.078,345610.5,14575.0,4810.0,3420.0,9500.0,3,6
134.422,0.0933486111111111,0.0,0.436,0.0,0.0,0.088,346404.55,8249.0,1403.0,2841.0,12353.0,3,0
126.718,0.0879986111111111,0.0,0.456,0.0,0.094,0.092,346893.07,5480.2,1350.0,3859.0,5323.0,3,1
157.522,0.1093902777777777,0.0,0.63,0.088,0.132,0.1,346719.3,7585.2,3485.0,480.0,8607.0,3,2
159.326,0.1106430555555555,0.0,0.4,0.132,0.086,0.1,346003.91,7953.4,0.0,3263.0,11036.0,3,3
130.208,0.0904222222222222,0.0,0.36,0.088,0.108,0.088,344919.07,7189.0,1106.0,4604.0,5370.0,3,4
127.068,0.0882416666666666,0.0,0.502,0.106,0.234,0.082,343043.5,8562.4,2208.0,359.0,12275.0,3,5
241.45,0.1676736111111111,0.0,0.656,0.234,0.0,0.134,347108.86,10091.4,6564.0,7369.0,5856.0,3,6
144.764,0.1005305555555555,0.0,0.576,0.0,0.1,0.076,346315.81,9046.0,1648.0,2686.0,14118.0,3,0
164.87,0.1144930555555555,0.0,0.596,0.102,0.0,0.094,346774.52,8857.8,3745.0,2837.0,11255.0,3,1
142.83,0.0991875,0.0,0.638,0.062,0.078,0.09,347020.77,8981.6,1865.0,4133.0,12335.0,3,2
113.826,0.0790458333333333,0.0,0.356,0.104,0.048,0.066,348139.48,6081.2,353.0,736.0,10462.0,3,3
119.488,0.0829777777777777,0.0,0.548,0.05,0.0,0.08,347969.49,5477.4,1127.0,777.0,8369.0,3,4
191.024,0.1326555555555555,0.0,0.656,0.0,0.062,0.094,345174.44,12532.8,3707.0,5797.0,16382.0,3,5
235.972,0.1639833217512161,0.0,0.86,0.066,0.0,0.126,345407.14,13990.4,4630.0,3600.0,9358.0,3,6
160.966,0.1117819444444444,0.0,0.498,0.0,0.106,0.106,347525.01,6023.6,1088.0,344.0,9096.0,3,0
151.726,0.1053652777777777,0.0,0.584,0.106,0.122,0.1,346466.85,4747.0,0.0,3019.0,3697.0,3,1
196.518,0.1364708333333333,0.0,0.716,0.132,0.142,0.128,346240.24,9870.6,1122.0,8527.0,13888.0,3,2
198.696,0.1379833333333333,0.0,0.57,0.138,0.084,0.124,346372.83,6734.6,1162.0,460.0,10724.0,3,3
181.128,0.1257833333333333,0.0,0.408,0.082,0.14,0.118,347096.49,6033.0,1094.0,468.0,8217.0,3,4
231.504,0.1607666666666666,0.0,0.76,0.144,0.228,0.12,344535.51,14781.2,2620.0,7707.0,17682.0,3,5
202.552,0.1406611111111111,0.0,0.838,0.238,0.21,0.1,345635.26,11735.2,4629.0,5401.0,19509.0,4,6
174.336,0.1210666666666666,0.0,0.598,0.218,0.078,0.1,346262.57,8226.2,1755.0,970.0,16641.0,4,0
168.76,0.1171944444444444,0.0,0.624,0.08,0.226,0.102,346327.14,6978.6,3630.0,1042.0,7637.0,4,1
172.318,0.1196652777777777,0.0,0.72,0.224,0.106,0.104,346077.77,8620.2,3434.0,420.0,14748.0,4,2
244.538,0.1698180555555555,0.0,0.562,0.102,0.0,0.164,347289.27,7907.8,1086.0,4277.0,10523.0,4,3
143.214,0.0994541666666666,0.0,0.594,0.0,0.084,0.09,347305.61,6751.6,0.0,5466.0,9166.0,4,4
138.73,0.0963402777777777,0.0,0.364,0.0,0.21,0.092,346145.17,6573.0,1127.0,3111.0,5923.0,4,5
135.882,0.0943625,0.0,0.388,0.21,0.116,0.094,346102.82,6796.6,0.0,485.0,3545.0,4,6
160.11,0.1111875,0.0,0.424,0.214,0.108,0.103,346392.7,4283.4,2667.0,514.0,3801.0,4,0
148.94,0.1034305555555555,0.0,0.462,0.108,0.218,0.106,346771.73,3380.2,209.0,742.0,2572.0,4,1
192.446,0.1336430555555555,0.0,0.418,0.222,0.194,0.11,347262.95,3771.0,0.0,1112.0,6421.0,4,2
147.812,0.1026472222222222,0.0,0.344,0.194,0.208,0.102,345968.73,2301.0,0.0,541.0,1818.0,4,3
151.64,0.1053055555555555,0.0,0.346,0.23,0.326,0.102,345672.7,2366.4,0.0,558.0,1988.0,4,4
155.61,0.1080625,0.0,0.36,0.236,0.346,0.104,346050.93,2378.0,0.0,578.0,2008.0,4,5
171.544,0.1191277777777777,0.0,0.518,0.344,0.176,0.11,345940.83,3148.6,0.0,1026.0,2893.0,4,6
186.074,0.1292180555555555,0.0,0.548,0.178,0.252,0.122,346546.28,4136.4,952.0,1305.0,4656.0,4,0
218.354,0.1516347222222222,0.0,0.65,0.186,0.338,0.126,345881.76,5314.8,1532.0,389.0,6199.0,4,1
165.224,0.1147388888888888,0.0,0.72,0.336,0.0,0.108,345811.36,4313.4,1579.0,355.0,3430.0,4,2
149.66,0.1039305555555555,0.0,0.58,0.0,0.0,0.102,346218.97,4400.4,733.0,1605.0,5748.0,4,3
145.64600000000002,0.1011430555555555,0.0,0.398,0.0,0.0,0.106,345791.37,3592.6,1069.0,360.0,3499.0,4,4
212.658,0.1476791666666666,0.0,0.656,0.0,0.348,0.122,344467.06,7251.4,6575.0,463.0,11129.0,4,5
267.194,0.1855513888888889,0.0,0.714,0.354,0.232,0.164,345036.79,9631.4,4264.0,2287.0,11102.0,4,6
135.64,0.0941944444444444,0.0,0.37,0.228,0.072,0.082,341619.33,4700.4,1402.0,506.0,6005.0,4,0
135.264,0.0939333333333333,0.0,0.358,0.074,0.108,0.082,338896.69,4528.6,1125.0,527.0,6680.0,4,1
164.736,0.1143999999999999,0.0,0.392,0.11,0.102,0.094,338315.2,5555.6,0.0,1469.0,8812.0,4,2
163.606,0.1136152777777777,0.0,0.366,0.104,0.0,0.094,338093.71,5650.2,1324.0,1845.0,7163.0,4,3
161.928,0.11245,0.0,0.514,0.0,0.086,0.094,338711.28,4770.0,1772.0,545.0,4756.0,4,4
2.86,0.1361904761904762,0.084,0.218,0.086,0.208,0.086,4913.71,97.4,0.0,18.0,0.0,4,5
0.0,,,,,,,0.0,0.0,0.0,0.0,0.0,4,6
71.718,0.1245104166666666,0.0,0.502,0.078,0.142,0.097,135285.14,1865.8,1214.0,500.0,1131.0,4,0
181.608,0.1261166666666666,0.0,0.662,0.14,0.184,0.094,337937.33,7305.6,4005.0,995.0,8546.0,5,1
160.092,0.111175,0.0,0.638,0.188,0.126,0.094,339238.19,4523.8,7.0,1490.0,3754.0,5,2
150.942,0.1048208333333333,0.0,0.4,0.138,0.112,0.086,338594.24,4763.0,1906.0,1725.0,7836.0,5,3
174.74,0.1213472222222222,0.0,0.448,0.11,0.12,0.102,339422.68,4432.4,2259.0,538.0,3990.0,5,4
174.102,0.1209041666666666,0.0,0.55,0.154,0.09,0.1,338450.43,6820.0,2913.0,2493.0,11303.0,5,5
182.336,0.1266222222222222,0.0,0.528,0.076,0.054,0.098,337549.9,9229.0,3215.0,949.0,10095.0,5,6
168.918,0.1173041666666666,0.0,0.54,0.054,0.128,0.096,337733.24,7172.6,946.0,4935.0,9433.0,5,0
181.612,0.1261194444444444,0.0,0.858,0.13,0.196,0.098,338264.98,7713.2,4581.0,2011.0,8777.0,5,1
183.484,0.1274194444444444,0.0,0.52,0.198,0.09,0.108,338218.16,7280.8,3018.0,5631.0,9474.0,5,2
168.314,0.1168847222222222,0.0,0.594,0.088,0.046,0.102,339546.61,3177.8,946.0,534.0,3261.0,5,3
132.096,0.0917333333333333,0.0,0.368,0.0,0.084,0.088,338730.85,4359.8,926.0,491.0,6471.0,5,4
209.172,0.1452583333333333,0.0,0.638,0.086,0.12,0.112,338000.98,6279.2,2247.0,1075.0,10408.0,5,5
220.67,0.1532430555555555,0.0,0.988,0.12,0.064,0.122,339420.54,7155.6,3612.0,2414.0,8958.0,5,6
298.552,0.2073277777777778,0.0,0.676,0.13,0.288,0.194,339393.7,6586.8,3176.0,2417.0,5517.0,5,0
111.182,0.0772097222222222,0.0,0.32,0.286,0.056,0.062,339281.27,3936.0,0.0,408.0,5318.0,5,1
135.894,0.0943708333333333,0.0,0.438,0.056,0.208,0.072,338775.57,7303.4,2213.0,5756.0,9077.0,5,2
131.188,0.0911027777777777,0.0,0.336,0.12,0.056,0.076,339650.58,5358.2,1014.0,2073.0,7687.0,5,3
171.258,0.1189291666666666,0.0,0.736,0.0,0.058,0.076,339832.22,7022.4,3270.0,3913.0,8116.0,5,4
167.858,0.1165680555555555,0.0,0.616,0.056,0.068,0.08,338320.4,6219.8,4683.0,530.0,7022.0,5,5
187.532,0.1302305555555555,0.0,0.912,0.064,0.17,0.088,338901.29,8555.8,5420.0,1733.0,7611.0,5,6
117.28,0.0814444444444444,0.0,0.464,0.168,0.052,0.066,337956.35,4807.6,0.0,468.0,9060.0,5,0
128.916,0.089525,0.0,0.464,0.052,0.054,0.064,339092.03,4895.8,931.0,3966.0,3984.0,5,1
165.878,0.1151930555555555,0.0,0.584,0.05,0.068,0.074,338129.99,6332.4,956.0,3792.0,8119.0,5,2
135.56,0.0941388888888889,0.0,0.618,0.104,0.086,0.072,339186.33,4985.4,955.0,4116.0,4746.0,5,3
174.588,0.1212416666666666,0.0,0.566,0.082,0.0,0.08,337603.97,7003.4,8060.0,586.0,6539.0,5,4
174.24,0.121,0.0,0.468,0.0,0.112,0.09,338500.64,6570.4,2373.0,2754.0,8628.0,5,5
219.894,0.1527041666666666,0.0,0.734,0.112,0.0,0.092,338268.15,9369.4,4366.0,5534.0,10444.0,5,6
151.1,0.1049305555555555,0.0,0.67,0.0,0.166,0.08,338265.47,7087.6,4554.0,473.0,9586.0,5,0
113.244,0.0786416666666666,0.0,0.326,0.046,0.072,0.064,339399.86,4618.4,0.0,1907.0,4332.0,5,1
147.058,0.1021236111111111,0.0,0.488,0.072,0.07,0.068,338157.21,6953.0,2250.0,5948.0,7804.0,5,2
129.586,0.0899902777777777,0.0,0.422,0.07,0.196,0.062,338539.0,4020.2,935.0,477.0,3552.0,5,3
143.182,0.0995010423905489,0.0,0.43,0.196,0.0,0.076,338630.26,4512.2,0.0,483.0,7664.0,6,4
166.108,0.1153527777777777,0.0,0.792,0.0,0.09,0.08,337635.4,6442.6,3971.0,1250.0,7633.0,6,5
182.458,0.1267069444444444,0.0,0.49,0.092,0.224,0.1,338057.82,9148.2,4985.0,7529.0,8334.0,6,6
223.192,0.1549944444444444,0.0,0.524,0.242,0.4,0.146,338037.22,4064.0,1585.0,836.0,4533.0,6,0
255.692,0.1775638888888888,0.0,0.88,0.404,0.06,0.162,337957.58,6429.8,4484.0,1027.0,6448.0,6,1
231.06,0.1605698401667825,0.0,0.758,0.056,0.166,0.162,337620.53,7351.6,3329.0,829.0,11663.0,6,2
172.334,0.1196763888888888,0.0,0.562,0.168,0.296,0.08,337649.48,4294.6,985.0,699.0,3959.0,6,3
229.732,0.1595361111111111,0.0,0.986,0.296,0.0,0.122,340124.32,9285.4,2799.0,11440.0,11380.0,6,4
226.656,0.1616661911554921,0.0,0.856,0.0,0.098,0.15,337469.05,4565.2,852.0,596.0,6590.0,6,5
239.092,0.1660361111111111,0.0,0.6,0.098,0.132,0.128,346815.77,5768.2,4202.0,1924.0,5983.0,6,6
194.634,0.1351625,0.0,0.48,0.132,0.384,0.12,346833.72,3481.8,0.0,487.0,5328.0,6,0
216.416,0.1502888888888889,0.0,0.564,0.382,0.21,0.122,345923.85,4116.4,1882.0,475.0,3898.0,6,1
208.26,0.144625,0.0,0.454,0.212,0.102,0.122,346172.55,4057.2,957.0,857.0,5216.0,6,2
231.696,0.1609,0.0,0.72,0.102,0.25,0.116,345380.81,5448.0,3322.0,2147.0,7054.0,6,3
251.762,0.1748347222222222,0.0,0.606,0.246,0.23,0.172,346268.71,4415.4,2269.0,4011.0,4547.0,6,4
307.558,0.2135819444444444,0.0,0.822,0.23,0.114,0.214,344882.44,8604.0,3289.0,4498.0,11108.0,6,5
239.814,0.1665375,0.0,0.69,0.066,0.116,0.146,345915.62,8307.8,4124.0,5038.0,8734.0,6,6
180.81,0.1255625,0.0,0.462,0.116,0.0,0.116,346717.73,2993.4,0.0,529.0,4241.0,6,0
187.986,0.1307273991655076,0.0,0.436,0.0,0.124,0.116,345507.19,3682.4,973.0,535.0,4357.0,6,1
227.302,0.1578486111111111,0.0,1.148,0.122,0.338,0.118,345824.88,4761.8,1761.0,2588.0,5106.0,6,2
222.546,0.1545458333333333,0.0,0.544,0.338,0.262,0.126,346427.92,3601.2,932.0,2400.0,3711.0,6,3
208.526,0.1448097222222222,0.0,0.378,0.258,0.0,0.124,346803.31,2602.6,0.0,951.0,3482.0,6,4
193.12,0.1341111111111111,0.0,0.514,0.0,0.13,0.122,346059.31,2211.4,0.0,786.0,2402.0,6,5
179.362,0.1245569444444444,0.0,0.364,0.128,0.0,0.11,347230.39,3179.0,0.0,791.0,3449.0,6,6
197.27,0.1369930555555555,0.0,0.674,0.0,0.152,0.102,346208.06,4680.0,1985.0,3621.0,4816.0,6,0
182.42,0.1266805555555555,0.0,0.776,0.108,0.132,0.106,345736.09,4143.0,971.0,1334.0,5231.0,6,1
206.998,0.1437486111111111,0.0,0.654,0.1,0.214,0.116,345252.11,6378.0,2603.0,6451.0,7270.0,6,2
217.446,0.1510041666666666,0.0,0.712,0.208,0.204,0.122,344770.08,5601.0,0.0,4368.0,9541.0,6,3
206.194,0.1432897845726198,0.0,0.714,0.206,0.11,0.126,345622.33,5673.2,4363.0,667.0,6797.0,6,4
188.354,0.1308013888888889,0.0,0.49,0.11,0.354,0.098,345616.72,5719.0,3049.0,792.0,8376.0,6,5
172.448,0.1197555555555555,0.0,0.764,0.35,0.19,0.092,345696.7,4436.2,969.0,736.0,4690.0,7,6
176.924,0.1228638888888889,0.0,0.614,0.19,0.092,0.092,346567.41,4216.0,1018.0,5281.0,3445.0,7,0
180.338,0.1252347222222222,0.0,0.47,0.096,0.34,0.086,345869.19,4652.2,467.0,3214.0,4695.0,7,1
253.334,0.1759263888888889,0.0,0.986,0.3,0.38,0.114,346549.87,4457.4,2329.0,2218.0,5632.0,7,2
246.716,0.1713305555555555,0.0,0.526,0.38,0.09,0.15,346240.0,4655.8,2922.0,770.0,3973.0,7,3
219.35,0.1523263888888889,0.0,0.666,0.206,0.314,0.118,346463.21,4706.8,2826.0,3563.0,4005.0,7,4
214.044,0.1486416666666666,0.0,0.446,0.0,0.0,0.118,345470.6,5810.2,997.0,3047.0,10177.0,7,5
196.92,0.1367499999999999,0.0,0.506,0.0,0.092,0.114,346088.01,4736.6,1825.0,2831.0,5277.0,7,6
172.422,0.1197375,0.0,0.524,0.092,0.088,0.102,346489.41,5063.4,923.0,594.0,9386.0,7,0
176.244,0.1223916666666666,0.0,0.742,0.088,0.248,0.108,345575.6,4012.0,67.0,2227.0,4631.0,7,1
153.856,0.1068444444444444,0.0,0.352,0.172,0.116,0.1,347083.25,3167.2,1015.0,647.0,5284.0,7,2
209.098,0.1452069444444444,0.0,0.686,0.116,0.27,0.114,346701.05,4656.4,1029.0,2550.0,6419.0,7,3
206.694,0.1435374999999999,0.0,0.546,0.27,0.068,0.12,346830.92,3529.2,0.0,633.0,4427.0,7,4
258.45,0.1794791666666666,0.0,0.718,0.066,0.218,0.166,347460.31,5607.4,3775.0,1968.0,6604.0,7,5
233.182,0.1780015267175572,0.0,0.96,0.218,0.088,0.188,315181.48,4050.0,862.0,632.0,5585.0,7,6
233.96,0.1624722222222222,0.0,0.678,0.09,0.0,0.176,340570.42,3831.2,830.0,695.0,4176.0,7,0
176.088,0.1222833333333333,0.0,0.37,0.0,0.096,0.1,338027.41,3277.8,848.0,694.0,3335.0,7,1
156.514,0.1086902777777777,0.0,0.336,0.096,0.096,0.082,332767.05,3437.0,909.0,671.0,4628.0,7,2
187.012,0.1298694444444444,0.0,0.666,0.098,0.0,0.098,337337.08,3087.2,1068.0,703.0,3130.0,7,3
223.118,0.1549430555555555,0.0,0.742,0.0,0.086,0.114,339219.22,4970.4,2111.0,2418.0,4765.0,7,4
236.158,0.1639986111111111,0.0,1.092,0.086,0.102,0.12,337329.54,4739.8,428.0,512.0,7756.0,7,5
218.246,0.1516650451702571,0.0,0.908,0.102,0.206,0.114,339551.81,6082.0,7091.0,2136.0,5563.0,7,6
143.77,0.0998402777777777,0.0,0.756,0.212,0.094,0.082,337681.25,4429.4,1747.0,1288.0,3847.0,7,0
112.81,0.0783402777777777,0.0,0.314,0.0,0.0,0.082,338922.78,3673.4,0.0,1607.0,5599.0,7,1
108.234,0.0751625,0.0,0.224,0.0,0.0,0.088,339323.11,2130.2,0.0,151.0,2333.0,7,2
115.092,0.079925,0.0,0.538,0.0,0.0,0.086,338318.96,4087.0,975.0,3633.0,4346.0,7,3
120.456,0.08365,0.0,0.462,0.0,0.124,0.084,339197.3,5217.6,1837.0,49.0,7157.0,7,4
178.73,0.1241180555555555,0.0,0.964,0.08,0.0,0.119,339130.42,7116.0,907.0,10265.0,6559.0,7,5
118.576,0.0823444444444444,0.0,0.23,0.0,0.0,0.096,339425.33,1488.2,0.0,0.0,1288.0,7,6
129.492,0.0899249999999999,0.0,0.372,0.0,0.112,0.098,339163.53,2112.8,0.0,0.0,2528.0,7,0
145.786,0.1012402777777777,0.0,0.456,0.0,0.0,0.1,338277.33,3603.6,3277.0,0.0,3575.0,7,1
142.556,0.1004622973925299,0.0,0.252,0.0,0.0,0.104,333478.02,4616.6,1583.0,0.0,9812.0,8,2
144.954,0.1006625,0.0,0.384,0.0,0.142,0.1,338193.49,4445.4,482.0,0.0,6869.0,8,3
125.388,0.087075,0.0,0.23,0.142,0.196,0.096,337659.27,4618.4,958.0,0.0,9139.0,8,4
139.226,0.0966847222222222,0.0,0.26,0.196,0.0,0.1,338770.4,4971.4,552.0,398.0,7966.0,8,5
151.254,0.1050374999999999,0.0,0.232,0.0,0.122,0.105,338565.99,3509.0,169.0,0.0,6647.0,8,6
154.434,0.1072458333333333,0.0,0.234,0.122,0.08,0.106,337971.95,4776.6,1096.0,0.0,7985.0,8,0
131.182,0.0910986111111111,0.0,0.406,0.08,0.086,0.092,337757.59,6373.4,437.0,2168.0,9042.0,8,1
119.096,0.0827055555555555,0.0,0.262,0.092,0.0,0.092,337697.82,4868.0,1055.0,1111.0,9660.0,8,2
109.474,0.0760236111111111,0.0,0.278,0.0,0.184,0.09,337268.72,4712.2,182.0,4515.0,6646.0,8,3
117.656,0.0817055555555555,0.0,0.444,0.218,0.134,0.094,337663.89,4506.8,336.0,2651.0,8287.0,8,4
115.77,0.0803958333333333,0.0,0.284,0.138,0.068,0.094,338371.46,4731.4,1180.0,910.0,10339.0,8,5
127.776,0.0887333333333333,0.0,0.34,0.068,0.198,0.096,339357.39,5389.6,1123.0,1156.0,8582.0,8,6
130.94,0.0909305555555555,0.0,0.27,0.182,0.0,0.1,338711.86,4966.2,93.0,476.0,11101.0,8,0
132.01,0.0916736111111111,0.0,0.332,0.0,0.23,0.101,341390.0,4110.0,951.0,685.0,6256.0,8,1
159.764,0.1109472222222222,0.0,0.552,0.224,0.142,0.122,345590.51,5100.6,338.0,508.0,9787.0,8,2
131.532,0.0913416666666666,0.0,0.262,0.142,0.14,0.108,345222.23,4095.2,962.0,0.0,7476.0,8,3
127.388,0.0884638888888889,0.0,0.252,0.136,0.106,0.106,346311.43,4293.4,244.0,0.0,7769.0,8,4
119.24,0.0828055555555555,0.0,0.246,0.108,0.102,0.104,347442.67,1553.6,0.0,0.0,1830.0,8,5
160.018,0.1111236111111111,0.0,0.562,0.13,0.11,0.118,345533.28,6137.2,1025.0,8912.0,5989.0,8,6
155.88,0.10825,0.0,0.654,0.114,0.124,0.122,347473.0,5707.2,1032.0,6965.0,7383.0,8,0
157.308,0.1092416666666666,0.0,0.586,0.156,0.138,0.121,346425.2,2824.0,0.0,38.0,3296.0,8,1
154.288,0.1071444444444444,0.0,0.442,0.114,0.242,0.108,346776.94,5142.6,3048.0,1836.0,7241.0,8,2
157.954,0.1096902777777777,0.0,0.55,0.238,0.276,0.114,346532.12,4795.6,2502.0,259.0,5342.0,8,3
262.692,0.1825517720639333,0.0,0.734,0.382,0.398,0.148,346071.79,7106.6,1891.0,3782.0,9944.0,8,4
272.548,0.1892694444444444,0.0,0.612,0.292,0.124,0.188,345398.15,5117.4,4149.0,2191.0,5678.0,8,5
299.388,0.2079083333333333,0.0,0.744,0.124,0.124,0.206,345529.32,5778.2,1541.0,3645.0,5658.0,8,6
299.084,0.2076972222222222,0.0,0.466,0.124,0.26,0.22,345489.96,5315.4,2305.0,1229.0,6344.0,8,0
181.114,0.1257736111111111,0.0,0.436,0.258,0.106,0.12,344951.82,4314.4,1038.0,2468.0,5483.0,8,1
175.426,0.1218236111111111,0.0,0.534,0.0,0.0,0.122,346672.79,3282.6,957.0,562.0,4932.0,8,2
191.048,0.1326722222222222,0.0,0.572,0.0,0.132,0.124,346425.37,5190.2,3822.0,2580.0,4221.0,8,3
187.256,0.1300388888888889,0.0,0.572,0.182,0.274,0.122,345579.41,5455.4,1200.0,666.0,8738.0,8,4
289.846,0.2012819444444444,0.0,0.902,0.272,0.16,0.192,344672.27,7294.2,2497.0,569.0,9733.0,9,5
231.598,0.1608319444444444,0.0,0.872,0.156,0.052,0.14,345665.28,7224.8,3613.0,1617.0,8806.0,9,6
188.422,0.1308486111111111,0.0,0.694,0.052,0.112,0.11,345053.3,4508.2,621.0,2515.0,5323.0,9,0
179.626,0.1247402777777777,0.0,0.448,0.112,0.104,0.112,345109.92,6848.6,2928.0,3501.0,9821.0,9,1
148.864,0.1033777777777777,0.0,0.422,0.11,0.134,0.096,344373.35,5324.6,0.0,4144.0,6705.0,9,2
172.026,0.1194625,0.0,0.442,0.146,0.116,0.11,344649.67,3963.2,0.0,3888.0,3461.0,9,3
181.738,0.1262069444444444,0.0,0.568,0.116,0.354,0.106,344205.65,5770.4,3632.0,551.0,9388.0,9,4
186.33,0.1293958333333333,0.0,0.584,0.358,0.112,0.102,345211.84,6324.4,3339.0,1801.0,9164.0,9,5
209.152,0.1452444444444444,0.0,0.59,0.112,0.12,0.118,344047.89,7277.8,2184.0,4438.0,9233.0,9,6
177.498,0.1232625,0.0,0.39,0.12,0.122,0.112,344719.67,4843.8,935.0,595.0,5613.0,9,0
151.764,0.1053916666666666,0.0,0.634,0.12,0.228,0.1,345703.67,4251.0,943.0,550.0,5792.0,9,1
171.794,0.1193013888888889,0.0,0.51,0.248,0.108,0.108,345621.68,5558.4,0.0,3217.0,7755.0,9,2
165.958,0.1152486111111111,0.0,0.576,0.104,0.11,0.094,344606.16,4988.8,1175.0,2523.0,3853.0,9,3
183.126,0.1271708333333333,0.0,0.514,0.112,0.0,0.112,344594.73,4960.4,901.0,676.0,5804.0,9,4
184.466,0.1281013888888889,0.0,0.694,0.0,0.222,0.112,345602.84,4720.6,0.0,1449.0,6464.0,9,5
192.352,0.1335777777777777,0.0,0.836,0.094,0.08,0.118,344967.07,7151.4,3118.0,3064.0,9310.0,9,6
202.314,0.1404958333333333,0.0,0.752,0.11,0.19,0.108,344469.31,6355.4,6651.0,926.0,6279.0,9,0
147.132,0.102175,0.0,0.572,0.19,0.0,0.088,343095.37,5058.4,1888.0,2029.0,5425.0,9,1
151.794,0.1054125,0.0,0.528,0.0,0.0,0.094,346039.5,5592.0,0.0,2743.0,7937.0,9,2
132.908,0.0922972222222222,0.0,0.34,0.0,0.104,0.082,345189.58,5358.2,1056.0,489.0,9996.0,9,3
152.834,0.1061347222222222,0.0,0.504,0.104,0.336,0.092,344709.31,5375.0,3130.0,2745.0,6316.0,9,4
183.432,0.1273833333333333,0.0,0.712,0.196,0.088,0.1,344855.57,5061.8,944.0,1311.0,7688.0,9,5
242.974,0.1687319444444444,0.0,0.642,0.09,0.0,0.18,344880.62,6163.2,2831.0,1929.0,7382.0,9,6
197.624,0.1372388888888888,0.0,0.726,0.0,0.084,0.114,343584.87,5873.4,929.0,3935.0,7955.0,9,0
130.078,0.0903319444444444,0.0,0.458,0.084,0.0,0.074,342863.44,7497.2,916.0,2253.0,9820.0,9,1
168.628,0.1172656467315716,0.0,0.602,0.0,0.048,0.088,344292.53,7732.2,1058.0,9415.0,5661.0,9,2
150.71,0.1046597222222222,0.0,0.676,0.0,0.09,0.082,344976.56,5872.0,1066.0,643.0,7324.0,9,3
222.718,0.1546652777777777,0.0,0.744,0.086,0.23,0.092,344825.9,7191.6,996.0,3722.0,9952.0,9,4
182.122,0.1264736111111111,0.0,0.446,0.204,0.06,0.107,344361.76,9782.2,4085.0,7457.0,8190.0,9,5
163.588,0.1136027777777777,0.0,0.556,0.06,0.0,0.098,345693.29,6411.6,1405.0,582.0,10225.0,9,6
146.734,0.1018986111111111,0.0,0.362,0.0,0.07,0.077,344505.48,7306.2,1507.0,6622.0,5960.0,10,0
161.828,0.1123805555555555,0.0,0.46,0.07,0.048,0.084,343431.06,9322.6,508.0,8022.0,12815.0,10,1
157.738,0.1095402777777777,0.0,0.474,0.05,0.2,0.072,344535.94,5472.0,979.0,5024.0,3692.0,10,2
138.448,0.0961444444444444,0.0,0.546,0.196,0.05,0.07,344455.31,6414.6,2400.0,444.0,9710.0,10,3
150.636,0.1046083333333333,0.0,0.656,0.102,0.076,0.068,343911.04,5889.2,0.0,351.0,9425.0,10,4
186.192,0.1293,0.0,0.634,0.076,0.0,0.072,343268.23,7441.4,4840.0,347.0,9666.0,10,5
153.178,0.1063736111111111,0.0,0.506,0.0,0.0,0.086,343909.84,8939.4,2498.0,8255.0,10886.0,10,6
121.896,0.08465,0.0,0.572,0.046,0.094,0.076,344299.03,4652.8,0.0,420.0,5082.0,10,0
159.802,0.1109736111111111,0.0,0.75,0.094,0.0,0.081,343985.97,7174.6,2034.0,2147.0,9290.0,10,1
132.752,0.0921888888888888,0.0,0.406,0.0,0.098,0.088,344766.47,5023.6,1863.0,2117.0,3345.0,10,2
153.108,0.106325,0.0,0.488,0.094,0.236,0.084,343359.58,7357.0,2630.0,414.0,7806.0,10,3
137.984,0.0958222222222222,0.0,0.578,0.17,0.0,0.08,343413.09,8160.6,1020.0,5028.0,11659.0,10,4
125.204,0.0869472222222222,0.0,0.472,0.0,0.108,0.07,343822.19,8209.0,969.0,3799.0,8463.0,10,5
150.05,0.1042013888888889,0.0,0.718,0.108,0.0,0.076,344305.49,8753.4,2930.0,7494.0,7126.0,10,6
118.182,0.0820708333333333,0.0,0.518,0.0,0.058,0.074,344581.5,5359.6,1061.0,339.0,7654.0,10,0
185.414,0.1287597222222222,0.0,0.69,0.058,0.112,0.094,343962.17,8385.4,0.0,7871.0,9876.0,10,1
136.4,0.0947222222222222,0.0,0.646,0.116,0.06,0.086,344436.67,6677.2,1065.0,453.0,8968.0,10,2
122.5,0.0850694444444444,0.0,0.472,0.06,0.046,0.072,345312.41,6384.6,1162.0,317.0,9864.0,10,3
121.478,0.0843597222222222,0.0,0.638,0.0,0.052,0.072,345099.13,8788.6,1299.0,3124.0,11648.0,10,4
139.544,0.0969055555555555,0.0,0.408,0.0,0.07,0.07,348227.74,6933.2,2363.0,296.0,13225.0,10,5
154.028,0.1069638888888888,0.0,0.522,0.174,0.21,0.088,347746.67,8210.4,3712.0,4357.0,7313.0,10,6
116.41,0.0808402777777777,0.0,0.432,0.21,0.226,0.06,346385.38,6920.4,0.0,299.0,13027.0,10,0
127.484,0.0886536856745479,0.0,0.588,0.226,0.184,0.076,346891.41,8214.0,1067.0,5186.0,10680.0,10,1
146.782,0.1019319444444444,0.0,0.444,0.232,0.092,0.094,346763.91,7881.4,4459.0,364.0,9115.0,10,2
132.2,0.0918055555555555,0.0,0.412,0.09,0.162,0.09,346280.59,7795.6,1478.0,2433.0,7385.0,10,3
109.676,0.0761638888888888,0.0,0.328,0.232,0.066,0.066,346580.43,6286.8,0.0,348.0,5766.0,10,4
109.186,0.0758236111111111,0.0,0.474,0.066,0.118,0.072,345889.74,7645.2,1374.0,4856.0,8949.0,10,5
92.298,0.0640958333333333,0.0,0.276,0.116,0.092,0.069,346847.12,2138.8,0.0,283.0,1765.0,10,6
86.998,0.0604152777777777,0.0,0.386,0.092,0.228,0.06,347318.36,2267.2,0.0,269.0,2749.0,10,0
89.84,0.0623888888888888,0.0,0.57,0.23,0.0,0.058,346501.33,3386.0,0.0,1935.0,4256.0,10,1
107.2,0.0744444444444444,0.0,0.744,0.054,0.104,0.066,346088.13,5389.0,0.0,4700.0,8915.0,10,2
85.046,0.0590597222222222,0.0,0.346,0.098,0.082,0.0,346951.3,2067.8,0.0,293.0,1991.0,11,3
93.362,0.0648347222222222,0.0,0.294,0.084,0.0,0.058,344662.54,6051.8,1346.0,2115.0,12245.0,11,4
88.124,0.0611972222222222,0.0,0.316,0.0,0.114,0.06,345874.33,2065.4,0.0,282.0,1936.0,11,5
138.802,0.0963902777777777,0.0,0.454,0.114,0.0,0.094,345895.95,6313.0,0.0,4387.0,7068.0,11,6
131.35,0.0912152777777777,0.0,0.47,0.08,0.0,0.088,345109.12,6330.6,1265.0,397.0,6583.0,11,0
200.526,0.1392541666666666,0.0,0.67,0.0,0.0,0.12,343730.82,8855.8,1105.0,5515.0,10690.0,11,1
193.52,0.1343888888888889,0.0,0.542,0.0,0.0,0.11,344973.47,7892.8,5042.0,301.0,6374.0,11,2
134.698,0.0935402777777777,0.0,0.506,0.0,0.104,0.082,346683.81,6386.4,1715.0,314.0,6500.0,11,3
113.242,0.0786402777777777,0.0,0.594,0.108,0.0,0.078,343750.23,9168.8,0.0,4573.0,15375.0,11,4
237.652,0.1650361111111111,0.0,0.638,0.0,0.222,0.123,344318.99,11098.0,3697.0,304.0,13767.0,11,5
185.61,0.1288958333333333,0.0,0.544,0.382,0.192,0.112,345974.78,7978.4,3445.0,320.0,6024.0,11,6
137.468,0.0954638888888888,0.0,0.652,0.192,0.0,0.074,345348.85,9031.6,1018.0,4165.0,13281.0,11,0
140.952,0.0978833333333333,0.0,0.484,0.0,0.074,0.086,347217.09,9293.0,978.0,4933.0,11076.0,11,1
141.59,0.0983263888888889,0.0,0.612,0.072,0.048,0.088,345522.28,8554.6,1055.0,295.0,16345.0,11,2
133.066,0.0924069444444444,0.0,0.584,0.05,0.0,0.064,345578.39,6330.8,1606.0,571.0,7503.0,11,3
123.978,0.0860958333333333,0.0,0.616,0.0,0.046,0.074,347016.26,9674.0,1991.0,4660.0,13564.0,11,4
168.03,0.1166875,0.0,0.836,0.048,0.302,0.087,346468.93,10942.4,2588.0,2199.0,14990.0,11,5
161.762,0.1123347222222222,0.0,0.76,0.392,0.114,0.088,348855.06,9140.6,5201.0,2097.0,7066.0,11,6
112.03,0.0777986111111111,0.0,0.47,0.114,0.0,0.076,349583.55,7209.0,1089.0,253.0,10750.0,11,0
124.832,0.0866888888888888,0.0,0.554,0.0,0.106,0.074,347527.91,8770.2,1015.0,3954.0,11026.0,11,1
131.48,0.0913690062543432,0.0,0.476,0.106,0.214,0.07,347513.84,7360.4,1139.0,549.0,9455.0,11,2
143.108,0.0993805555555555,0.0,0.65,0.218,0.08,0.082,347853.67,8145.0,2867.0,297.0,9001.0,11,3
138.912,0.0964666666666666,0.0,0.5,0.082,0.0,0.078,346640.21,10570.6,2168.0,6181.0,13685.0,11,4
150.512,0.1045222222222222,0.0,0.672,0.088,0.0,0.088,348195.95,7938.2,1573.0,4131.0,13451.0,11,5
122.776,0.0852611111111111,0.0,0.544,0.0,0.078,0.078,349432.07,5884.8,3556.0,279.0,5678.0,11,6
117.05,0.0812847222222222,0.0,0.442,0.082,0.332,0.064,347207.75,6626.0,1088.0,288.0,8926.0,11,0
139.994,0.0972180555555555,0.0,0.658,0.334,0.0,0.078,347502.38,11745.0,1063.0,11020.0,15111.0,11,1
115.442,0.0801680555555555,0.0,0.6,0.048,0.226,0.066,349768.52,6876.8,1182.0,769.0,7810.0,11,2
118.71,0.082494788047255,0.0,0.466,0.226,0.062,0.068,349289.97,7221.6,2031.0,283.0,8818.0,11,3
147.28,0.1022777777777777,0.0,0.526,0.062,0.204,0.078,350622.36,9730.4,0.0,7941.0,13601.0,11,4
288.892,0.2006194444444444,0.0,0.826,0.102,0.392,0.159,345983.16,13235.8,9356.0,353.0,17847.0,12,5
325.082,0.2257513888888888,0.0,0.79,0.396,0.08,0.206,346651.21,12410.8,2090.0,6915.0,10636.0,12,6
131.914,0.0916069444444444,0.0,0.482,0.082,0.062,0.096,347154.61,7438.4,1141.0,299.0,10428.0,12,0
145.016,0.1007055555555555,0.0,0.68,0.064,0.0,0.096,347811.81,8705.0,1012.0,5828.0,8561.0,12,1
178.398,0.1238875,0.0,0.602,0.0,0.13,0.112,347368.15,9141.4,3422.0,295.0,10919.0,12,2
161.936,0.1124555555555555,0.0,0.526,0.13,0.096,0.096,345182.54,10566.6,4751.0,318.0,11908.0,12,3
147.64,0.1025277777777777,0.0,0.58,0.122,0.142,0.1,346566.31,7427.4,459.0,3710.0,10263.0,12,4
154.34,0.1071805555555555,0.0,0.504,0.14,0.12,0.098,344966.3,9371.6,1133.0,2354.0,12283.0,12,5
200.936,0.1395388888888889,0.0,0.832,0.12,0.046,0.112,345477.71,9650.2,4176.0,2428.0,8728.0,12,6
125.012,0.0868138888888888,0.0,0.552,0.046,0.188,0.07,348341.52,7451.4,1102.0,278.0,8281.0,12,0
133.698,0.0928458333333333,0.0,0.494,0.204,0.08,0.076,347702.74,9665.6,1050.0,3817.0,12740.0,12,1
116.886,0.0811708333333333,0.0,0.646,0.078,0.0,0.078,349165.91,6611.2,1152.0,254.0,7759.0,12,2
111.49,0.0774236111111111,0.0,0.362,0.0,0.096,0.086,348231.37,7804.2,1103.0,1448.0,8911.0,12,3
179.55,0.1246875,0.0,0.648,0.09,0.29,0.108,348459.73,8291.2,980.0,3849.0,12941.0,12,4
157.626,0.1094625,0.0,0.61,0.29,0.108,0.086,347444.13,11491.2,1706.0,3687.0,14313.0,12,5
126.938,0.0881513888888888,0.0,0.64,0.056,0.064,0.072,349466.38,11508.8,3410.0,2281.0,12929.0,12,6
105.098,0.0730354412786657,0.0,0.36,0.0,0.12,0.064,349138.46,7467.6,1636.0,243.0,10567.0,12,0
144.08,0.1000555555555555,0.0,0.58,0.116,0.082,0.076,349833.58,10947.0,1123.0,5810.0,11093.0,12,1
109.336,0.0759277777777777,0.0,0.346,0.082,0.0,0.064,349489.58,9121.6,1233.0,2658.0,11679.0,12,2
119.434,0.0829402777777777,0.0,0.616,0.0,0.0,0.072,350161.83,8083.2,1859.0,276.0,13592.0,12,3
106.47,0.0739375,0.0,0.46,0.0,0.126,0.078,349749.55,8227.8,1191.0,200.0,12251.0,12,4
141.314,0.0981347222222222,0.0,0.604,0.13,0.062,0.086,348689.57,10934.6,3819.0,4550.0,12673.0,12,5
176.272,0.1224111111111111,0.0,0.86,0.062,0.0,0.096,349283.43,10055.2,1971.0,3091.0,11962.0,12,6
149.754,0.1039958333333333,0.0,0.856,0.0,0.108,0.078,349416.61,9431.6,2985.0,2316.0,14350.0,12,0
151.812,0.105425,0.0,0.568,0.104,0.316,0.102,349892.45,11219.0,4588.0,3368.0,9084.0,12,1
140.314,0.0974402777777777,0.0,0.574,0.304,0.0,0.08,349045.05,10693.6,1109.0,2773.0,9480.0,12,2
190.582,0.1323486111111111,0.0,0.738,0.0,0.16,0.124,348640.72,10650.0,4122.0,1490.0,7960.0,12,3
206.8,0.1436111111111111,0.0,0.622,0.164,0.224,0.133,348889.65,13004.0,1980.0,8554.0,15823.0,12,4
199.892,0.1388138888888888,0.0,0.66,0.23,0.066,0.112,346392.96,13766.4,4836.0,2434.0,14906.0,12,5
178.436,0.1239138888888888,0.0,0.538,0.066,0.216,0.1,348622.81,10750.6,3595.0,3597.0,13485.0,12,6
145.536,0.1010666666666666,0.0,0.854,0.218,0.072,0.09,347176.5,9295.2,0.0,3457.0,14071.0,12,0
142.508,0.0989638888888888,0.0,0.588,0.07,0.0,0.072,347092.81,11489.2,2461.0,2739.0,12355.0,1,1
111.666,0.0775458333333333,0.0,0.386,0.0,0.2,0.08,349081.13,6869.4,0.0,3094.0,8987.0,1,2
121.182,0.0841541666666666,0.0,0.586,0.136,0.13,0.074,350031.54,6338.4,1130.0,846.0,6671.0,1,3
136.706,0.0949347222222222,0.0,0.688,0.132,0.0,0.088,347433.67,9669.8,1241.0,5326.0,11752.0,1,4
129.464,0.0899055555555555,0.0,0.444,0.0,0.076,0.076,343905.04,9283.4,2113.0,286.0,14591.0,1,5
116.958,0.0812208333333333,0.0,0.414,0.078,0.05,0.07,344746.5,7761.8,1966.0,2445.0,7824.0,1,6
116.172,0.080675,0.0,0.432,0.05,0.05,0.066,346671.27,7078.0,1288.0,282.0,10294.0,1,0
127.452,0.0885083333333333,0.0,0.494,0.05,0.09,0.068,346783.4,8625.6,2197.0,3511.0,9793.0,1,1
125.336,0.0870388888888888,0.0,0.568,0.092,0.0,0.066,347412.44,7534.0,1162.0,284.0,8963.0,1,2
120.504,0.0836833333333333,0.0,0.464,0.0,0.138,0.064,346762.28,8056.2,1307.0,285.0,9992.0,1,3
95.484,0.0663083333333333,0.0,0.41,0.12,0.0,0.056,346190.47,7147.4,1261.0,290.0,7997.0,1,4
162.724,0.1130027777777777,0.0,0.532,0.082,0.052,0.081,345542.66,12274.4,5594.0,2621.0,11116.0,1,5
144.278,0.100262682418346,0.0,0.508,0.056,0.0,0.082,345001.97,12158.6,6505.0,340.0,9362.0,1,6
120.11,0.0834097222222222,0.0,0.376,0.0,0.046,0.07,346030.57,8661.0,5918.0,339.0,9738.0,1,0
113.144,0.0785722222222222,0.0,0.566,0.048,0.076,0.068,346621.66,11363.4,782.0,6883.0,14512.0,1,1
128.93,0.0895347222222222,0.0,0.64,0.076,0.054,0.072,346207.89,9100.2,1162.0,3430.0,9391.0,1,2
116.718,0.0810541666666666,0.0,0.508,0.0,0.216,0.066,347944.31,6688.8,1007.0,350.0,8657.0,1,3
119.29,0.0828402777777777,0.0,0.588,0.216,0.0,0.066,345503.42,9262.4,1034.0,846.0,14983.0,1,4
134.982,0.0937375,0.0,0.5,0.0,0.0,0.082,345032.53,8393.6,2521.0,6054.0,8015.0,1,5
138.614,0.0962597222222222,0.0,0.912,0.0,0.114,0.082,345520.14,7414.4,1775.0,380.0,4940.0,1,6
122.4,0.085,0.0,0.492,0.114,0.062,0.08,344973.24,7947.4,0.0,376.0,10447.0,1,0
143.462,0.0996263888888888,0.0,0.566,0.084,0.188,0.082,345736.48,9977.4,4670.0,7640.0,7552.0,1,1
107.984,0.0749888888888888,0.0,0.36,0.236,0.0,0.068,346906.15,7949.2,1116.0,387.0,13359.0,1,2
104.306,0.0724347222222222,0.0,0.34,0.0,0.066,0.066,346722.09,7038.6,1107.0,320.0,5935.0,1,3
119.626,0.0830736111111111,0.0,0.638,0.066,0.0,0.064,346615.84,9423.4,0.0,2421.0,11409.0,1,4
168.422,0.1169597222222222,0.0,0.866,0.0,0.054,0.076,345254.7,12048.0,4925.0,311.0,15606.0,1,5
140.758,0.0977486111111111,0.0,0.498,0.052,0.058,0.074,347477.29,10058.2,3725.0,3818.0,7367.0,1,6
107.836,0.0748861111111111,0.0,0.366,0.058,0.054,0.058,346272.16,9748.2,1142.0,280.0,12792.0,1,0
117.176,0.0813722222222222,0.0,0.46,0.0,0.0,0.066,346497.27,11292.8,1487.0,6199.0,11077.0,1,1
116.47,0.0808819444444444,0.0,0.422,0.0,0.0,0.067,347925.1,6950.0,0.0,261.0,7261.0,1,2
137.576,0.0955388888888888,0.0,0.514,0.0,0.182,0.072,348315.48,8342.4,1165.0,267.0,9437.0,1,3
179.25,0.1244791666666666,0.0,0.48,0.184,0.178,0.1,346118.79,6505.4,336.0,280.0,7241.0,2,4
230.968,0.1605059068797776,0.0,1.032,0.176,0.09,0.096,345778.05,12446.6,6247.0,2764.0,15188.0,2,5
153.708,0.1067416666666666,0.0,0.698,0.096,0.108,0.088,346090.64,8835.4,2319.0,4435.0,8452.0,2,6
104.034,0.0722458333333333,0.0,0.48,0.068,0.0,0.058,345967.5,6879.2,1161.0,252.0,9531.0,2,0
152.786,0.1061013888888888,0.0,0.62,0.0,0.246,0.088,347006.76,10383.2,1098.0,7803.0,13717.0,2,1
114.26,0.0793472222222222,0.0,0.504,0.256,0.0,0.066,343315.75,7104.4,2114.0,356.0,8428.0,2,2
108.706,0.0754902777777777,0.0,0.484,0.0,0.05,0.063,347141.59,6392.6,0.0,295.0,8089.0,2,3
119.094,0.0827041666666666,0.0,0.748,0.046,0.08,0.06,346223.69,8276.0,940.0,1921.0,9563.0,2,4
144.528,0.1003666666666666,0.0,0.584,0.08,0.098,0.08,348140.89,8769.6,2050.0,2838.0,10293.0,2,5
151.736,0.1053722222222222,0.0,0.768,0.094,0.048,0.072,347436.29,9211.4,2562.0,2955.0,10128.0,2,6
102.246,0.0710041666666666,0.0,0.402,0.05,0.0,0.064,348036.76,7101.8,1018.0,297.0,8930.0,2,0
130.946,0.0909347222222222,0.0,0.608,0.0,0.0,0.076,344893.18,8419.8,2009.0,1856.0,12138.0,2,1
128.478,0.0892208333333333,0.0,0.664,0.0,0.0,0.082,347332.46,8035.4,2530.0,3615.0,7568.0,2,2
113.646,0.0789208333333333,0.0,0.53,0.0,0.058,0.072,346701.34,6744.6,1300.0,291.0,9299.0,2,3
107.952,0.0749666666666666,0.0,0.67,0.058,0.0,0.058,348322.47,8325.0,1109.0,1723.0,13417.0,2,4
138.994,0.0965236111111111,0.0,0.686,0.0,0.062,0.082,347166.08,9927.2,1076.0,2360.0,11599.0,2,5
120.076,0.0833861111111111,0.0,0.562,0.06,0.096,0.066,349156.56,8142.4,3182.0,2257.0,6049.0,2,6
101.972,0.0708138888888888,0.0,0.712,0.092,0.29,0.07,348572.06,6301.8,0.0,251.0,10345.0,2,0
137.568,0.0955333333333333,0.0,0.564,0.342,0.0,0.084,347054.59,8956.4,1881.0,4711.0,11200.0,2,1
190.268,0.1321305555555555,0.0,0.816,0.074,0.0,0.09,348004.35,9516.0,3655.0,5516.0,7704.0,2,2
112.274,0.0779680555555555,0.0,0.526,0.0,0.0,0.072,346680.56,6895.4,0.0,307.0,8523.0,2,3
121.688,0.0845055555555555,0.0,0.708,0.0,0.094,0.072,347667.5,7279.6,1167.0,1985.0,10101.0,2,4
132.504,0.092144645340751,0.0,0.434,0.09,0.088,0.074,344649.26,7781.8,1684.0,2250.0,10040.0,2,5
107.332,0.0745361111111111,0.0,0.432,0.09,0.0,0.072,346144.03,5240.0,754.0,332.0,11447.0,2,6
91.72,0.0636944444444444,0.0,0.34,0.0,0.1,0.067,345277.45,2096.0,0.0,321.0,1856.0,2,0
84.59,0.0587430555555555,0.0,0.324,0.1,0.0,0.0,344927.99,2101.0,0.0,295.0,2013.0,2,1
86.168,0.0598388888888888,0.0,0.344,0.0,0.0,0.054,344957.79,2353.2,0.0,326.0,2969.0,2,2
83.248,0.0578111111111111,0.0,0.348,0.0,0.084,0.0,345318.15,2112.4,0.0,281.0,2028.0,2,3
88.948,0.0617694444444444,0.0,0.362,0.082,0.078,0.058,342775.43,5576.6,0.0,3773.0,8062.0,2,4
105.158,0.0730263888888888,0.0,0.35,0.076,0.082,0.07,344781.38,4719.8,0.0,1287.0,2724.0,3,5
144.71,0.1004930555555555,0.0,0.74,0.082,0.0,0.084,345234.59,4932.0,0.0,5244.0,2565.0,3,6
114.334,0.0793986111111111,0.0,0.346,0.0,0.146,0.076,346106.86,4287.6,0.0,2207.0,1755.0,3,0
108.958,0.0756652777777777,0.0,0.354,0.23,0.0,0.068,347078.04,7009.4,1249.0,2443.0,9415.0,3,1
140.898,0.0978458333333333,0.0,0.454,0.0,0.112,0.088,347133.95,8598.0,1145.0,9797.0,5529.0,3,2
106.184,0.0737388888888888,0.0,0.346,0.102,0.0,0.068,346218.09,10389.0,1082.0,372.0,6965.0,3,3
129.392,0.0898555555555555,0.0,0.56,0.0,0.0,0.08,346775.14,7836.0,1235.0,3471.0,9033.0,3,4
237.08,0.1646388888888889,0.0,0.964,0.0,0.0,0.13,347890.97,9487.2,6286.0,346.0,8435.0,3,5
135.574,0.0941486111111111,0.0,0.458,0.0,0.112,0.08,346674.79,6611.2,2607.0,333.0,4155.0,3,6
127.124,0.0882805555555555,0.0,0.488,0.114,0.068,0.08,348087.38,6786.0,2009.0,368.0,8660.0,3,0
151.1,0.1049305555555555,0.0,0.74,0.068,0.088,0.08,346210.78,9312.4,1271.0,3901.0,12936.0,3,1
138.194,0.0959680555555555,0.0,0.604,0.09,0.21,0.08,347122.38,7448.0,1120.0,2374.0,11042.0,3,2
128.474,0.0892180555555555,0.0,0.512,0.21,0.0,0.076,346755.78,7116.0,3263.0,3590.0,5464.0,3,3
159.748,0.1109361111111111,0.0,0.546,0.0,0.072,0.076,346503.41,9282.6,980.0,3881.0,14476.0,3,4
154.412,0.1072305555555555,0.0,0.748,0.0,0.0,0.08,345885.11,6697.0,2550.0,502.0,5910.0,3,5
173.652,0.1205916666666666,0.0,0.478,0.134,0.068,0.098,347464.32,7629.6,2394.0,566.0,11286.0,3,6
175.274,0.1217180555555555,0.0,0.446,0.07,0.116,0.1,346759.53,7210.0,236.0,6651.0,9346.0,3,0
147.44,0.1023888888888888,0.0,0.748,0.112,0.116,0.094,348377.74,8023.6,1156.0,4019.0,12544.0,3,1
142.498,0.0989569444444444,0.0,0.484,0.138,0.0,0.1,349059.19,5508.8,2110.0,411.0,6154.0,3,2
120.854,0.0839263888888888,0.0,0.412,0.0,0.22,0.074,348138.12,5269.8,1107.0,478.0,6670.0,3,3
223.824,0.1554333333333333,0.0,0.668,0.218,0.31,0.106,347572.67,8695.0,2171.0,4778.0,13275.0,3,4
185.68,0.1289444444444444,0.0,0.968,0.332,0.0,0.096,347921.5,8669.2,3322.0,588.0,12405.0,3,5
152.446,0.1058652777777777,0.0,0.686,0.0,0.07,0.07,349419.78,9778.4,6279.0,2112.0,13878.0,3,6
131.05,0.0910701876302988,0.0,0.68,0.074,0.204,0.072,349255.74,8285.6,1131.0,5988.0,7008.0,3,0
127.832,0.0887722222222222,0.0,0.564,0.202,0.146,0.074,348679.03,8453.6,2246.0,3677.0,13494.0,3,1
133.598,0.0927763888888889,0.0,0.916,0.194,0.094,0.07,349646.11,6858.8,2547.0,3831.0,7547.0,3,2
116.44,0.0808611111111111,0.0,0.354,0.088,0.0,0.07,348617.58,5703.6,0.0,356.0,9022.0,3,3
137.64,0.0955833333333333,0.0,0.616,0.0,0.0,0.08,348945.61,7889.8,2325.0,3605.0,11581.0,3,4
175.068,0.121575,0.0,0.794,0.164,0.0,0.083,347405.11,10381.4,5153.0,375.0,17240.0,3,5
175.97,0.1222013888888888,0.0,0.724,0.046,0.192,0.086,347275.81,9039.6,5045.0,1315.0,9769.0,3,6
130.86,0.090875,0.0,0.588,0.194,0.0,0.086,349526.94,5768.6,1091.0,411.0,9387.0,3,0
170.396,0.1183305555555555,0.0,0.694,0.0,0.0,0.094,347926.76,8931.6,1079.0,6657.0,14515.0,4,1
142.54,0.0989861111111111,0.0,0.484,0.0,0.11,0.08,343680.71,7211.0,1106.0,3674.0,7989.0,4,2
121.236,0.0841916666666666,0.0,0.612,0.116,0.332,0.068,346599.71,4724.4,0.0,422.0,6901.0,4,3
125.306,0.0870180555555555,0.0,0.446,0.326,0.058,0.076,347516.72,6806.0,2133.0,775.0,13246.0,4,4
203.684,0.1414472222222222,0.0,1.014,0.058,0.214,0.098,346403.56,8330.2,2929.0,874.0,13644.0,4,5
150.572,0.1045638888888888,0.0,0.81,0.218,0.0,0.082,347255.43,7122.8,1124.0,2615.0,7552.0,4,6
141.28,0.0981111111111111,0.0,0.654,0.0,0.076,0.1,350248.79,6457.2,2420.0,672.0,9466.0,4,0
184.176,0.1278999999999999,0.0,1.06,0.0,0.0,0.114,348575.88,11087.2,2752.0,10713.0,17519.0,4,1
132.864,0.0922666666666666,0.0,0.57,0.0,0.114,0.096,348937.5,5073.0,0.0,376.0,9003.0,4,2
163.68,0.1136666666666666,0.0,0.47,0.118,0.0,0.104,348406.63,6199.8,3261.0,457.0,6527.0,4,3
143.89,0.0999236111111111,0.0,0.852,0.0,0.076,0.088,346692.06,7851.8,1802.0,491.0,14522.0,4,4
392.272,0.2724111111111111,0.0,0.968,0.078,0.306,0.234,347130.97,11834.2,7076.0,2499.0,15225.0,4,5
213.514,0.1482736111111111,0.0,1.39,0.306,0.256,0.106,346209.59,9434.6,2554.0,5942.0,13007.0,4,6
154.958,0.1076097222222222,0.0,0.388,0.254,0.132,0.114,348932.24,6630.2,0.0,425.0,11197.0,4,0
178.782,0.1241541666666666,0.0,0.994,0.132,0.092,0.121,347383.79,7069.8,1174.0,3998.0,9874.0,4,1
125.904,0.0874333333333333,0.0,0.5,0.096,0.0,0.082,348111.92,6215.2,838.0,403.0,11322.0,4,2
145.878,0.1013041666666666,0.0,0.544,0.15,0.128,0.098,347621.18,5910.2,1719.0,417.0,8638.0,4,3
184.646,0.1282263888888888,0.0,0.936,0.238,0.358,0.11,346523.87,7859.0,2174.0,3832.0,10921.0,4,4
245.284,0.1703361111111111,0.0,0.69,0.356,0.132,0.13,347246.18,9556.0,4319.0,2457.0,14722.0,4,5
227.854,0.1582319444444444,0.0,0.512,0.126,0.082,0.139,347663.34,7575.2,1030.0,4544.0,10401.0,4,6
175.4,0.1218055555555555,0.0,0.518,0.076,0.148,0.11,348469.19,4902.0,0.0,2673.0,6788.0,4,0
193.15,0.1341319444444444,0.0,0.508,0.12,0.36,0.116,346981.99,6872.4,971.0,5093.0,10603.0,4,1
189.502,0.1315986111111111,0.0,0.52,0.36,0.214,0.114,347776.33,5713.2,1380.0,492.0,8406.0,4,2
171.924,0.1193916666666666,0.0,0.532,0.202,0.128,0.108,346471.67,4403.6,1263.0,522.0,5296.0,4,3
162.224,0.1126555555555555,0.0,0.528,0.13,0.12,0.102,347050.3,5328.0,824.0,2004.0,9400.0,4,4
168.696,0.11715,0.0,0.582,0.12,0.098,0.102,346741.29,3793.0,0.0,634.0,3586.0,4,5
198.118,0.1375819444444444,0.0,0.542,0.154,0.0,0.108,346906.49,4267.8,693.0,588.0,5488.0,4,6
167.118,0.1160541666666666,0.0,0.52,0.0,0.094,0.104,347008.98,2809.0,0.0,621.0,2786.0,4,0
215.356,0.1495527777777777,0.0,0.904,0.092,0.452,0.106,346617.94,8309.8,1402.0,5411.0,10481.0,4,1
171.556,0.1191361111111111,0.0,0.57,0.564,0.0,0.104,347664.45,4634.8,1057.0,590.0,6653.0,4,2
150.696,0.1046499999999999,0.0,0.35,0.084,0.0,0.104,347682.62,2451.4,0.0,530.0,2586.0,5,3
205.568,0.1427555555555555,0.0,0.696,0.0,0.442,0.112,347974.48,6304.0,3114.0,584.0,8687.0,5,4
202.004,0.1402805555555555,0.0,0.6,0.44,0.0,0.118,346800.51,5473.4,996.0,541.0,6535.0,5,5
209.422,0.1454319444444444,0.0,0.6,0.0,0.118,0.118,347587.89,6282.0,2196.0,2872.0,5464.0,5,6
185.75,0.1289930555555555,0.0,0.594,0.118,0.0,0.116,346661.07,5756.8,1008.0,378.0,10197.0,5,0
199.596,0.1386083333333333,0.0,0.628,0.0,0.116,0.116,346018.06,7554.2,1354.0,5410.0,12200.0,5,1
190.956,0.1326083333333333,0.0,0.786,0.24,0.28,0.118,347157.02,4978.8,1030.0,423.0,6649.0,5,2
253.244,0.1758638888888888,0.0,0.768,0.282,0.208,0.18,345385.86,8897.0,3667.0,702.0,12717.0,5,3
229.874,0.1596347222222222,0.0,0.502,0.206,0.062,0.16,346278.56,7396.0,2229.0,423.0,11904.0,5,4
289.814,0.2012597222222222,0.0,0.636,0.062,0.09,0.188,345724.17,8116.4,6950.0,612.0,11714.0,5,5
275.702,0.1914597222222222,0.0,0.448,0.09,0.068,0.19,346299.26,6918.0,563.0,1340.0,6930.0,5,6
229.14,0.159125,0.0,0.544,0.108,0.244,0.136,347099.94,6508.0,2082.0,1085.0,11959.0,5,0
236.468,0.1642138888888888,0.0,0.724,0.244,0.142,0.126,346138.65,6324.2,823.0,4089.0,8370.0,5,1
277.374,0.1926208333333333,0.0,0.58,0.142,0.13,0.214,346620.26,6787.2,2467.0,3436.0,9716.0,5,2
237.724,0.1650861111111111,0.0,0.682,0.128,0.094,0.142,346104.57,5071.8,868.0,570.0,6820.0,5,3
235.202,0.1635618915159944,0.0,0.666,0.094,0.046,0.124,344573.91,7078.2,2228.0,2565.0,8955.0,5,4
275.896,0.1915944444444444,0.0,0.628,0.0,0.0,0.19,344840.92,7130.2,2158.0,935.0,12472.0,5,5
254.492,0.1767305555555555,0.0,0.618,0.092,0.104,0.17,345143.07,7789.6,1775.0,5355.0,8626.0,5,6
175.736,0.1220388888888888,0.0,0.582,0.102,0.232,0.114,346221.9,4420.0,1014.0,558.0,7503.0,5,0
184.082,0.1278347222222222,0.0,0.534,0.098,0.104,0.118,347068.23,6742.4,1352.0,2431.0,11977.0,5,1
190.326,0.1321708333333333,0.0,0.538,0.104,0.0,0.118,346695.14,5640.0,1989.0,474.0,9251.0,5,2
169.816,0.1179277777777777,0.0,0.496,0.0,0.112,0.115,344880.28,4256.6,996.0,440.0,6475.0,5,3
178.958,0.1242763888888889,0.0,0.604,0.112,0.25,0.114,344878.35,6276.4,0.0,1390.0,14734.0,5,4
285.55,0.1982986111111111,0.0,0.69,0.248,0.0,0.18,346643.86,6723.4,1027.0,569.0,12833.0,5,5
290.416,0.2016777777777778,0.0,0.668,0.0,0.0,0.213,345521.73,8836.6,4307.0,8811.0,6016.0,5,6
220.698,0.1532625,0.0,0.628,0.0,0.236,0.14,346123.71,5658.8,985.0,666.0,9284.0,5,0
207.466,0.1440736111111111,0.0,0.84,0.234,0.222,0.118,344722.85,7354.6,0.0,5352.0,11478.0,5,1
235.644,0.1636416666666666,0.0,0.63,0.224,0.0,0.13,347504.68,4824.8,3138.0,512.0,6709.0,5,2
186.832,0.1297444444444444,0.0,0.46,0.058,0.0,0.125,342252.23,5005.0,1004.0,507.0,8703.0,5,3
182.218,0.1265402777777777,0.0,0.56,0.0,0.25,0.11,346397.32,6052.2,0.0,3019.0,11298.0,5,4
249.924,0.1735583333333333,0.0,0.866,0.248,0.27,0.138,346542.05,7089.2,1764.0,2328.0,11858.0,5,5
225.34,0.1564861111111111,0.0,0.526,0.342,0.0,0.132,346497.38,7809.4,1906.0,545.0,11307.0,6,6
165.158,0.1146930555555555,0.0,0.432,0.0,0.0,0.102,340372.62,4634.0,960.0,558.0,6341.0,6,0
173.938,0.1207902777777777,0.0,0.664,0.0,0.0,0.1,337179.18,6975.6,2897.0,2608.0,9265.0,6,1
152.404,0.1058361111111111,0.0,0.384,0.0,0.104,0.094,337977.32,6952.0,1550.0,7682.0,6508.0,6,2
153.106,0.1063236111111111,0.0,0.536,0.074,0.146,0.088,338635.91,4892.6,1747.0,506.0,8781.0,6,3
174.52,0.1211944444444444,0.0,0.732,0.146,0.0,0.104,345192.39,5287.8,1009.0,506.0,7871.0,6,4
186.414,0.1294541666666666,0.0,0.628,0.0,0.294,0.112,344137.6,7966.0,2379.0,2611.0,14593.0,6,5
188.384,0.1308222222222222,0.0,0.538,0.344,0.088,0.114,345549.51,6618.4,2536.0,3161.0,9732.0,6,6
183.64,0.1275277777777777,0.0,0.494,0.092,0.0,0.11,344785.94,5817.2,1967.0,2085.0,7921.0,6,0
216.018,0.1500125,0.0,0.508,0.0,0.0,0.128,345568.39,4615.0,907.0,585.0,8992.0,6,1
214.372,0.1488694444444444,0.0,0.534,0.0,0.118,0.13,345822.44,4879.4,977.0,842.0,7566.0,6,2
189.292,0.1314527777777777,0.0,0.554,0.118,0.0,0.121,345153.63,5471.0,1951.0,567.0,7246.0,6,3
281.816,0.1958415566365531,0.0,0.676,0.118,0.244,0.186,343759.26,8067.0,2809.0,7358.0,10531.0,6,4
344.28000000000003,0.2390833333333333,0.0,0.816,0.244,0.0,0.232,345620.87,6059.2,1862.0,1011.0,10681.0,6,5
281.00600000000003,0.1951430555555555,0.0,0.786,0.07,0.124,0.17,344813.37,9754.0,6471.0,6802.0,11589.0,6,6
204.382,0.1419319444444444,0.0,0.708,0.13,0.13,0.138,346224.19,5622.8,1980.0,464.0,10012.0,6,0
175.464,0.12185,0.0,0.604,0.188,0.12,0.11,346110.38,4945.8,1080.0,432.0,10094.0,6,1
272.724,0.1893916666666666,0.0,0.85,0.12,0.342,0.13,345225.41,8224.4,7549.0,3040.0,12687.0,6,2
189.418,0.1315402777777777,0.0,1.09,0.338,0.0,0.11,344552.67,6822.6,3411.0,1514.0,10911.0,6,3
227.42,0.1579305555555555,0.0,1.036,0.0,0.298,0.122,345512.43,7211.8,2948.0,2935.0,12417.0,6,4
239.028,0.1659916666666666,0.0,0.556,0.346,0.046,0.132,344827.31,7393.2,940.0,5823.0,12828.0,6,5
294.144,0.2042666666666666,0.0,0.602,0.088,0.12,0.2,344223.53,6730.6,4705.0,1175.0,10652.0,6,6
210.956,0.1464972222222222,0.0,0.608,0.12,0.0,0.114,344070.22,5460.4,2600.0,581.0,10124.0,6,0
253.022,0.1757097222222222,0.0,0.632,0.0,0.126,0.174,342598.16,7577.6,2779.0,3489.0,14271.0,6,1
290.626,0.2018236111111111,0.0,0.738,0.126,0.11,0.19,344008.66,5631.8,2773.0,569.0,9402.0,6,2
217.414,0.1509819444444444,0.0,0.712,0.234,0.194,0.116,344666.02,4624.0,921.0,572.0,8971.0,6,3
262.008,0.18195,0.0,0.656,0.256,0.22,0.158,344066.38,7540.8,4159.0,2372.0,10163.0,6,4
210.954,0.1464958333333333,0.0,0.806,0.22,0.216,0.118,344365.03,5307.8,0.0,2000.0,7932.0,6,5
183.664,0.1275444444444444,0.0,0.4,0.188,0.196,0.116,345831.33,3356.8,955.0,535.0,3896.0,6,6
189.526,0.1316152777777778,0.0,0.44,0.112,0.0,0.124,346141.61,3570.0,0.0,521.0,6819.0,6,0
277.788,0.1929083333333333,0.0,0.694,0.11,0.232,0.166,344938.02,5385.6,3465.0,587.0,8390.0,7,1
266.538,0.1850958333333333,0.0,0.772,0.23,0.22,0.189,344105.25,5140.2,962.0,650.0,7002.0,7,2
213.748,0.1484361111111111,0.0,0.732,0.218,0.228,0.126,345075.11,4814.2,958.0,2569.0,7410.0,7,3
188.132,0.1306472222222222,0.0,0.51,0.218,0.072,0.114,345858.7,4072.8,0.0,589.0,8302.0,7,4
224.78,0.1560972222222222,0.0,0.734,0.082,0.076,0.118,344973.27,6316.6,1875.0,6754.0,8365.0,7,5
253.582,0.1760986111111111,0.0,0.908,0.078,0.222,0.152,346449.93,7717.6,4258.0,5230.0,7536.0,7,6
202.81,0.1408402777777777,0.0,0.594,0.22,0.186,0.118,345072.55,4274.8,2171.0,592.0,7149.0,7,0
196.318,0.1363319444444444,0.0,0.702,0.248,0.146,0.126,345168.9,4854.8,991.0,503.0,7592.0,7,1
191.724,0.1331416666666666,0.0,0.498,0.146,0.0,0.13,346074.59,3996.4,951.0,499.0,7352.0,7,2
240.242,0.1668347222222222,0.0,0.582,0.0,0.112,0.144,345409.57,5390.6,982.0,552.0,8186.0,7,3
251.036,0.1743305555555555,0.0,0.944,0.104,0.12,0.134,344904.35,5446.4,724.0,558.0,9251.0,7,4
266.124,0.1848083333333333,0.0,0.954,0.124,0.0,0.159,345685.36,5832.6,4436.0,2617.0,7231.0,7,5
166.908,0.1160695410292072,0.0,0.53,0.0,0.086,0.1,345538.77,5420.0,1671.0,3164.0,7056.0,7,6
209.668,0.1456027777777777,0.0,0.638,0.086,0.0,0.118,346311.63,4941.6,2564.0,1995.0,6436.0,7,0
190.936,0.1325944444444444,0.0,0.48,0.0,0.362,0.12,345285.28,4947.4,968.0,552.0,8585.0,7,1
206.462,0.1433763888888888,0.0,0.676,0.364,0.0,0.126,346454.47,4661.0,1537.0,2799.0,4978.0,7,2
239.506,0.1663236111111111,0.0,0.712,0.0,0.274,0.124,345480.53,5798.4,1122.0,723.0,8280.0,7,3
195.606,0.1358375,0.0,0.638,0.324,0.096,0.112,344991.15,5381.2,1143.0,552.0,9260.0,7,4
208.03,0.1444652777777778,0.0,0.81,0.096,0.236,0.114,344377.61,5788.4,2941.0,3146.0,7676.0,7,5
172.576,0.1198444444444444,0.0,0.62,0.258,0.0,0.104,345279.88,4084.4,1943.0,1076.0,5457.0,7,6
172.45,0.1197569444444444,0.0,0.642,0.0,0.224,0.102,344306.44,5014.2,1698.0,431.0,9189.0,7,0
161.128,0.1118944444444444,0.0,0.566,0.224,0.128,0.098,345125.24,3272.6,0.0,430.0,4886.0,7,1
162.392,0.1127722222222222,0.0,0.476,0.126,0.214,0.104,345738.41,4103.2,1233.0,454.0,6325.0,7,2
185.882,0.1290847222222222,0.0,0.586,0.214,0.12,0.112,345432.62,4639.0,837.0,476.0,8344.0,7,3
182.714,0.1268847222222222,0.0,0.45,0.122,0.0,0.108,344242.39,3770.4,1168.0,492.0,6731.0,7,4
213.318,0.1481375,0.0,0.508,0.0,0.226,0.116,345641.32,3592.0,0.0,948.0,6243.0,7,5
233.138,0.1619013888888889,0.0,0.604,0.226,0.086,0.134,343398.47,5058.0,1063.0,858.0,8385.0,7,6
198.514,0.1378569444444444,0.0,0.444,0.088,0.138,0.116,345590.92,3707.0,0.0,509.0,5963.0,7,0
208.384,0.1447111111111111,0.0,0.568,0.136,0.232,0.124,345958.39,5242.8,1571.0,530.0,5802.0,7,1
227.536,0.1580111111111111,0.0,0.616,0.232,0.0,0.143,344283.25,5853.8,2548.0,773.0,6278.0,7,2
243.476,0.1690805555555555,0.0,0.668,0.0,0.222,0.128,345737.77,6093.8,1533.0,2808.0,7588.0,7,3
252.704,0.1754888888888889,0.0,0.51,0.226,0.0,0.202,345319.83,3352.2,586.0,1150.0,5091.0,8,4
178.294,0.1238152777777777,0.0,0.374,0.0,0.092,0.118,344345.37,2286.6,0.0,504.0,3803.0,8,5
166.052,0.1153138888888888,0.0,0.344,0.094,0.17,0.116,341358.39,2270.4,0.0,499.0,3926.0,8,6
193.62,0.1345517720639333,0.0,0.584,0.096,0.054,0.118,342285.52,4917.4,596.0,4677.0,4410.0,8,0
180.248,0.1251722222222222,0.0,0.45,0.054,0.142,0.121,343780.5,3608.6,635.0,509.0,7118.0,8,1
214.504,0.1489611111111111,0.0,0.386,0.142,0.138,0.148,346414.79,1570.2,0.0,513.0,2215.0,8,2
214.94,0.1492638888888889,0.0,0.482,0.138,0.138,0.144,344609.75,1613.8,0.0,526.0,2357.0,8,3
196.448,0.1364222222222222,0.0,0.386,0.138,0.146,0.142,344817.42,1448.0,0.0,481.0,1980.0,8,4
199.99,0.1388819444444444,0.0,0.58,0.146,0.118,0.144,346623.06,1670.8,0.0,489.0,1902.0,8,5
189.106,0.1313236111111111,0.0,0.45,0.118,0.084,0.14,345981.44,1616.4,0.0,464.0,1905.0,8,6
187.62,0.1302916666666666,0.0,0.492,0.0,0.25,0.14,346634.39,1685.8,0.0,489.0,1880.0,8,0
187.042,0.1298902777777777,0.0,0.426,0.25,0.0,0.138,345669.53,1373.0,0.0,462.0,1844.0,8,1
183.836,0.1276638888888889,0.0,0.386,0.0,0.152,0.14,346854.98,1341.4,0.0,451.0,1789.0,8,2
177.966,0.1235875,0.0,0.39,0.152,0.0,0.14,347242.87,1274.4,0.0,441.0,1641.0,8,3
178.178,0.1237347222222222,0.0,0.434,0.1,0.244,0.14,347267.76,1290.2,0.0,439.0,1691.0,8,4
181.678,0.1261652777777777,0.0,0.492,0.244,0.154,0.142,348617.3,1295.2,0.0,442.0,1688.0,8,5
179.516,0.1246638888888888,0.0,0.48,0.154,0.0,0.138,347304.17,1292.8,0.0,445.0,1710.0,8,6
178.098,0.1236791666666666,0.0,0.38,0.0,0.0,0.14,347552.41,1287.8,0.0,440.0,1719.0,8,0
180.622,0.1254319444444444,0.0,0.392,0.0,0.154,0.14,346888.42,1300.8,0.0,442.0,1697.0,8,1
178.064,0.1236555555555555,0.0,0.418,0.242,0.0,0.141,347822.94,1272.0,0.0,437.0,1626.0,8,2
168.972,0.1173416666666666,0.0,0.382,0.0,0.0,0.136,346025.76,1223.6,0.0,432.0,1577.0,8,3
174.654,0.1212874999999999,0.0,0.492,0.0,0.262,0.14,346870.43,1255.8,0.0,438.0,1614.0,8,4
169.422,0.1176541666666666,0.0,0.514,0.262,0.376,0.14,348685.43,1196.4,0.0,419.0,1485.0,8,5
163.91,0.1138263888888888,0.0,0.396,0.378,0.0,0.137,347923.32,1190.0,0.0,404.0,1523.0,8,6
163.87,0.1137986111111111,0.0,0.458,0.0,0.0,0.134,347722.52,1164.0,0.0,422.0,1436.0,8,0
166.566,0.1156708333333333,0.0,0.388,0.0,0.146,0.138,347212.15,1205.6,0.0,420.0,1533.0,8,1
165.872,0.1151888888888889,0.0,0.492,0.144,0.126,0.134,346430.11,1199.8,0.0,399.0,1539.0,8,2
174.098,0.1209013888888888,0.0,0.41,0.126,0.124,0.14,346381.42,1260.0,0.0,432.0,1631.0,8,3
171.186,0.1188791666666666,0.0,0.382,0.122,0.15,0.138,346083.05,1260.0,0.0,430.0,1599.0,8,4
177.552,0.1232999999999999,0.0,0.396,0.154,0.0,0.138,346340.15,1276.2,0.0,435.0,1619.0,8,5
210.418,0.1462251563585823,0.0,0.532,0.0,0.0,0.146,345385.38,6404.0,2056.0,3733.0,12117.0,8,6
184.486,0.1281152777777777,0.0,0.634,0.0,0.276,0.11,345478.91,5374.8,950.0,521.0,10183.0,9,0
224.634,0.1559958333333333,0.0,0.604,0.276,0.144,0.126,344633.71,5963.8,4273.0,1206.0,6648.0,9,1
179.288,0.1245055555555555,0.0,0.554,0.116,0.13,0.106,345642.42,5930.8,1326.0,1902.0,10213.0,9,2
151.872,0.1054666666666666,0.0,0.726,0.21,0.236,0.09,343675.43,5262.8,2225.0,404.0,9408.0,9,3
147.236,0.1022472222222222,0.0,0.45,0.238,0.0,0.102,345010.45,3752.0,379.0,431.0,6943.0,9,4
238.292,0.1654805555555555,0.0,0.556,0.0,0.214,0.141,344649.28,7955.2,2948.0,6500.0,13400.0,9,5
176.444,0.1225305555555555,0.0,0.458,0.208,0.124,0.106,346447.71,5876.4,3612.0,1707.0,5976.0,9,6
160.574,0.1115097222222222,0.0,0.652,0.124,0.118,0.096,347589.83,5548.8,747.0,2293.0,9559.0,9,0
180.67,0.1254652777777777,0.0,0.624,0.112,0.0,0.104,345285.6,4988.8,236.0,453.0,7728.0,9,1
166.43,0.1155763888888889,0.0,0.444,0.0,0.076,0.1,344852.04,5554.8,1009.0,399.0,10281.0,9,2
192.038,0.1333597222222222,0.0,0.61,0.076,0.098,0.104,344303.72,4435.6,1005.0,417.0,7644.0,9,3
178.298,0.1238180555555555,0.0,0.74,0.098,0.09,0.106,345554.37,5968.2,1867.0,402.0,8738.0,9,4
186.192,0.1293,0.0,0.53,0.09,0.286,0.104,345779.35,6941.0,930.0,5433.0,11807.0,9,5
193.746,0.1345458333333333,0.0,0.598,0.284,0.176,0.09,345440.14,6818.4,4673.0,445.0,6538.0,9,6
136.118,0.0945263888888888,0.0,0.656,0.076,0.224,0.078,345968.51,7303.4,960.0,364.0,10322.0,9,0
156.06,0.108375,0.0,0.568,0.222,0.138,0.09,346966.2,5211.8,0.0,368.0,8249.0,9,1
177.168,0.1230333333333333,0.0,0.464,0.14,0.0,0.118,346545.61,6465.2,1910.0,3727.0,9371.0,9,2
189.376,0.1315111111111111,0.0,0.564,0.0,0.092,0.118,346071.08,6404.2,4202.0,357.0,7991.0,9,3
166.768,0.1158111111111111,0.0,0.748,0.086,0.108,0.112,346114.24,6449.4,1569.0,351.0,12367.0,9,4
156.204,0.108475,0.0,0.384,0.108,0.0,0.112,346455.53,5480.0,0.0,370.0,12477.0,9,5
206.262,0.1432375,0.0,0.598,0.0,0.118,0.126,346953.83,6566.8,4010.0,2381.0,8347.0,9,6
151.524,0.105225,0.0,0.414,0.22,0.0,0.11,345901.19,5778.2,1014.0,2448.0,10227.0,9,0
165.128,0.1146722222222222,0.0,0.57,0.094,0.0,0.116,345864.04,5305.2,0.0,2168.0,7920.0,9,1
173.472,0.1204666666666666,0.0,0.514,0.0,0.094,0.11,345781.14,7245.6,2019.0,4730.0,10548.0,9,2
173.77,0.1206736111111111,0.0,0.436,0.094,0.0,0.104,346018.07,4815.0,1012.0,751.0,8485.0,9,3
211.572,0.146925,0.0,0.716,0.0,0.0,0.114,346166.82,6105.0,1221.0,370.0,10890.0,9,4
257.04,0.1785,0.0,0.738,0.0,0.242,0.132,345810.93,9012.4,4347.0,2584.0,12688.0,9,5
163.968,0.1138666666666666,0.0,0.466,0.242,0.082,0.098,346000.92,7314.6,1920.0,385.0,11242.0,9,6
199.432,0.1384944444444444,0.0,0.538,0.084,0.084,0.118,345980.19,6349.6,1014.0,363.0,10677.0,9,0
155.092,0.1077027777777777,0.0,0.768,0.084,0.098,0.104,346440.63,5795.6,998.0,360.0,7415.0,9,1
181.256,0.1258722222222222,0.0,0.59,0.098,0.102,0.102,347225.2,7894.2,2249.0,5800.0,10808.0,10,2
153.676,0.1067194444444444,0.0,0.618,0.182,0.0,0.08,346072.67,5686.0,0.0,367.0,9060.0,10,3
158.598,0.1101375,0.0,0.916,0.0,0.198,0.09,345372.49,6833.8,4801.0,349.0,9432.0,10,4
216.2,0.1501388888888888,0.0,0.61,0.2,0.1,0.108,345851.14,8848.6,3462.0,629.0,12573.0,10,5
146.296,0.1015944444444444,0.0,0.502,0.1,0.0,0.096,345798.06,6529.2,990.0,3257.0,6071.0,10,6
125.204,0.0869472222222222,0.0,0.414,0.0,0.322,0.078,344331.47000000003,6071.6,990.0,286.0,9562.0,10,0
187.234,0.1300236111111111,0.0,0.696,0.316,0.244,0.098,343948.13,7439.2,1016.0,419.0,9476.0,10,1
152.41,0.1058402777777777,0.0,0.444,0.244,0.114,0.088,345670.58,7821.0,1044.0,5126.0,11650.0,10,2
181.9,0.1263194444444444,0.0,0.56,0.112,0.368,0.108,344556.61,8369.8,1032.0,3064.0,11652.0,10,3
148.044,0.1028083333333333,0.0,0.764,0.368,0.0,0.092,345074.19,6389.0,0.0,389.0,12046.0,10,4
154.848,0.1075333333333333,0.0,0.466,0.0,0.096,0.084,344422.97,7064.6,2144.0,2335.0,11373.0,10,5
161.806,0.1123652777777777,0.0,0.506,0.0,0.078,0.094,345818.22,8085.8,2561.0,5822.0,7171.0,10,6
147.894,0.1027041666666666,0.0,0.486,0.08,0.074,0.096,346765.57,6126.2,1037.0,535.0,9483.0,10,0
164.286,0.1140875,0.0,0.692,0.0,0.224,0.086,344470.65,6811.4,1177.0,442.0,9939.0,10,1
168.462,0.1169875,0.0,0.406,0.144,0.228,0.102,344889.78,9112.6,1998.0,7042.0,9984.0,10,2
136.84,0.0950277777777777,0.0,0.388,0.23,0.06,0.08,344538.5,6712.2,951.0,429.0,8438.0,10,3
153.522,0.1066125,0.0,0.694,0.058,0.0,0.082,345668.58,7885.2,2036.0,3187.0,9639.0,10,4
162.628,0.1129361111111111,0.0,0.606,0.0,0.59,0.086,345363.02,9427.8,799.0,1655.0,12146.0,10,5
181.596,0.1261083333333333,0.0,0.644,0.588,0.094,0.088,345661.27,8359.6,698.0,8010.0,4600.0,10,6
137.812,0.0957027777777777,0.0,0.48,0.094,0.226,0.078,346222.79,6998.8,844.0,2648.0,10475.0,10,0
152.344,0.1057944444444444,0.0,0.686,0.1,0.0,0.081,345212.19,8756.4,857.0,2663.0,11331.0,10,1
149.344,0.1037111111111111,0.0,0.496,0.0,0.0,0.092,346774.7,6965.2,662.0,2542.0,8487.0,10,2
161.208,0.11195,0.0,0.818,0.0,0.206,0.084,346174.62,7739.4,815.0,1435.0,10587.0,10,3
168.014,0.1166763888888889,0.0,0.506,0.202,0.08,0.094,346195.72,9024.4,7893.0,2277.0,10284.0,10,4
111.238,0.0796263421617752,0.0,0.53,0.08,0.05,0.064,336621.16,6363.0,737.0,394.0,13433.0,10,5
115.53,0.0802291666666666,0.0,0.324,0.0,0.082,0.064,348657.79,2158.8,0.0,360.0,2013.0,10,6
128.978,0.0895680555555555,0.0,0.322,0.082,0.056,0.064,348808.4,2173.2,0.0,402.0,1967.0,10,0
145.076,0.1007472222222222,0.0,0.636,0.056,0.218,0.068,347510.58,5548.6,2263.0,362.0,5090.0,10,1
133.282,0.0925569444444444,0.0,0.494,0.216,0.062,0.068,348177.02,6630.2,1037.0,345.0,4015.0,10,2
123.028,0.0854361111111111,0.0,0.582,0.062,0.0,0.066,348599.94,4713.6,0.0,345.0,2619.0,10,3
104.348,0.0724638888888888,0.0,0.31,0.0,0.184,0.064,347514.87,5423.6,0.0,312.0,10483.0,10,4
113.672,0.0789388888888888,0.0,0.33,0.184,0.084,0.058,348206.74,3781.0,0.0,344.0,1939.0,11,5
120.472,0.0836611111111111,0.0,0.378,0.084,0.056,0.062,348704.27,4124.2,0.0,346.0,2824.0,11,6
115.248,0.0800333333333333,0.0,0.322,0.058,0.0,0.062,348141.77,3837.6,963.0,347.0,1892.0,11,0
121.476,0.0843583333333333,0.0,0.488,0.0,0.056,0.068,346755.52,6699.4,0.0,6214.0,4106.0,11,1
257.82,0.1790416666666666,0.0,0.886,0.078,0.076,0.12,344852.31,13304.4,7597.0,10409.0,8362.0,11,2
181.468,0.1260194444444444,0.0,0.634,0.068,0.102,0.098,346161.91,6806.4,1033.0,430.0,6734.0,11,3
109.988,0.0763805555555555,0.0,0.568,0.102,0.056,0.062,345242.57,6846.6,1032.0,389.0,10421.0,11,4
133.168,0.0924777777777777,0.0,0.63,0.06,0.158,0.073,344603.56,7350.8,1114.0,3271.0,6069.0,11,5
210.946,0.1464902777777778,0.0,0.674,0.084,0.092,0.108,343373.86,10974.2,6301.0,661.0,14348.0,11,6
155.49,0.1084309623430962,0.0,0.682,0.094,0.136,0.076,343661.32,8858.6,1023.0,355.0,10285.0,11,0
128.08,0.0889444444444444,0.0,0.536,0.136,0.086,0.072,345425.32,10344.0,2475.0,2288.0,14651.0,11,1
158.816,0.110442280945758,0.0,0.602,0.084,0.056,0.08,345676.45,9129.4,1066.0,2712.0,9430.0,11,2
125.424,0.0871,0.0,0.68,0.058,0.05,0.064,347901.01,5223.2,0.0,338.0,6315.0,11,3
127.894,0.0888152777777777,0.0,0.626,0.05,0.186,0.066,347071.42,6848.0,2092.0,325.0,9929.0,11,4
165.16,0.1146944444444444,0.0,0.698,0.186,0.0,0.07,343633.13,12907.0,3952.0,3799.0,15635.0,11,5
163.13,0.1132847222222222,0.0,0.62,0.0,0.054,0.088,346311.56,9963.4,4791.0,1829.0,8945.0,11,6
118.874,0.0825513888888888,0.0,0.422,0.06,0.088,0.062,347234.3,6353.4,0.0,378.0,10590.0,11,0
139.282,0.0967236111111111,0.0,0.576,0.09,0.07,0.064,345458.94,7404.2,1079.0,369.0,11204.0,11,1
166.452,0.1155916666666666,0.0,0.818,0.07,0.07,0.076,346377.05,7794.6,1737.0,3026.0,8704.0,11,2
121.192,0.0841611111111111,0.0,0.442,0.07,0.0,0.068,345338.09,7177.6,1034.0,347.0,7732.0,11,3
127.554,0.0885791666666666,0.0,0.574,0.0,0.086,0.068,345496.8,7123.0,1039.0,348.0,10396.0,11,4
124.868,0.0867138888888888,0.0,0.59,0.084,0.118,0.068,345213.81,7271.4,1093.0,882.0,8320.0,11,5
206.944,0.143810979847116,0.0,0.646,0.118,0.0,0.114,344136.08,14463.6,3631.0,8823.0,10272.0,11,6
121.618,0.0844569444444444,0.0,0.48,0.0,0.064,0.074,346117.66,13371.0,1063.0,510.0,13378.0,11,0
150.564,0.1045583333333333,0.0,0.57,0.064,0.058,0.072,346940.07,11266.4,3010.0,345.0,10471.0,11,1
119.996,0.0833305555555555,0.0,0.472,0.058,0.0,0.07,349057.29,6273.2,909.0,304.0,10002.0,11,2
126.218,0.0876513888888888,0.0,0.56,0.052,0.08,0.072,347673.62,9851.2,2491.0,330.0,12440.0,11,3
128.426,0.0891847222222222,0.0,0.626,0.08,0.08,0.068,350015.78,7789.8,1113.0,295.0,11361.0,11,4
166.51,0.1156319444444444,0.0,0.702,0.088,0.078,0.081,347386.69,10157.2,5268.0,2392.0,12386.0,11,5
170.904,0.1186833333333333,0.0,0.65,0.078,0.088,0.084,349019.37,10016.0,1161.0,3481.0,11474.0,11,6
118.678,0.0824152777777777,0.0,0.342,0.138,0.062,0.066,350562.01,6852.2,1085.0,309.0,9013.0,12,0
145.908,0.1013249999999999,0.0,0.76,0.06,0.088,0.07,350466.29,7509.8,0.0,304.0,11343.0,12,1
124.722,0.0866125,0.0,0.53,0.088,0.064,0.07,350472.57,7300.2,1137.0,302.0,9664.0,12,2
113.99,0.0791597222222222,0.0,0.36,0.062,0.074,0.066,350586.92,7234.2,1085.0,281.0,11314.0,12,3
120.026,0.0833513888888888,0.0,0.598,0.18,0.076,0.066,349885.31,8593.4,831.0,310.0,9852.0,12,4
188.144,0.1306555555555555,0.0,0.796,0.074,0.146,0.09,347236.65,10596.0,4005.0,5749.0,9048.0,12,5
180.224,0.1251555555555555,0.0,0.582,0.142,0.15,0.092,348823.5,10306.6,3294.0,310.0,13627.0,12,6
120.782,0.0838763888888888,0.0,0.52,0.148,0.048,0.066,350973.53,7751.8,1117.0,296.0,13256.0,12,0
132.516,0.092025,0.0,0.598,0.048,0.048,0.07,350720.14,8291.0,1985.0,2553.0,12886.0,12,1
137.006,0.1000043795620437,0.0,0.63,0.052,0.08,0.076,333596.17,8726.2,1128.0,4144.0,10889.0,12,2
114.916,0.0798027777777777,0.0,0.558,0.086,0.062,0.064,350522.44,5935.6,1160.0,273.0,7979.0,12,3
139.342,0.0967652777777777,0.0,0.674,0.062,0.048,0.07,349981.95,7519.2,1157.0,255.0,12154.0,12,4
163.278,0.1133874999999999,0.0,0.744,0.048,0.0,0.07,347815.51,7663.4,2186.0,261.0,9271.0,12,5
164.014,0.1138986111111111,0.0,0.572,0.052,0.0,0.092,347936.83,8469.4,3742.0,2497.0,5415.0,12,6
113.744,0.0789888888888888,0.0,0.586,0.0,0.0,0.067,349976.45,7475.0,1178.0,252.0,9668.0,12,0
114.598,0.0795819444444444,0.0,0.61,0.0,0.0,0.068,351187.06,7477.4,0.0,253.0,11334.0,12,1
136.216,0.0945944444444444,0.0,0.714,0.0,0.048,0.068,350371.46,8755.6,4251.0,284.0,10813.0,12,2
118.07,0.0819930555555555,0.0,0.436,0.052,0.244,0.07,349717.05,7184.6,1125.0,258.0,11293.0,12,3
132.154,0.0917736111111111,0.0,0.768,0.23,0.248,0.064,348287.29,7891.4,1538.0,296.0,11773.0,12,4
160.69,0.1116678248783877,0.0,0.584,0.25,0.08,0.078,349052.47,9353.2,1132.0,6479.0,12819.0,12,5
135.072,0.0938,0.0,0.52,0.136,0.332,0.068,348076.92,11034.2,1099.0,9189.0,14816.0,12,6
124.87,0.0867152777777777,0.0,0.732,0.336,0.26,0.064,348284.87,8434.2,2157.0,391.0,10433.0,12,0
151.08,0.1049166666666666,0.0,0.696,0.26,0.0,0.088,348149.59,7561.0,2666.0,2115.0,8326.0,12,1
115.318,0.0800819444444444,0.0,0.514,0.0,0.2,0.066,351303.3,5232.4,0.0,364.0,9981.0,12,2
116.882,0.0811680555555555,0.0,0.714,0.202,0.0,0.068,350255.61,4375.6,0.0,285.0,3598.0,12,3
124.222,0.0862652777777777,0.0,0.652,0.0,0.068,0.07,351869.27,5041.0,1121.0,279.0,7796.0,12,4
118.132,0.0820361111111111,0.0,0.432,0.066,0.25,0.072,350369.13,12141.8,0.0,244.0,12209.0,12,5
112.248,0.07795,0.0,0.42,0.252,0.048,0.066,352166.95,6364.8,1953.0,217.0,5291.0,12,6
91.638,0.0636375,0.0,0.348,0.048,0.0,0.06,352734.85,2273.6,0.0,218.0,2480.0,12,0
113.206,0.0786152777777777,0.0,0.628,0.0,0.06,0.068,352278.96,4898.6,0.0,245.0,7145.0,12,1
129.272,0.0897722222222222,0.0,0.4,0.058,0.062,0.07,350347.13,8190.2,2975.0,246.0,11860.0,12,2
